relative_path,label,class_name,client_id,split,group_id,leaf_group_id,scenario,alpha,quantity_alpha,feature_skew,seed,domain_id
Apple___Apple_scab/0340dc35-5215-48ab-8db7-06af99fcb358___FREC_Scab 2966.JPG,0,Apple___Apple_scab,3,train,partition::00000614,Apple___Apple_scab:::13,quantity_skew,0.1,0.1,none,42,-1
Apple___Apple_scab/0b4a52e3-e15e-4117-b2e8-7cdb5dca3ce9___FREC_Scab 3137.JPG,0,Apple___Apple_scab,3,train,partition::00000397,Apple___Apple_scab:::44,quantity_skew,0.1,0.1,none,42,-1
Apple___Apple_scab/3c2f46e3-9f96-4912-a9d5-7a046aa6a1b2___FREC_Scab 2967.JPG,0,Apple___Apple_scab,3,train,partition::00000614,Apple___Apple_scab:::13,quantity_skew,0.1,0.1,none,42,-1
Apple___Apple_scab/3eb26abb-a392-4cc4-9be2-d5e4bb8f3660___FREC_Scab 2969.JPG,0,Apple___Apple_scab,3,train,partition::00000614,Apple___Apple_scab:::13,quantity_skew,0.1,0.1,none,42,-1
Apple___Apple_scab/40d60cf0-1311-40c7-9e7e-579e74c92027___FREC_Scab 3136.JPG,0,Apple___Apple_scab,3,train,partition::00000397,Apple___Apple_scab:::44,quantity_skew,0.1,0.1,none,42,-1
Apple___Apple_scab/7b17fb27-2af4-4c90-b499-0c0658ba7262___FREC_Scab 2943.JPG,0,Apple___Apple_scab,3,train,partition::00000590,Apple___Apple_scab:::8,quantity_skew,0.1,0.1,none,42,-1
Apple___Apple_scab/7bc2b2d5-b2b6-4ac2-9bbe-322ce8d7d9bb___FREC_Scab 2944.JPG,0,Apple___Apple_scab,3,train,partition::00000590,Apple___Apple_scab:::8,quantity_skew,0.1,0.1,none,42,-1
Apple___Apple_scab/83d10707-6253-4717-8c8a-6ea3ebb1e0e1___FREC_Scab 3138.JPG,0,Apple___Apple_scab,3,train,partition::00000397,Apple___Apple_scab:::44,quantity_skew,0.1,0.1,none,42,-1
Apple___Apple_scab/919f1400-c9b6-4343-9708-0e70deabb85d___FREC_Scab 2941.JPG,0,Apple___Apple_scab,3,train,partition::00000590,Apple___Apple_scab:::8,quantity_skew,0.1,0.1,none,42,-1
Apple___Apple_scab/a2d4e28d-efb1-4b5c-8f39-de90392f007a___FREC_Scab 3139.JPG,0,Apple___Apple_scab,3,train,partition::00000397,Apple___Apple_scab:::44,quantity_skew,0.1,0.1,none,42,-1
Apple___Apple_scab/b4162101-daaa-4e98-bd83-e00f38cf5946___FREC_Scab 2968.JPG,0,Apple___Apple_scab,3,train,partition::00000614,Apple___Apple_scab:::13,quantity_skew,0.1,0.1,none,42,-1
Apple___Apple_scab/e6fcead3-7234-4e51-80fc-056372588d85___FREC_Scab 2940.JPG,0,Apple___Apple_scab,3,train,partition::00000590,Apple___Apple_scab:::8,quantity_skew,0.1,0.1,none,42,-1
Apple___Apple_scab/f0d56524-1296-4a54-bafa-9b620baf9f1d___FREC_Scab 2942.JPG,0,Apple___Apple_scab,3,train,partition::00000590,Apple___Apple_scab:::8,quantity_skew,0.1,0.1,none,42,-1
Apple___Apple_scab/f957b91b-878a-4f53-b8b5-a8bf7fa2c773___FREC_Scab 2970.JPG,0,Apple___Apple_scab,3,train,partition::00000614,Apple___Apple_scab:::13,quantity_skew,0.1,0.1,none,42,-1
Apple___Black_rot/02168189-aa75-4284-a7f0-8ca5901ea783___JR_FrgE.S 2948.JPG,1,Apple___Black_rot,3,train,partition::00000635,img::D:/university/do-an-tot-nghiep/train-gd-2/PlantVillage-Dataset/raw/color/Apple___Black_rot/02168189-aa75-4284-a7f0-8ca5901ea783___JR_FrgE.S 2948.JPG,quantity_skew,0.1,0.1,none,42,-1
Apple___Black_rot/05fb01a0-fd64-4b3d-a512-c0bda181811e___JR_FrgE.S 2889.JPG,1,Apple___Black_rot,3,train,partition::00000646,img::D:/university/do-an-tot-nghiep/train-gd-2/PlantVillage-Dataset/raw/color/Apple___Black_rot/05fb01a0-fd64-4b3d-a512-c0bda181811e___JR_FrgE.S 2889.JPG,quantity_skew,0.1,0.1,none,42,-1
Apple___Black_rot/17a083f1-5ba6-4f0c-917a-738b568f22ef___JR_FrgE.S 8612.JPG,1,Apple___Black_rot,3,train,partition::00000682,img::D:/university/do-an-tot-nghiep/train-gd-2/PlantVillage-Dataset/raw/color/Apple___Black_rot/17a083f1-5ba6-4f0c-917a-738b568f22ef___JR_FrgE.S 8612.JPG,quantity_skew,0.1,0.1,none,42,-1
Apple___Black_rot/330224ac-f2e0-4ace-ad1c-0f163894eaae___JR_FrgE.S 3083.JPG,1,Apple___Black_rot,3,train,partition::00000736,img::D:/university/do-an-tot-nghiep/train-gd-2/PlantVillage-Dataset/raw/color/Apple___Black_rot/330224ac-f2e0-4ace-ad1c-0f163894eaae___JR_FrgE.S 3083.JPG,quantity_skew,0.1,0.1,none,42,-1
Apple___Black_rot/39c257ad-8334-45e7-a4e1-f131bb4a7eee___JR_FrgE.S 3023.JPG,1,Apple___Black_rot,3,train,partition::00000752,img::D:/university/do-an-tot-nghiep/train-gd-2/PlantVillage-Dataset/raw/color/Apple___Black_rot/39c257ad-8334-45e7-a4e1-f131bb4a7eee___JR_FrgE.S 3023.JPG,quantity_skew,0.1,0.1,none,42,-1
Apple___Black_rot/47800fc6-b681-46ab-aec3-01076d650c5d___JR_FrgE.S 3051.JPG,1,Apple___Black_rot,3,train,partition::00000780,img::D:/university/do-an-tot-nghiep/train-gd-2/PlantVillage-Dataset/raw/color/Apple___Black_rot/47800fc6-b681-46ab-aec3-01076d650c5d___JR_FrgE.S 3051.JPG,quantity_skew,0.1,0.1,none,42,-1
Apple___Black_rot/9d79342d-4445-42d1-878c-7f0c91e285fe___JR_FrgE.S 3011.JPG,1,Apple___Black_rot,3,train,partition::00001004,img::D:/university/do-an-tot-nghiep/train-gd-2/PlantVillage-Dataset/raw/color/Apple___Black_rot/9d79342d-4445-42d1-878c-7f0c91e285fe___JR_FrgE.S 3011.JPG,quantity_skew,0.1,0.1,none,42,-1
Apple___Black_rot/bc6642f0-62ee-419c-90c8-e1e2f19aaecb___JR_FrgE.S 2907.JPG,1,Apple___Black_rot,3,train,partition::00001083,img::D:/university/do-an-tot-nghiep/train-gd-2/PlantVillage-Dataset/raw/color/Apple___Black_rot/bc6642f0-62ee-419c-90c8-e1e2f19aaecb___JR_FrgE.S 2907.JPG,quantity_skew,0.1,0.1,none,42,-1
Apple___Black_rot/be00705f-de03-4448-b186-fc47e39859a2___JR_FrgE.S 8811.JPG,1,Apple___Black_rot,3,train,partition::00001087,img::D:/university/do-an-tot-nghiep/train-gd-2/PlantVillage-Dataset/raw/color/Apple___Black_rot/be00705f-de03-4448-b186-fc47e39859a2___JR_FrgE.S 8811.JPG,quantity_skew,0.1,0.1,none,42,-1
Apple___Black_rot/c4833395-fa04-4b3a-89f1-6fbc5c3d7d18___JR_FrgE.S 2866.JPG,1,Apple___Black_rot,3,train,partition::00001099,img::D:/university/do-an-tot-nghiep/train-gd-2/PlantVillage-Dataset/raw/color/Apple___Black_rot/c4833395-fa04-4b3a-89f1-6fbc5c3d7d18___JR_FrgE.S 2866.JPG,quantity_skew,0.1,0.1,none,42,-1
Apple___Black_rot/cd4907f8-168a-405b-ae16-599e6e621dca___JR_FrgE.S 8619.JPG,1,Apple___Black_rot,3,train,partition::00001116,img::D:/university/do-an-tot-nghiep/train-gd-2/PlantVillage-Dataset/raw/color/Apple___Black_rot/cd4907f8-168a-405b-ae16-599e6e621dca___JR_FrgE.S 8619.JPG,quantity_skew,0.1,0.1,none,42,-1
Apple___Black_rot/d7927614-3b3e-4ba5-8564-2ae4a1f25132___JR_FrgE.S 2812.JPG,1,Apple___Black_rot,3,train,partition::00001145,img::D:/university/do-an-tot-nghiep/train-gd-2/PlantVillage-Dataset/raw/color/Apple___Black_rot/d7927614-3b3e-4ba5-8564-2ae4a1f25132___JR_FrgE.S 2812.JPG,quantity_skew,0.1,0.1,none,42,-1
Apple___Black_rot/e11f6e9d-abff-4da2-864e-45f9aa2df34b___JR_FrgE.S 3072.JPG,1,Apple___Black_rot,3,train,partition::00001164,img::D:/university/do-an-tot-nghiep/train-gd-2/PlantVillage-Dataset/raw/color/Apple___Black_rot/e11f6e9d-abff-4da2-864e-45f9aa2df34b___JR_FrgE.S 3072.JPG,quantity_skew,0.1,0.1,none,42,-1
Apple___Black_rot/ee7a3b7f-0bda-47e7-b211-734166bb6973___JR_FrgE.S 3030.JPG,1,Apple___Black_rot,3,train,partition::00001196,img::D:/university/do-an-tot-nghiep/train-gd-2/PlantVillage-Dataset/raw/color/Apple___Black_rot/ee7a3b7f-0bda-47e7-b211-734166bb6973___JR_FrgE.S 3030.JPG,quantity_skew,0.1,0.1,none,42,-1
Apple___Black_rot/f9b7fc98-caee-4bb1-ae7b-1e9981ba6d72___JR_FrgE.S 2990.JPG,1,Apple___Black_rot,3,train,partition::00001231,img::D:/university/do-an-tot-nghiep/train-gd-2/PlantVillage-Dataset/raw/color/Apple___Black_rot/f9b7fc98-caee-4bb1-ae7b-1e9981ba6d72___JR_FrgE.S 2990.JPG,quantity_skew,0.1,0.1,none,42,-1
Apple___Cedar_apple_rust/1440b8ad-ba66-44dc-aeff-13515fe5eb68___FREC_C.Rust 3816.JPG,2,Apple___Cedar_apple_rust,3,train,partition::00001521,Apple___Cedar_apple_rust:::31,quantity_skew,0.1,0.1,none,42,-1
Apple___Cedar_apple_rust/31cd0e16-01aa-442a-af4d-1162ac8a7b81___FREC_C.Rust 9889.JPG,2,Apple___Cedar_apple_rust,3,train,partition::00001395,Apple___Cedar_apple_rust:::62,quantity_skew,0.1,0.1,none,42,-1
Apple___Cedar_apple_rust/78821840-5d27-43ae-b830-c54e9f84432d___FREC_C.Rust 9891.JPG,2,Apple___Cedar_apple_rust,3,train,partition::00001395,Apple___Cedar_apple_rust:::62,quantity_skew,0.1,0.1,none,42,-1
Apple___Cedar_apple_rust/85eb91f6-f8f0-438e-afbc-ca12551ee404___FREC_C.Rust 9884.JPG,2,Apple___Cedar_apple_rust,3,train,partition::00001395,Apple___Cedar_apple_rust:::62,quantity_skew,0.1,0.1,none,42,-1
Apple___Cedar_apple_rust/8e4fc487-528e-4ff9-94dd-165332126018___FREC_C.Rust 9890.JPG,2,Apple___Cedar_apple_rust,3,train,partition::00001395,Apple___Cedar_apple_rust:::62,quantity_skew,0.1,0.1,none,42,-1
Apple___Cedar_apple_rust/9360a196-fc3f-495e-ab9b-1803bcd87921___FREC_C.Rust 3818.JPG,2,Apple___Cedar_apple_rust,3,train,partition::00001521,Apple___Cedar_apple_rust:::31,quantity_skew,0.1,0.1,none,42,-1
Apple___Cedar_apple_rust/96bec7bd-9c12-4284-a298-d20379abb4a2___FREC_C.Rust 3815.JPG,2,Apple___Cedar_apple_rust,3,train,partition::00001521,Apple___Cedar_apple_rust:::31,quantity_skew,0.1,0.1,none,42,-1
Apple___Cedar_apple_rust/fcfc7057-7de6-466b-9f7e-9b767deaf266___FREC_C.Rust 3807.JPG,2,Apple___Cedar_apple_rust,3,train,partition::00001521,Apple___Cedar_apple_rust:::31,quantity_skew,0.1,0.1,none,42,-1
Apple___healthy/01efa999-757d-487e-8250-27c7854c0ca8___RS_HL 7515.JPG,3,Apple___healthy,3,train,partition::00003050,Apple___healthy:::165,quantity_skew,0.1,0.1,none,42,-1
Apple___healthy/036e9351-118e-4795-9f80-74c369b98c88___RS_HL 7513.JPG,3,Apple___healthy,3,train,partition::00003050,Apple___healthy:::165,quantity_skew,0.1,0.1,none,42,-1
Apple___healthy/0eceac69-c7bf-4e9e-a249-7ae23dcf065f___RS_HL 5888.JPG,3,Apple___healthy,3,train,partition::00003137,Apple___healthy:::42,quantity_skew,0.1,0.1,none,42,-1
Apple___healthy/14828181-53d0-4dfb-92b1-d7a52602f3cb___RS_HL 7517.JPG,3,Apple___healthy,3,train,partition::00003050,Apple___healthy:::165,quantity_skew,0.1,0.1,none,42,-1
Apple___healthy/2363daeb-88d5-43f3-925b-be7360c10394___RS_HL 5828.JPG,3,Apple___healthy,3,train,partition::00003134,Apple___healthy:::32,quantity_skew,0.1,0.1,none,42,-1
Apple___healthy/2a485bb5-c59f-4af0-837a-063b60e0c3c8___RS_HL 6025.JPG,3,Apple___healthy,3,train,partition::00003025,Apple___healthy:::64,quantity_skew,0.1,0.1,none,42,-1
Apple___healthy/36980863-22cb-4e05-a1f6-53039a89993a___RS_HL 5934.JPG,3,Apple___healthy,3,train,partition::00002758,Apple___healthy:::49,quantity_skew,0.1,0.1,none,42,-1
Apple___healthy/3a80eee6-d03a-4ac9-8f73-5f251f568840___RS_HL 5935.JPG,3,Apple___healthy,3,train,partition::00002758,Apple___healthy:::49,quantity_skew,0.1,0.1,none,42,-1
Apple___healthy/48beab72-35ef-4711-ad53-579bfaf787d3___RS_HL 6230.JPG,3,Apple___healthy,3,train,partition::00003122,Apple___healthy:::98,quantity_skew,0.1,0.1,none,42,-1
Apple___healthy/4f915b76-fe41-4201-ae61-9c9ad7cbc94d___RS_HL 5933.JPG,3,Apple___healthy,3,train,partition::00002758,Apple___healthy:::49,quantity_skew,0.1,0.1,none,42,-1
Apple___healthy/5356ef92-e60f-4456-8687-f8b624d60b53___RS_HL 5829.JPG,3,Apple___healthy,3,train,partition::00003134,Apple___healthy:::32,quantity_skew,0.1,0.1,none,42,-1
Apple___healthy/5857071f-208a-40a0-85f2-6bc9f5a98fea___RS_HL 6026.JPG,3,Apple___healthy,3,train,partition::00003025,Apple___healthy:::64,quantity_skew,0.1,0.1,none,42,-1
Apple___healthy/5ac41a3d-ca1b-4215-a7a5-500d77acc67a___RS_HL 5931.JPG,3,Apple___healthy,3,train,partition::00002758,Apple___healthy:::49,quantity_skew,0.1,0.1,none,42,-1
Apple___healthy/5f83961d-85ba-4fed-9d97-dbf83c2965d9___RS_HL 6029.JPG,3,Apple___healthy,3,train,partition::00003025,Apple___healthy:::64,quantity_skew,0.1,0.1,none,42,-1
Apple___healthy/715ddd59-a49f-42e1-8eed-2c3dd29677fd___RS_HL 5832.JPG,3,Apple___healthy,3,train,partition::00003134,Apple___healthy:::32,quantity_skew,0.1,0.1,none,42,-1
Apple___healthy/74bda678-63b6-44fb-8e8f-259788239618___RS_HL 5830.JPG,3,Apple___healthy,3,train,partition::00003134,Apple___healthy:::32,quantity_skew,0.1,0.1,none,42,-1
Apple___healthy/7671e6ca-f9a9-4657-a96a-1bcf0df3abe7___RS_HL 6231.JPG,3,Apple___healthy,3,train,partition::00003122,Apple___healthy:::98,quantity_skew,0.1,0.1,none,42,-1
Apple___healthy/77b8d24a-27e6-410e-97ef-faacc60c5a10___RS_HL 5831.JPG,3,Apple___healthy,3,train,partition::00003134,Apple___healthy:::32,quantity_skew,0.1,0.1,none,42,-1
Apple___healthy/7f7a6126-8b21-49fd-8880-25ffd0234302___RS_HL 6027.JPG,3,Apple___healthy,3,train,partition::00003025,Apple___healthy:::64,quantity_skew,0.1,0.1,none,42,-1
Apple___healthy/8cf66a75-d71b-4808-a251-c929ecfa80bc___RS_HL 7514.JPG,3,Apple___healthy,3,train,partition::00003050,Apple___healthy:::165,quantity_skew,0.1,0.1,none,42,-1
Apple___healthy/9979c166-aa9e-4c63-af93-d9ad2b56bce2___RS_HL 5890.JPG,3,Apple___healthy,3,train,partition::00003137,Apple___healthy:::42,quantity_skew,0.1,0.1,none,42,-1
Apple___healthy/a3d2fcfa-645e-419e-91a5-ab626f5fab6c___RS_HL 5930.JPG,3,Apple___healthy,3,train,partition::00002758,Apple___healthy:::49,quantity_skew,0.1,0.1,none,42,-1
Apple___healthy/b3562453-945e-4462-8589-ec879c2a4102___RS_HL 5893.JPG,3,Apple___healthy,3,train,partition::00003137,Apple___healthy:::42,quantity_skew,0.1,0.1,none,42,-1
Apple___healthy/b39834e5-d836-4265-a2d6-bba7116efaa3___RS_HL 7518.JPG,3,Apple___healthy,3,train,partition::00003050,Apple___healthy:::165,quantity_skew,0.1,0.1,none,42,-1
Apple___healthy/b49f9a95-3672-4f62-9767-51a0f9825267___RS_HL 6232.JPG,3,Apple___healthy,3,train,partition::00003122,Apple___healthy:::98,quantity_skew,0.1,0.1,none,42,-1
Apple___healthy/b93cadc6-112d-40f1-bec9-60c88e79f919___RS_HL 6229.JPG,3,Apple___healthy,3,train,partition::00003122,Apple___healthy:::98,quantity_skew,0.1,0.1,none,42,-1
Apple___healthy/bd8417a5-84a7-4d6f-b71c-687c343d97f5___RS_HL 6028.JPG,3,Apple___healthy,3,train,partition::00003025,Apple___healthy:::64,quantity_skew,0.1,0.1,none,42,-1
Apple___healthy/becd7e46-f87c-46d0-a973-f957e99ba4b7___RS_HL 7519.JPG,3,Apple___healthy,3,train,partition::00003050,Apple___healthy:::165,quantity_skew,0.1,0.1,none,42,-1
Apple___healthy/bf5b3cf2-cc13-4fbd-b629-7a7f56afe59b___RS_HL 5932.JPG,3,Apple___healthy,3,train,partition::00002758,Apple___healthy:::49,quantity_skew,0.1,0.1,none,42,-1
Apple___healthy/bf8697bb-a12a-4488-9178-22180bde51e5___RS_HL 5889.JPG,3,Apple___healthy,3,train,partition::00003137,Apple___healthy:::42,quantity_skew,0.1,0.1,none,42,-1
Apple___healthy/cd320898-881e-4546-86fe-dd8676a88db8___RS_HL 7516.JPG,3,Apple___healthy,3,train,partition::00003050,Apple___healthy:::165,quantity_skew,0.1,0.1,none,42,-1
Apple___healthy/d6590bcb-cb7e-47c9-beb0-80785efb4046___RS_HL 6234.JPG,3,Apple___healthy,3,train,partition::00003122,Apple___healthy:::98,quantity_skew,0.1,0.1,none,42,-1
Apple___healthy/e662b14d-58f7-4347-98b7-ba9cbc1e858f___RS_HL 6024.JPG,3,Apple___healthy,3,train,partition::00003025,Apple___healthy:::64,quantity_skew,0.1,0.1,none,42,-1
Apple___healthy/ebfb312e-5c9c-40ed-a193-955439232491___RS_HL 7512.JPG,3,Apple___healthy,3,train,partition::00003050,Apple___healthy:::165,quantity_skew,0.1,0.1,none,42,-1
Apple___healthy/f7b5ebd2-2471-4a99-9944-e25696aa5fa8___RS_HL 6233.JPG,3,Apple___healthy,3,train,partition::00003122,Apple___healthy:::98,quantity_skew,0.1,0.1,none,42,-1
Apple___healthy/f8ac1022-aeb5-4d6c-a976-a4117a3c1b57___RS_HL 5892.JPG,3,Apple___healthy,3,train,partition::00003137,Apple___healthy:::42,quantity_skew,0.1,0.1,none,42,-1
Apple___healthy/f9368405-e343-4423-8288-9b7112352b16___RS_HL 5833.JPG,3,Apple___healthy,3,train,partition::00003134,Apple___healthy:::32,quantity_skew,0.1,0.1,none,42,-1
Apple___healthy/f995325a-1135-4bde-89a6-121b0fde8c6c___RS_HL 5891.JPG,3,Apple___healthy,3,train,partition::00003137,Apple___healthy:::42,quantity_skew,0.1,0.1,none,42,-1
Blueberry___healthy/04b13de1-c2bf-45ad-a04d-db4b7f7e6c7a___RS_HL 2534.JPG,4,Blueberry___healthy,3,train,partition::00004460,Blueberry___healthy:::95,quantity_skew,0.1,0.1,none,42,-1
Blueberry___healthy/0b344c16-456c-4085-aa61-6a1c4cb93632___RS_HL 2538.JPG,4,Blueberry___healthy,3,train,partition::00004460,Blueberry___healthy:::95,quantity_skew,0.1,0.1,none,42,-1
Blueberry___healthy/0c87d5fc-df11-4e63-9f07-5220444bef41___RS_HL 0410.JPG,4,Blueberry___healthy,3,train,partition::00004624,Blueberry___healthy:::13,quantity_skew,0.1,0.1,none,42,-1
Blueberry___healthy/13c40b2f-7bcc-44cb-b9e7-304aec526513___RS_HL 2541.JPG,4,Blueberry___healthy,3,train,partition::00004460,Blueberry___healthy:::95,quantity_skew,0.1,0.1,none,42,-1
Blueberry___healthy/1c00ac60-ea0a-456d-9fd0-5ecc73630310___RS_HL 2519.JPG,4,Blueberry___healthy,3,train,partition::00004234,Blueberry___healthy:::93,quantity_skew,0.1,0.1,none,42,-1
Blueberry___healthy/22a0258a-0a1e-4dd8-ad7d-346c4e3ab14c___RS_HL 0536.JPG,4,Blueberry___healthy,3,train,partition::00004328,Blueberry___healthy:::30,quantity_skew,0.1,0.1,none,42,-1
Blueberry___healthy/2ebf0a15-fd7b-4930-a035-dd4a5a6c4207___RS_HL 0540.JPG,4,Blueberry___healthy,3,train,partition::00004328,Blueberry___healthy:::30,quantity_skew,0.1,0.1,none,42,-1
Blueberry___healthy/35191ad1-ec13-4217-bb93-c9b987a91d55___RS_HL 0407.JPG,4,Blueberry___healthy,3,train,partition::00004624,Blueberry___healthy:::13,quantity_skew,0.1,0.1,none,42,-1
Blueberry___healthy/35a5780a-6e15-4283-bcda-3bf8b8474a25___RS_HL 0535.JPG,4,Blueberry___healthy,3,train,partition::00004328,Blueberry___healthy:::30,quantity_skew,0.1,0.1,none,42,-1
Blueberry___healthy/36193f6e-9233-4358-a441-664b38f0f5d6___RS_HL 2263.JPG,4,Blueberry___healthy,3,train,partition::00004575,Blueberry___healthy:::66,quantity_skew,0.1,0.1,none,42,-1
Blueberry___healthy/3be70599-901a-4290-9fd9-1cbbdc5b60cc___RS_HL 0537.JPG,4,Blueberry___healthy,3,train,partition::00004328,Blueberry___healthy:::30,quantity_skew,0.1,0.1,none,42,-1
Blueberry___healthy/3ea744b0-213f-4a04-a6a6-c8b2d96a061d___RS_HL 0409.JPG,4,Blueberry___healthy,3,train,partition::00004624,Blueberry___healthy:::13,quantity_skew,0.1,0.1,none,42,-1
Blueberry___healthy/3f10abbd-238e-4ef2-abdf-651e85a385e5___RS_HL 2520.JPG,4,Blueberry___healthy,3,train,partition::00004234,Blueberry___healthy:::93,quantity_skew,0.1,0.1,none,42,-1
Blueberry___healthy/5996d131-d64b-405a-ba06-2487f27b7ba8___RS_HL 0538.JPG,4,Blueberry___healthy,3,train,partition::00004328,Blueberry___healthy:::30,quantity_skew,0.1,0.1,none,42,-1
Blueberry___healthy/669bc3c2-37a3-4dd7-9219-9db679acb52e___RS_HL 2535.JPG,4,Blueberry___healthy,3,train,partition::00004460,Blueberry___healthy:::95,quantity_skew,0.1,0.1,none,42,-1
Blueberry___healthy/7011dd38-92ba-4324-bde3-69ab0bc870da___RS_HL 2526.JPG,4,Blueberry___healthy,3,train,partition::00004234,Blueberry___healthy:::93,quantity_skew,0.1,0.1,none,42,-1
Blueberry___healthy/71206b31-2fc9-4028-8840-e2682e94636d___RS_HL 0539.JPG,4,Blueberry___healthy,3,train,partition::00004328,Blueberry___healthy:::30,quantity_skew,0.1,0.1,none,42,-1
Blueberry___healthy/797cb475-f53d-44c8-9074-bf8a714b3765___RS_HL 0408.JPG,4,Blueberry___healthy,3,train,partition::00004624,Blueberry___healthy:::13,quantity_skew,0.1,0.1,none,42,-1
Blueberry___healthy/79f69c78-9de6-4abc-bc0f-a12fc6a3a580___RS_HL 2269.JPG,4,Blueberry___healthy,3,train,partition::00004575,Blueberry___healthy:::66,quantity_skew,0.1,0.1,none,42,-1
Blueberry___healthy/82daa463-34c9-4165-b045-c3a041bb43a9___RS_HL 2523.JPG,4,Blueberry___healthy,3,train,partition::00004234,Blueberry___healthy:::93,quantity_skew,0.1,0.1,none,42,-1
Blueberry___healthy/83173f0c-d3d6-49e0-ab94-7b2c55c70c06___RS_HL 2268.JPG,4,Blueberry___healthy,3,train,partition::00004575,Blueberry___healthy:::66,quantity_skew,0.1,0.1,none,42,-1
Blueberry___healthy/8e79873f-2d83-4620-9e80-6ce07fec6861___RS_HL 2266.JPG,4,Blueberry___healthy,3,train,partition::00004575,Blueberry___healthy:::66,quantity_skew,0.1,0.1,none,42,-1
Blueberry___healthy/93e02c2b-0ccb-43a9-b34d-07f6b83d62a7___RS_HL 2525.JPG,4,Blueberry___healthy,3,train,partition::00004234,Blueberry___healthy:::93,quantity_skew,0.1,0.1,none,42,-1
Blueberry___healthy/9ccecde4-2ccb-4fb8-9bfe-cc5ab85ca378___RS_HL 2536.JPG,4,Blueberry___healthy,3,train,partition::00004460,Blueberry___healthy:::95,quantity_skew,0.1,0.1,none,42,-1
Blueberry___healthy/ae5548aa-442e-4de0-a9b7-beeb7842f742___RS_HL 2522.JPG,4,Blueberry___healthy,3,train,partition::00004234,Blueberry___healthy:::93,quantity_skew,0.1,0.1,none,42,-1
Blueberry___healthy/b07eb659-c324-4501-9791-2de75f5923f9___RS_HL 2524.JPG,4,Blueberry___healthy,3,train,partition::00004234,Blueberry___healthy:::93,quantity_skew,0.1,0.1,none,42,-1
Blueberry___healthy/b98cab5f-75e2-4585-b0db-d3f5d978e17b___RS_HL 2521.JPG,4,Blueberry___healthy,3,train,partition::00004234,Blueberry___healthy:::93,quantity_skew,0.1,0.1,none,42,-1
Blueberry___healthy/be359185-6775-43a6-8958-2d3b72e846f0___RS_HL 2539.JPG,4,Blueberry___healthy,3,train,partition::00004460,Blueberry___healthy:::95,quantity_skew,0.1,0.1,none,42,-1
Blueberry___healthy/bf323218-e7fe-4b78-bd04-b3d212c2d15a___RS_HL 0413.JPG,4,Blueberry___healthy,3,train,partition::00004624,Blueberry___healthy:::13,quantity_skew,0.1,0.1,none,42,-1
Blueberry___healthy/c5307dbb-e262-46e1-a9ca-6e360642070c___RS_HL 2267.JPG,4,Blueberry___healthy,3,train,partition::00004575,Blueberry___healthy:::66,quantity_skew,0.1,0.1,none,42,-1
Blueberry___healthy/c7acd63c-8a71-4cf3-93c5-43de893a0fd4___RS_HL 0541.JPG,4,Blueberry___healthy,3,train,partition::00004328,Blueberry___healthy:::30,quantity_skew,0.1,0.1,none,42,-1
Blueberry___healthy/cc3cb2a7-a0e6-438b-b6f2-82478f914cac___RS_HL 2265.JPG,4,Blueberry___healthy,3,train,partition::00004575,Blueberry___healthy:::66,quantity_skew,0.1,0.1,none,42,-1
Blueberry___healthy/d466d43f-d557-4987-8ed6-ec602ff05062___RS_HL 2540.JPG,4,Blueberry___healthy,3,train,partition::00004460,Blueberry___healthy:::95,quantity_skew,0.1,0.1,none,42,-1
Blueberry___healthy/e036c3f5-aa88-4682-8797-38ae75a9d656___RS_HL 2537.JPG,4,Blueberry___healthy,3,train,partition::00004460,Blueberry___healthy:::95,quantity_skew,0.1,0.1,none,42,-1
Blueberry___healthy/e5f3e3b5-62f1-4ed0-a46f-e592bd606f5c___RS_HL 2264.JPG,4,Blueberry___healthy,3,train,partition::00004575,Blueberry___healthy:::66,quantity_skew,0.1,0.1,none,42,-1
Blueberry___healthy/e623ffc6-6ad2-43b4-84df-bd3a8ca46a14___RS_HL 0412.JPG,4,Blueberry___healthy,3,train,partition::00004624,Blueberry___healthy:::13,quantity_skew,0.1,0.1,none,42,-1
Blueberry___healthy/f135623d-8a31-4613-960f-9cfc565b6c40___RS_HL 2262.JPG,4,Blueberry___healthy,3,train,partition::00004575,Blueberry___healthy:::66,quantity_skew,0.1,0.1,none,42,-1
Blueberry___healthy/f950b682-f696-4c77-8d04-1c3cfd42ef5a___RS_HL 0411.JPG,4,Blueberry___healthy,3,train,partition::00004624,Blueberry___healthy:::13,quantity_skew,0.1,0.1,none,42,-1
Cherry_(including_sour)___Powdery_mildew/04e83ad6-5456-4b00-a293-5537b708950c___FREC_Pwd.M 4928.JPG,5,Cherry_(including_sour)___Powdery_mildew,3,train,partition::00005696,Cherry_(including_sour)___Powdery_mildew:::42,quantity_skew,0.1,0.1,none,42,-1
Cherry_(including_sour)___Powdery_mildew/053340db-a887-46bf-99d3-367b8175efd3___FREC_Pwd.M 4938.JPG,5,Cherry_(including_sour)___Powdery_mildew,3,train,partition::00005696,Cherry_(including_sour)___Powdery_mildew:::42,quantity_skew,0.1,0.1,none,42,-1
Cherry_(including_sour)___Powdery_mildew/081459be-800b-428c-a45e-3431c10fab63___FREC_Pwd.M 5140.JPG,5,Cherry_(including_sour)___Powdery_mildew,3,train,partition::00004708,Cherry_(including_sour)___Powdery_mildew:::59,quantity_skew,0.1,0.1,none,42,-1
Cherry_(including_sour)___Powdery_mildew/0c22dfef-7413-4f46-b949-903d238678a3___FREC_Pwd.M 5094.JPG,5,Cherry_(including_sour)___Powdery_mildew,3,train,partition::00005724,Cherry_(including_sour)___Powdery_mildew:::50,quantity_skew,0.1,0.1,none,42,-1
Cherry_(including_sour)___Powdery_mildew/1428d87f-71ad-4dca-85b2-fa91aecaaa1d___FREC_Pwd.M 5082.JPG,5,Cherry_(including_sour)___Powdery_mildew,3,train,partition::00005724,Cherry_(including_sour)___Powdery_mildew:::50,quantity_skew,0.1,0.1,none,42,-1
Cherry_(including_sour)___Powdery_mildew/149ff7bd-8f36-4991-9c7b-e07e56e702ce___FREC_Pwd.M 4934.JPG,5,Cherry_(including_sour)___Powdery_mildew,3,train,partition::00005696,Cherry_(including_sour)___Powdery_mildew:::42,quantity_skew,0.1,0.1,none,42,-1
Cherry_(including_sour)___Powdery_mildew/15042e84-a171-479d-adb4-18c579b6a211___FREC_Pwd.M 5095.JPG,5,Cherry_(including_sour)___Powdery_mildew,3,train,partition::00005724,Cherry_(including_sour)___Powdery_mildew:::50,quantity_skew,0.1,0.1,none,42,-1
Cherry_(including_sour)___Powdery_mildew/1816815c-24b3-4da2-bc43-61f8a9a93e2d___FREC_Pwd.M 4937.JPG,5,Cherry_(including_sour)___Powdery_mildew,3,train,partition::00005696,Cherry_(including_sour)___Powdery_mildew:::42,quantity_skew,0.1,0.1,none,42,-1
Cherry_(including_sour)___Powdery_mildew/3f56f44a-0a1b-4bf7-abda-d1893f44abc3___FREC_Pwd.M 5090.JPG,5,Cherry_(including_sour)___Powdery_mildew,3,train,partition::00005724,Cherry_(including_sour)___Powdery_mildew:::50,quantity_skew,0.1,0.1,none,42,-1
Cherry_(including_sour)___Powdery_mildew/4e88b060-7419-4eb9-a429-db020ef20f0a___FREC_Pwd.M 5084.JPG,5,Cherry_(including_sour)___Powdery_mildew,3,train,partition::00005724,Cherry_(including_sour)___Powdery_mildew:::50,quantity_skew,0.1,0.1,none,42,-1
Cherry_(including_sour)___Powdery_mildew/523bfb48-39b8-4267-ade3-b457a91fbe46___FREC_Pwd.M 5088.JPG,5,Cherry_(including_sour)___Powdery_mildew,3,train,partition::00005724,Cherry_(including_sour)___Powdery_mildew:::50,quantity_skew,0.1,0.1,none,42,-1
Cherry_(including_sour)___Powdery_mildew/53f5ff98-f9b7-4eff-bfcd-1265e9e1fc0c___FREC_Pwd.M 5086.JPG,5,Cherry_(including_sour)___Powdery_mildew,3,train,partition::00005724,Cherry_(including_sour)___Powdery_mildew:::50,quantity_skew,0.1,0.1,none,42,-1
Cherry_(including_sour)___Powdery_mildew/59ba7560-f218-44c0-bf46-2019757ec591___FREC_Pwd.M 4923.JPG,5,Cherry_(including_sour)___Powdery_mildew,3,train,partition::00005696,Cherry_(including_sour)___Powdery_mildew:::42,quantity_skew,0.1,0.1,none,42,-1
Cherry_(including_sour)___Powdery_mildew/5eb34cce-2329-4c58-a86c-e69e79161a7b___FREC_Pwd.M 4939.JPG,5,Cherry_(including_sour)___Powdery_mildew,3,train,partition::00005696,Cherry_(including_sour)___Powdery_mildew:::42,quantity_skew,0.1,0.1,none,42,-1
Cherry_(including_sour)___Powdery_mildew/77989419-b1f4-4e7e-8e85-48edbd870d31___FREC_Pwd.M 4933.JPG,5,Cherry_(including_sour)___Powdery_mildew,3,train,partition::00005696,Cherry_(including_sour)___Powdery_mildew:::42,quantity_skew,0.1,0.1,none,42,-1
Cherry_(including_sour)___Powdery_mildew/80b27199-5f5a-48e0-8dd0-f75cf23e1519___FREC_Pwd.M 4927.JPG,5,Cherry_(including_sour)___Powdery_mildew,3,train,partition::00005696,Cherry_(including_sour)___Powdery_mildew:::42,quantity_skew,0.1,0.1,none,42,-1
Cherry_(including_sour)___Powdery_mildew/83360ba1-5577-4fcf-8a6d-8496431a862d___FREC_Pwd.M 4936.JPG,5,Cherry_(including_sour)___Powdery_mildew,3,train,partition::00005696,Cherry_(including_sour)___Powdery_mildew:::42,quantity_skew,0.1,0.1,none,42,-1
Cherry_(including_sour)___Powdery_mildew/87e0db60-4830-436a-ab50-5e5bfa10028f___FREC_Pwd.M 5080.JPG,5,Cherry_(including_sour)___Powdery_mildew,3,train,partition::00005724,Cherry_(including_sour)___Powdery_mildew:::50,quantity_skew,0.1,0.1,none,42,-1
Cherry_(including_sour)___Powdery_mildew/898cc60e-bae8-41c9-9695-cfafff82bce6___FREC_Pwd.M 5091.JPG,5,Cherry_(including_sour)___Powdery_mildew,3,train,partition::00005724,Cherry_(including_sour)___Powdery_mildew:::50,quantity_skew,0.1,0.1,none,42,-1
Cherry_(including_sour)___Powdery_mildew/9888b4cb-17f3-4aa4-9f8e-39ddd67d3110___FREC_Pwd.M 4940.JPG,5,Cherry_(including_sour)___Powdery_mildew,3,train,partition::00005696,Cherry_(including_sour)___Powdery_mildew:::42,quantity_skew,0.1,0.1,none,42,-1
Cherry_(including_sour)___Powdery_mildew/ab79b5ac-9d44-42c8-a745-25cca89aed90___FREC_Pwd.M 4925.JPG,5,Cherry_(including_sour)___Powdery_mildew,3,train,partition::00005696,Cherry_(including_sour)___Powdery_mildew:::42,quantity_skew,0.1,0.1,none,42,-1
Cherry_(including_sour)___Powdery_mildew/ac6dfdbf-88d8-41f3-ae2c-ac264c1be2f5___FREC_Pwd.M 5083.JPG,5,Cherry_(including_sour)___Powdery_mildew,3,train,partition::00005724,Cherry_(including_sour)___Powdery_mildew:::50,quantity_skew,0.1,0.1,none,42,-1
Cherry_(including_sour)___Powdery_mildew/b1db081a-33e4-4a6a-96ee-07ab2369c0f1___FREC_Pwd.M 4932.JPG,5,Cherry_(including_sour)___Powdery_mildew,3,train,partition::00005696,Cherry_(including_sour)___Powdery_mildew:::42,quantity_skew,0.1,0.1,none,42,-1
Cherry_(including_sour)___Powdery_mildew/b22853ce-86ca-4a0c-9a16-ce82e0817513___FREC_Pwd.M 4942.JPG,5,Cherry_(including_sour)___Powdery_mildew,3,train,partition::00005696,Cherry_(including_sour)___Powdery_mildew:::42,quantity_skew,0.1,0.1,none,42,-1
Cherry_(including_sour)___Powdery_mildew/bda9d7d5-617a-4159-92f2-a30a05396091___FREC_Pwd.M 4924.JPG,5,Cherry_(including_sour)___Powdery_mildew,3,train,partition::00005696,Cherry_(including_sour)___Powdery_mildew:::42,quantity_skew,0.1,0.1,none,42,-1
Cherry_(including_sour)___Powdery_mildew/beea0c7e-0e13-4852-ac62-4f393c51c9e0___FREC_Pwd.M 4941.JPG,5,Cherry_(including_sour)___Powdery_mildew,3,train,partition::00005696,Cherry_(including_sour)___Powdery_mildew:::42,quantity_skew,0.1,0.1,none,42,-1
Cherry_(including_sour)___Powdery_mildew/c86a51cc-d1a2-4fb2-b6b5-2866331631e9___FREC_Pwd.M 5089.JPG,5,Cherry_(including_sour)___Powdery_mildew,3,train,partition::00005724,Cherry_(including_sour)___Powdery_mildew:::50,quantity_skew,0.1,0.1,none,42,-1
Cherry_(including_sour)___Powdery_mildew/cf7647c6-0ec6-42d0-8885-b9f7697be34b___FREC_Pwd.M 4931.JPG,5,Cherry_(including_sour)___Powdery_mildew,3,train,partition::00005696,Cherry_(including_sour)___Powdery_mildew:::42,quantity_skew,0.1,0.1,none,42,-1
Cherry_(including_sour)___Powdery_mildew/d45b03fe-d4cc-470c-bb27-e8ced9b6468f___FREC_Pwd.M 5081.JPG,5,Cherry_(including_sour)___Powdery_mildew,3,train,partition::00005724,Cherry_(including_sour)___Powdery_mildew:::50,quantity_skew,0.1,0.1,none,42,-1
Cherry_(including_sour)___Powdery_mildew/d54fcec0-b210-4ab6-8b53-2e33ec81ea36___FREC_Pwd.M 5093.JPG,5,Cherry_(including_sour)___Powdery_mildew,3,train,partition::00005724,Cherry_(including_sour)___Powdery_mildew:::50,quantity_skew,0.1,0.1,none,42,-1
Cherry_(including_sour)___Powdery_mildew/de3c4897-eda8-4974-971d-4d88cbc5f893___FREC_Pwd.M 4935.JPG,5,Cherry_(including_sour)___Powdery_mildew,3,train,partition::00005696,Cherry_(including_sour)___Powdery_mildew:::42,quantity_skew,0.1,0.1,none,42,-1
Cherry_(including_sour)___Powdery_mildew/e83b2526-f0fb-4faf-88d5-c9f8e43d69d1___FREC_Pwd.M 4929.JPG,5,Cherry_(including_sour)___Powdery_mildew,3,train,partition::00005696,Cherry_(including_sour)___Powdery_mildew:::42,quantity_skew,0.1,0.1,none,42,-1
Cherry_(including_sour)___Powdery_mildew/e85d24e4-9a7b-42cb-95fe-d76ca9d86180___FREC_Pwd.M 4930.JPG,5,Cherry_(including_sour)___Powdery_mildew,3,train,partition::00005696,Cherry_(including_sour)___Powdery_mildew:::42,quantity_skew,0.1,0.1,none,42,-1
Cherry_(including_sour)___Powdery_mildew/f4c7b253-a8f2-4c9d-8eae-78afa364b30a___FREC_Pwd.M 5092.JPG,5,Cherry_(including_sour)___Powdery_mildew,3,train,partition::00005724,Cherry_(including_sour)___Powdery_mildew:::50,quantity_skew,0.1,0.1,none,42,-1
Cherry_(including_sour)___Powdery_mildew/f9dfbedf-66b4-4493-9ce9-6f6aca0cb152___FREC_Pwd.M 4926.JPG,5,Cherry_(including_sour)___Powdery_mildew,3,train,partition::00005696,Cherry_(including_sour)___Powdery_mildew:::42,quantity_skew,0.1,0.1,none,42,-1
Cherry_(including_sour)___Powdery_mildew/fffc6a5c-66f3-4d73-afd2-84862fb83c4f___FREC_Pwd.M 5085.JPG,5,Cherry_(including_sour)___Powdery_mildew,3,train,partition::00005724,Cherry_(including_sour)___Powdery_mildew:::50,quantity_skew,0.1,0.1,none,42,-1
Cherry_(including_sour)___healthy/04fa77f5-efe7-4956-b8b0-d446aea2f197___JR_HL 4031.JPG,6,Cherry_(including_sour)___healthy,3,train,partition::00006570,Cherry_(including_sour)___healthy:::10,quantity_skew,0.1,0.1,none,42,-1
Cherry_(including_sour)___healthy/1323484b-3af9-4ef3-bd2d-a26360c77a49___JR_HL 4032.JPG,6,Cherry_(including_sour)___healthy,3,train,partition::00006570,Cherry_(including_sour)___healthy:::10,quantity_skew,0.1,0.1,none,42,-1
Cherry_(including_sour)___healthy/26f3d1b1-10a5-4e25-875c-e64b391e11bc___JR_HL 4068.JPG,6,Cherry_(including_sour)___healthy,3,train,partition::00006511,Cherry_(including_sour)___healthy:::14,quantity_skew,0.1,0.1,none,42,-1
Cherry_(including_sour)___healthy/271c42ee-ce8e-4cd6-90bf-095d7dcd7b18___JR_HL 4028.JPG,6,Cherry_(including_sour)___healthy,3,train,partition::00006570,Cherry_(including_sour)___healthy:::10,quantity_skew,0.1,0.1,none,42,-1
Cherry_(including_sour)___healthy/2a7259ce-5903-4357-9341-c6455c66cc85___JR_HL 9617.JPG,6,Cherry_(including_sour)___healthy,3,train,partition::00006516,Cherry_(including_sour)___healthy:::66,quantity_skew,0.1,0.1,none,42,-1
Cherry_(including_sour)___healthy/319abe40-ce3e-485c-8651-6c98f5f06e69___JR_HL 4069.JPG,6,Cherry_(including_sour)___healthy,3,train,partition::00006511,Cherry_(including_sour)___healthy:::14,quantity_skew,0.1,0.1,none,42,-1
Cherry_(including_sour)___healthy/3ca64926-0979-496f-a49b-1bdf04af6072___JR_HL 4065.JPG,6,Cherry_(including_sour)___healthy,3,train,partition::00006511,Cherry_(including_sour)___healthy:::14,quantity_skew,0.1,0.1,none,42,-1
Cherry_(including_sour)___healthy/3db46705-0539-42b1-86e3-7e1fe4dd5393___JR_HL 4067.JPG,6,Cherry_(including_sour)___healthy,3,train,partition::00006511,Cherry_(including_sour)___healthy:::14,quantity_skew,0.1,0.1,none,42,-1
Cherry_(including_sour)___healthy/3e01a27d-037d-4bf8-81ee-c2ee958ebfec___JR_HL 9615.JPG,6,Cherry_(including_sour)___healthy,3,train,partition::00006516,Cherry_(including_sour)___healthy:::66,quantity_skew,0.1,0.1,none,42,-1
Cherry_(including_sour)___healthy/4a4c92aa-54e7-4a06-a18c-a399fcc4a649___JR_HL 4064.JPG,6,Cherry_(including_sour)___healthy,3,train,partition::00006511,Cherry_(including_sour)___healthy:::14,quantity_skew,0.1,0.1,none,42,-1
Cherry_(including_sour)___healthy/4c37781d-f013-4426-a394-3e48b30bf88a___JR_HL 4027.JPG,6,Cherry_(including_sour)___healthy,3,train,partition::00006570,Cherry_(including_sour)___healthy:::10,quantity_skew,0.1,0.1,none,42,-1
Cherry_(including_sour)___healthy/657f3dbd-fb7b-43f5-919c-15950afd170b___JR_HL 9613.JPG,6,Cherry_(including_sour)___healthy,3,train,partition::00006516,Cherry_(including_sour)___healthy:::66,quantity_skew,0.1,0.1,none,42,-1
Cherry_(including_sour)___healthy/6abcc809-0fc3-4603-b403-7ec9366a37c2___JR_HL 4026.JPG,6,Cherry_(including_sour)___healthy,3,train,partition::00006570,Cherry_(including_sour)___healthy:::10,quantity_skew,0.1,0.1,none,42,-1
Cherry_(including_sour)___healthy/6b48e9d2-23b5-4fed-8f93-f4ca90ffb34d___JR_HL 9612.JPG,6,Cherry_(including_sour)___healthy,3,train,partition::00006516,Cherry_(including_sour)___healthy:::66,quantity_skew,0.1,0.1,none,42,-1
Cherry_(including_sour)___healthy/6b986cad-78b2-4aad-a713-5dc2e87a2d1a___JR_HL 9614.JPG,6,Cherry_(including_sour)___healthy,3,train,partition::00006516,Cherry_(including_sour)___healthy:::66,quantity_skew,0.1,0.1,none,42,-1
Cherry_(including_sour)___healthy/7d032426-9756-462f-9b3c-eb3edb3cf00a___JR_HL 4029.JPG,6,Cherry_(including_sour)___healthy,3,train,partition::00006570,Cherry_(including_sour)___healthy:::10,quantity_skew,0.1,0.1,none,42,-1
Cherry_(including_sour)___healthy/9c1ddac2-44fa-4a3a-b7cb-4ab597faf089___JR_HL 4070.JPG,6,Cherry_(including_sour)___healthy,3,train,partition::00006511,Cherry_(including_sour)___healthy:::14,quantity_skew,0.1,0.1,none,42,-1
Cherry_(including_sour)___healthy/af3fc764-85b8-4777-8056-585d6a13e225___JR_HL 4062.JPG,6,Cherry_(including_sour)___healthy,3,train,partition::00006511,Cherry_(including_sour)___healthy:::14,quantity_skew,0.1,0.1,none,42,-1
Cherry_(including_sour)___healthy/db32f3c2-3aa7-4ee8-abb1-9ee4ef325b5e___JR_HL 4063.JPG,6,Cherry_(including_sour)___healthy,3,train,partition::00006511,Cherry_(including_sour)___healthy:::14,quantity_skew,0.1,0.1,none,42,-1
Cherry_(including_sour)___healthy/dcdc22d9-37df-421c-b349-d412ded169ba___JR_HL 4025.JPG,6,Cherry_(including_sour)___healthy,3,train,partition::00006570,Cherry_(including_sour)___healthy:::10,quantity_skew,0.1,0.1,none,42,-1
Cherry_(including_sour)___healthy/eb6f5271-4fbb-4343-91f8-a9f530970909___JR_HL 4066.JPG,6,Cherry_(including_sour)___healthy,3,train,partition::00006511,Cherry_(including_sour)___healthy:::14,quantity_skew,0.1,0.1,none,42,-1
Cherry_(including_sour)___healthy/ecc0acef-85ea-49bc-9275-79880a6a0f80___JR_HL 9616.JPG,6,Cherry_(including_sour)___healthy,3,train,partition::00006516,Cherry_(including_sour)___healthy:::66,quantity_skew,0.1,0.1,none,42,-1
Cherry_(including_sour)___healthy/fcbfc642-292b-4929-aa92-79457994c64f___JR_HL 4030.JPG,6,Cherry_(including_sour)___healthy,3,train,partition::00006570,Cherry_(including_sour)___healthy:::10,quantity_skew,0.1,0.1,none,42,-1
Corn_(maize)___Cercospora_leaf_spot Gray_leaf_spot/00a20f6f-e8bd-4453-9e25-36ea70feb626___RS_GLSp 4655.JPG,7,Corn_(maize)___Cercospora_leaf_spot Gray_leaf_spot,3,train,partition::00006580,img::D:/university/do-an-tot-nghiep/train-gd-2/PlantVillage-Dataset/raw/color/Corn_(maize)___Cercospora_leaf_spot Gray_leaf_spot/00a20f6f-e8bd-4453-9e25-36ea70feb626___RS_GLSp 4655.JPG,quantity_skew,0.1,0.1,none,42,-1
Corn_(maize)___Cercospora_leaf_spot Gray_leaf_spot/13d4d655-79ad-4c3e-be5c-b8e4c33f1f34___RS_GLSp 9291.JPG,7,Corn_(maize)___Cercospora_leaf_spot Gray_leaf_spot,3,train,partition::00006612,img::D:/university/do-an-tot-nghiep/train-gd-2/PlantVillage-Dataset/raw/color/Corn_(maize)___Cercospora_leaf_spot Gray_leaf_spot/13d4d655-79ad-4c3e-be5c-b8e4c33f1f34___RS_GLSp 9291.JPG,quantity_skew,0.1,0.1,none,42,-1
Corn_(maize)___Cercospora_leaf_spot Gray_leaf_spot/2aca721c-1600-4f8c-8e79-df33973c671c___RS_GLSp 9348.JPG,7,Corn_(maize)___Cercospora_leaf_spot Gray_leaf_spot,3,train,partition::00006662,img::D:/university/do-an-tot-nghiep/train-gd-2/PlantVillage-Dataset/raw/color/Corn_(maize)___Cercospora_leaf_spot Gray_leaf_spot/2aca721c-1600-4f8c-8e79-df33973c671c___RS_GLSp 9348.JPG,quantity_skew,0.1,0.1,none,42,-1
Corn_(maize)___Cercospora_leaf_spot Gray_leaf_spot/36001a30-9fc6-4955-9a14-49944cc8078a___RS_GLSp 4393.JPG,7,Corn_(maize)___Cercospora_leaf_spot Gray_leaf_spot,3,train,partition::00006682,img::D:/university/do-an-tot-nghiep/train-gd-2/PlantVillage-Dataset/raw/color/Corn_(maize)___Cercospora_leaf_spot Gray_leaf_spot/36001a30-9fc6-4955-9a14-49944cc8078a___RS_GLSp 4393.JPG,quantity_skew,0.1,0.1,none,42,-1
Corn_(maize)___Cercospora_leaf_spot Gray_leaf_spot/719de1a2-172b-44fd-855c-6fa8df27e5bf___RS_GLSp 4652 copy.jpg,7,Corn_(maize)___Cercospora_leaf_spot Gray_leaf_spot,3,train,partition::00006784,img::D:/university/do-an-tot-nghiep/train-gd-2/PlantVillage-Dataset/raw/color/Corn_(maize)___Cercospora_leaf_spot Gray_leaf_spot/719de1a2-172b-44fd-855c-6fa8df27e5bf___RS_GLSp 4652 copy.jpg,quantity_skew,0.1,0.1,none,42,-1
Corn_(maize)___Cercospora_leaf_spot Gray_leaf_spot/86d512cb-65b5-401d-8b98-43cd03dbe815___RS_GLSp 9332.JPG,7,Corn_(maize)___Cercospora_leaf_spot Gray_leaf_spot,3,train,partition::00006822,img::D:/university/do-an-tot-nghiep/train-gd-2/PlantVillage-Dataset/raw/color/Corn_(maize)___Cercospora_leaf_spot Gray_leaf_spot/86d512cb-65b5-401d-8b98-43cd03dbe815___RS_GLSp 9332.JPG,quantity_skew,0.1,0.1,none,42,-1
Corn_(maize)___Cercospora_leaf_spot Gray_leaf_spot/a4937a5f-feb4-4d93-a75d-210a8d82bb0d___RS_GLSp 9296.JPG,7,Corn_(maize)___Cercospora_leaf_spot Gray_leaf_spot,3,train,partition::00006884,img::D:/university/do-an-tot-nghiep/train-gd-2/PlantVillage-Dataset/raw/color/Corn_(maize)___Cercospora_leaf_spot Gray_leaf_spot/a4937a5f-feb4-4d93-a75d-210a8d82bb0d___RS_GLSp 9296.JPG,quantity_skew,0.1,0.1,none,42,-1
Corn_(maize)___Cercospora_leaf_spot Gray_leaf_spot/c4bd1ca9-533e-4a74-a4d1-8d633ac76438___RS_GLSp 4318.JPG,7,Corn_(maize)___Cercospora_leaf_spot Gray_leaf_spot,3,train,partition::00006967,img::D:/university/do-an-tot-nghiep/train-gd-2/PlantVillage-Dataset/raw/color/Corn_(maize)___Cercospora_leaf_spot Gray_leaf_spot/c4bd1ca9-533e-4a74-a4d1-8d633ac76438___RS_GLSp 4318.JPG,quantity_skew,0.1,0.1,none,42,-1
Corn_(maize)___Cercospora_leaf_spot Gray_leaf_spot/cb07e000-acb9-44cc-abda-a4549ebe6037___RS_GLSp 4417.JPG,7,Corn_(maize)___Cercospora_leaf_spot Gray_leaf_spot,3,train,partition::00006983,img::D:/university/do-an-tot-nghiep/train-gd-2/PlantVillage-Dataset/raw/color/Corn_(maize)___Cercospora_leaf_spot Gray_leaf_spot/cb07e000-acb9-44cc-abda-a4549ebe6037___RS_GLSp 4417.JPG,quantity_skew,0.1,0.1,none,42,-1
Corn_(maize)___Cercospora_leaf_spot Gray_leaf_spot/ccc55a8a-35d3-4621-88a0-0f81af01a7ad___RS_GLSp 3811.JPG,7,Corn_(maize)___Cercospora_leaf_spot Gray_leaf_spot,3,train,partition::00006988,img::D:/university/do-an-tot-nghiep/train-gd-2/PlantVillage-Dataset/raw/color/Corn_(maize)___Cercospora_leaf_spot Gray_leaf_spot/ccc55a8a-35d3-4621-88a0-0f81af01a7ad___RS_GLSp 3811.JPG,quantity_skew,0.1,0.1,none,42,-1
Corn_(maize)___Cercospora_leaf_spot Gray_leaf_spot/e16bfc88-93b9-4036-b77f-614967a4ee2f___RS_GLSp 4652.JPG,7,Corn_(maize)___Cercospora_leaf_spot Gray_leaf_spot,3,train,partition::00006784,img::D:/university/do-an-tot-nghiep/train-gd-2/PlantVillage-Dataset/raw/color/Corn_(maize)___Cercospora_leaf_spot Gray_leaf_spot/e16bfc88-93b9-4036-b77f-614967a4ee2f___RS_GLSp 4652.JPG,quantity_skew,0.1,0.1,none,42,-1
Corn_(maize)___Cercospora_leaf_spot Gray_leaf_spot/f60dfedb-02f5-4c39-b66e-9c29a58d0ae4___RS_GLSp 4417 copy.jpg,7,Corn_(maize)___Cercospora_leaf_spot Gray_leaf_spot,3,train,partition::00006983,img::D:/university/do-an-tot-nghiep/train-gd-2/PlantVillage-Dataset/raw/color/Corn_(maize)___Cercospora_leaf_spot Gray_leaf_spot/f60dfedb-02f5-4c39-b66e-9c29a58d0ae4___RS_GLSp 4417 copy.jpg,quantity_skew,0.1,0.1,none,42,-1
Corn_(maize)___Common_rust_/RS_Rust 1586.JPG,8,Corn_(maize)___Common_rust_,3,train,partition::00007115,img::D:/university/do-an-tot-nghiep/train-gd-2/PlantVillage-Dataset/raw/color/Corn_(maize)___Common_rust_/RS_Rust 1586.JPG,quantity_skew,0.1,0.1,none,42,-1
Corn_(maize)___Common_rust_/RS_Rust 1643.JPG,8,Corn_(maize)___Common_rust_,3,train,partition::00007171,img::D:/university/do-an-tot-nghiep/train-gd-2/PlantVillage-Dataset/raw/color/Corn_(maize)___Common_rust_/RS_Rust 1643.JPG,quantity_skew,0.1,0.1,none,42,-1
Corn_(maize)___Common_rust_/RS_Rust 1667.JPG,8,Corn_(maize)___Common_rust_,3,train,partition::00007195,img::D:/university/do-an-tot-nghiep/train-gd-2/PlantVillage-Dataset/raw/color/Corn_(maize)___Common_rust_/RS_Rust 1667.JPG,quantity_skew,0.1,0.1,none,42,-1
Corn_(maize)___Common_rust_/RS_Rust 1703.JPG,8,Corn_(maize)___Common_rust_,3,train,partition::00007231,img::D:/university/do-an-tot-nghiep/train-gd-2/PlantVillage-Dataset/raw/color/Corn_(maize)___Common_rust_/RS_Rust 1703.JPG,quantity_skew,0.1,0.1,none,42,-1
Corn_(maize)___Common_rust_/RS_Rust 1755.JPG,8,Corn_(maize)___Common_rust_,3,train,partition::00007283,img::D:/university/do-an-tot-nghiep/train-gd-2/PlantVillage-Dataset/raw/color/Corn_(maize)___Common_rust_/RS_Rust 1755.JPG,quantity_skew,0.1,0.1,none,42,-1
Corn_(maize)___Common_rust_/RS_Rust 1774.JPG,8,Corn_(maize)___Common_rust_,3,train,partition::00007302,img::D:/university/do-an-tot-nghiep/train-gd-2/PlantVillage-Dataset/raw/color/Corn_(maize)___Common_rust_/RS_Rust 1774.JPG,quantity_skew,0.1,0.1,none,42,-1
Corn_(maize)___Common_rust_/RS_Rust 1813.JPG,8,Corn_(maize)___Common_rust_,3,train,partition::00007340,img::D:/university/do-an-tot-nghiep/train-gd-2/PlantVillage-Dataset/raw/color/Corn_(maize)___Common_rust_/RS_Rust 1813.JPG,quantity_skew,0.1,0.1,none,42,-1
Corn_(maize)___Common_rust_/RS_Rust 1845.JPG,8,Corn_(maize)___Common_rust_,3,train,partition::00007370,img::D:/university/do-an-tot-nghiep/train-gd-2/PlantVillage-Dataset/raw/color/Corn_(maize)___Common_rust_/RS_Rust 1845.JPG,quantity_skew,0.1,0.1,none,42,-1
Corn_(maize)___Common_rust_/RS_Rust 1875.JPG,8,Corn_(maize)___Common_rust_,3,train,partition::00007399,img::D:/university/do-an-tot-nghiep/train-gd-2/PlantVillage-Dataset/raw/color/Corn_(maize)___Common_rust_/RS_Rust 1875.JPG,quantity_skew,0.1,0.1,none,42,-1
Corn_(maize)___Common_rust_/RS_Rust 1947.JPG,8,Corn_(maize)___Common_rust_,3,train,partition::00007471,img::D:/university/do-an-tot-nghiep/train-gd-2/PlantVillage-Dataset/raw/color/Corn_(maize)___Common_rust_/RS_Rust 1947.JPG,quantity_skew,0.1,0.1,none,42,-1
Corn_(maize)___Common_rust_/RS_Rust 1957.JPG,8,Corn_(maize)___Common_rust_,3,train,partition::00007480,img::D:/university/do-an-tot-nghiep/train-gd-2/PlantVillage-Dataset/raw/color/Corn_(maize)___Common_rust_/RS_Rust 1957.JPG,quantity_skew,0.1,0.1,none,42,-1
Corn_(maize)___Common_rust_/RS_Rust 1958.JPG,8,Corn_(maize)___Common_rust_,3,train,partition::00007481,img::D:/university/do-an-tot-nghiep/train-gd-2/PlantVillage-Dataset/raw/color/Corn_(maize)___Common_rust_/RS_Rust 1958.JPG,quantity_skew,0.1,0.1,none,42,-1
Corn_(maize)___Common_rust_/RS_Rust 2025.JPG,8,Corn_(maize)___Common_rust_,3,train,partition::00007547,img::D:/university/do-an-tot-nghiep/train-gd-2/PlantVillage-Dataset/raw/color/Corn_(maize)___Common_rust_/RS_Rust 2025.JPG,quantity_skew,0.1,0.1,none,42,-1
Corn_(maize)___Common_rust_/RS_Rust 2048.JPG,8,Corn_(maize)___Common_rust_,3,train,partition::00007570,img::D:/university/do-an-tot-nghiep/train-gd-2/PlantVillage-Dataset/raw/color/Corn_(maize)___Common_rust_/RS_Rust 2048.JPG,quantity_skew,0.1,0.1,none,42,-1
Corn_(maize)___Common_rust_/RS_Rust 2078.JPG,8,Corn_(maize)___Common_rust_,3,train,partition::00007600,img::D:/university/do-an-tot-nghiep/train-gd-2/PlantVillage-Dataset/raw/color/Corn_(maize)___Common_rust_/RS_Rust 2078.JPG,quantity_skew,0.1,0.1,none,42,-1
Corn_(maize)___Common_rust_/RS_Rust 2105.JPG,8,Corn_(maize)___Common_rust_,3,train,partition::00007627,img::D:/university/do-an-tot-nghiep/train-gd-2/PlantVillage-Dataset/raw/color/Corn_(maize)___Common_rust_/RS_Rust 2105.JPG,quantity_skew,0.1,0.1,none,42,-1
Corn_(maize)___Common_rust_/RS_Rust 2264.JPG,8,Corn_(maize)___Common_rust_,3,train,partition::00007784,img::D:/university/do-an-tot-nghiep/train-gd-2/PlantVillage-Dataset/raw/color/Corn_(maize)___Common_rust_/RS_Rust 2264.JPG,quantity_skew,0.1,0.1,none,42,-1
Corn_(maize)___Common_rust_/RS_Rust 2279.JPG,8,Corn_(maize)___Common_rust_,3,train,partition::00007799,img::D:/university/do-an-tot-nghiep/train-gd-2/PlantVillage-Dataset/raw/color/Corn_(maize)___Common_rust_/RS_Rust 2279.JPG,quantity_skew,0.1,0.1,none,42,-1
Corn_(maize)___Common_rust_/RS_Rust 2288.JPG,8,Corn_(maize)___Common_rust_,3,train,partition::00007808,img::D:/university/do-an-tot-nghiep/train-gd-2/PlantVillage-Dataset/raw/color/Corn_(maize)___Common_rust_/RS_Rust 2288.JPG,quantity_skew,0.1,0.1,none,42,-1
Corn_(maize)___Common_rust_/RS_Rust 2344.JPG,8,Corn_(maize)___Common_rust_,3,train,partition::00007863,img::D:/university/do-an-tot-nghiep/train-gd-2/PlantVillage-Dataset/raw/color/Corn_(maize)___Common_rust_/RS_Rust 2344.JPG,quantity_skew,0.1,0.1,none,42,-1
Corn_(maize)___Common_rust_/RS_Rust 2429.JPG,8,Corn_(maize)___Common_rust_,3,train,partition::00007945,img::D:/university/do-an-tot-nghiep/train-gd-2/PlantVillage-Dataset/raw/color/Corn_(maize)___Common_rust_/RS_Rust 2429.JPG,quantity_skew,0.1,0.1,none,42,-1
Corn_(maize)___Common_rust_/RS_Rust 2430.JPG,8,Corn_(maize)___Common_rust_,3,train,partition::00007946,img::D:/university/do-an-tot-nghiep/train-gd-2/PlantVillage-Dataset/raw/color/Corn_(maize)___Common_rust_/RS_Rust 2430.JPG,quantity_skew,0.1,0.1,none,42,-1
Corn_(maize)___Common_rust_/RS_Rust 2433.JPG,8,Corn_(maize)___Common_rust_,3,train,partition::00007949,img::D:/university/do-an-tot-nghiep/train-gd-2/PlantVillage-Dataset/raw/color/Corn_(maize)___Common_rust_/RS_Rust 2433.JPG,quantity_skew,0.1,0.1,none,42,-1
Corn_(maize)___Common_rust_/RS_Rust 2448.JPG,8,Corn_(maize)___Common_rust_,3,train,partition::00007963,img::D:/university/do-an-tot-nghiep/train-gd-2/PlantVillage-Dataset/raw/color/Corn_(maize)___Common_rust_/RS_Rust 2448.JPG,quantity_skew,0.1,0.1,none,42,-1
Corn_(maize)___Common_rust_/RS_Rust 2516.JPG,8,Corn_(maize)___Common_rust_,3,train,partition::00008030,img::D:/university/do-an-tot-nghiep/train-gd-2/PlantVillage-Dataset/raw/color/Corn_(maize)___Common_rust_/RS_Rust 2516.JPG,quantity_skew,0.1,0.1,none,42,-1
Corn_(maize)___Common_rust_/RS_Rust 2558.JPG,8,Corn_(maize)___Common_rust_,3,train,partition::00008072,img::D:/university/do-an-tot-nghiep/train-gd-2/PlantVillage-Dataset/raw/color/Corn_(maize)___Common_rust_/RS_Rust 2558.JPG,quantity_skew,0.1,0.1,none,42,-1
Corn_(maize)___Common_rust_/RS_Rust 2559.JPG,8,Corn_(maize)___Common_rust_,3,train,partition::00008073,img::D:/university/do-an-tot-nghiep/train-gd-2/PlantVillage-Dataset/raw/color/Corn_(maize)___Common_rust_/RS_Rust 2559.JPG,quantity_skew,0.1,0.1,none,42,-1
Corn_(maize)___Common_rust_/RS_Rust 2644.JPG,8,Corn_(maize)___Common_rust_,3,train,partition::00008158,img::D:/university/do-an-tot-nghiep/train-gd-2/PlantVillage-Dataset/raw/color/Corn_(maize)___Common_rust_/RS_Rust 2644.JPG,quantity_skew,0.1,0.1,none,42,-1
Corn_(maize)___Common_rust_/RS_Rust 2747.JPG,8,Corn_(maize)___Common_rust_,3,train,partition::00008261,img::D:/university/do-an-tot-nghiep/train-gd-2/PlantVillage-Dataset/raw/color/Corn_(maize)___Common_rust_/RS_Rust 2747.JPG,quantity_skew,0.1,0.1,none,42,-1
Corn_(maize)___Northern_Leaf_Blight/04d8e1d6-766e-4fcc-9bac-42efb9e6ad33___RS_NLB 3620.JPG,9,Corn_(maize)___Northern_Leaf_Blight,3,train,partition::00008302,img::D:/university/do-an-tot-nghiep/train-gd-2/PlantVillage-Dataset/raw/color/Corn_(maize)___Northern_Leaf_Blight/04d8e1d6-766e-4fcc-9bac-42efb9e6ad33___RS_NLB 3620.JPG,quantity_skew,0.1,0.1,none,42,-1
Corn_(maize)___Northern_Leaf_Blight/10b05173-08e7-4470-a581-a64898a6af88___RS_NLB 3799.JPG,9,Corn_(maize)___Northern_Leaf_Blight,3,train,partition::00008351,img::D:/university/do-an-tot-nghiep/train-gd-2/PlantVillage-Dataset/raw/color/Corn_(maize)___Northern_Leaf_Blight/10b05173-08e7-4470-a581-a64898a6af88___RS_NLB 3799.JPG,quantity_skew,0.1,0.1,none,42,-1
Corn_(maize)___Northern_Leaf_Blight/33a7194b-aa45-492e-bb6e-52f4cbcbc7cc___RS_NLB 3483.JPG,9,Corn_(maize)___Northern_Leaf_Blight,3,train,partition::00008487,img::D:/university/do-an-tot-nghiep/train-gd-2/PlantVillage-Dataset/raw/color/Corn_(maize)___Northern_Leaf_Blight/33a7194b-aa45-492e-bb6e-52f4cbcbc7cc___RS_NLB 3483.JPG,quantity_skew,0.1,0.1,none,42,-1
Corn_(maize)___Northern_Leaf_Blight/431a8c6c-3eed-4079-ba49-5bc7a12b94b0___RS_NLB 0766.JPG,9,Corn_(maize)___Northern_Leaf_Blight,3,train,partition::00008545,img::D:/university/do-an-tot-nghiep/train-gd-2/PlantVillage-Dataset/raw/color/Corn_(maize)___Northern_Leaf_Blight/431a8c6c-3eed-4079-ba49-5bc7a12b94b0___RS_NLB 0766.JPG,quantity_skew,0.1,0.1,none,42,-1
Corn_(maize)___Northern_Leaf_Blight/56a583b2-13e9-4b37-9afb-473a2146889f___RS_NLB 4210.JPG,9,Corn_(maize)___Northern_Leaf_Blight,3,train,partition::00008602,img::D:/university/do-an-tot-nghiep/train-gd-2/PlantVillage-Dataset/raw/color/Corn_(maize)___Northern_Leaf_Blight/56a583b2-13e9-4b37-9afb-473a2146889f___RS_NLB 4210.JPG,quantity_skew,0.1,0.1,none,42,-1
Corn_(maize)___Northern_Leaf_Blight/608bf7ea-b20e-446d-8bbd-862d91ee8e16___RS_NLB 3675.JPG,9,Corn_(maize)___Northern_Leaf_Blight,3,train,partition::00008650,img::D:/university/do-an-tot-nghiep/train-gd-2/PlantVillage-Dataset/raw/color/Corn_(maize)___Northern_Leaf_Blight/608bf7ea-b20e-446d-8bbd-862d91ee8e16___RS_NLB 3675.JPG,quantity_skew,0.1,0.1,none,42,-1
Corn_(maize)___Northern_Leaf_Blight/66fb9e0e-39cb-4a5f-8780-1bcfbda5577c___RS_NLB 3919.JPG,9,Corn_(maize)___Northern_Leaf_Blight,3,train,partition::00008672,img::D:/university/do-an-tot-nghiep/train-gd-2/PlantVillage-Dataset/raw/color/Corn_(maize)___Northern_Leaf_Blight/66fb9e0e-39cb-4a5f-8780-1bcfbda5577c___RS_NLB 3919.JPG,quantity_skew,0.1,0.1,none,42,-1
Corn_(maize)___Northern_Leaf_Blight/7348d45f-96ba-454e-b0eb-084d0284f718___RS_NLB 4242.JPG,9,Corn_(maize)___Northern_Leaf_Blight,3,train,partition::00008714,img::D:/university/do-an-tot-nghiep/train-gd-2/PlantVillage-Dataset/raw/color/Corn_(maize)___Northern_Leaf_Blight/7348d45f-96ba-454e-b0eb-084d0284f718___RS_NLB 4242.JPG,quantity_skew,0.1,0.1,none,42,-1
Corn_(maize)___Northern_Leaf_Blight/89926d8f-aad1-4918-9d37-e1f3e0a4c6b6___RS_NLB 3861.JPG,9,Corn_(maize)___Northern_Leaf_Blight,3,train,partition::00008804,img::D:/university/do-an-tot-nghiep/train-gd-2/PlantVillage-Dataset/raw/color/Corn_(maize)___Northern_Leaf_Blight/89926d8f-aad1-4918-9d37-e1f3e0a4c6b6___RS_NLB 3861.JPG,quantity_skew,0.1,0.1,none,42,-1
Corn_(maize)___Northern_Leaf_Blight/8a326726-b032-482d-a75a-2c9401f57fae___RS_NLB 4145.JPG,9,Corn_(maize)___Northern_Leaf_Blight,3,train,partition::00008806,img::D:/university/do-an-tot-nghiep/train-gd-2/PlantVillage-Dataset/raw/color/Corn_(maize)___Northern_Leaf_Blight/8a326726-b032-482d-a75a-2c9401f57fae___RS_NLB 4145.JPG,quantity_skew,0.1,0.1,none,42,-1
Corn_(maize)___Northern_Leaf_Blight/9ce41fa1-3d14-4b66-9a13-da488a8727d7___RS_NLB 3997.JPG,9,Corn_(maize)___Northern_Leaf_Blight,3,train,partition::00008875,img::D:/university/do-an-tot-nghiep/train-gd-2/PlantVillage-Dataset/raw/color/Corn_(maize)___Northern_Leaf_Blight/9ce41fa1-3d14-4b66-9a13-da488a8727d7___RS_NLB 3997.JPG,quantity_skew,0.1,0.1,none,42,-1
Corn_(maize)___Northern_Leaf_Blight/9d5c72fa-9b60-45fa-aca8-98db5ef39f0b___RS_NLB 4098.JPG,9,Corn_(maize)___Northern_Leaf_Blight,3,train,partition::00008877,img::D:/university/do-an-tot-nghiep/train-gd-2/PlantVillage-Dataset/raw/color/Corn_(maize)___Northern_Leaf_Blight/9d5c72fa-9b60-45fa-aca8-98db5ef39f0b___RS_NLB 4098.JPG,quantity_skew,0.1,0.1,none,42,-1
Corn_(maize)___Northern_Leaf_Blight/abd4ee1e-822b-4ff5-a8f8-2a7a27aa6584___RS_NLB 3517.JPG,9,Corn_(maize)___Northern_Leaf_Blight,3,train,partition::00008938,img::D:/university/do-an-tot-nghiep/train-gd-2/PlantVillage-Dataset/raw/color/Corn_(maize)___Northern_Leaf_Blight/abd4ee1e-822b-4ff5-a8f8-2a7a27aa6584___RS_NLB 3517.JPG,quantity_skew,0.1,0.1,none,42,-1
Corn_(maize)___Northern_Leaf_Blight/ad159032-2941-402b-bd42-5d79bd3fa9a8___RS_NLB 4116.JPG,9,Corn_(maize)___Northern_Leaf_Blight,3,train,partition::00008944,img::D:/university/do-an-tot-nghiep/train-gd-2/PlantVillage-Dataset/raw/color/Corn_(maize)___Northern_Leaf_Blight/ad159032-2941-402b-bd42-5d79bd3fa9a8___RS_NLB 4116.JPG,quantity_skew,0.1,0.1,none,42,-1
Corn_(maize)___Northern_Leaf_Blight/b373622c-c171-47f4-adcb-c08ea46dad12___RS_NLB 4237.JPG,9,Corn_(maize)___Northern_Leaf_Blight,3,train,partition::00008963,img::D:/university/do-an-tot-nghiep/train-gd-2/PlantVillage-Dataset/raw/color/Corn_(maize)___Northern_Leaf_Blight/b373622c-c171-47f4-adcb-c08ea46dad12___RS_NLB 4237.JPG,quantity_skew,0.1,0.1,none,42,-1
Corn_(maize)___Northern_Leaf_Blight/b761537f-f90f-43a6-a816-6d515dfa0e26___RS_NLB 3797.JPG,9,Corn_(maize)___Northern_Leaf_Blight,3,train,partition::00008978,img::D:/university/do-an-tot-nghiep/train-gd-2/PlantVillage-Dataset/raw/color/Corn_(maize)___Northern_Leaf_Blight/b761537f-f90f-43a6-a816-6d515dfa0e26___RS_NLB 3797.JPG,quantity_skew,0.1,0.1,none,42,-1
Corn_(maize)___Northern_Leaf_Blight/d39e45b5-4091-4e0b-b218-3c36a6360179___RS_NLB 3779.JPG,9,Corn_(maize)___Northern_Leaf_Blight,3,train,partition::00009092,img::D:/university/do-an-tot-nghiep/train-gd-2/PlantVillage-Dataset/raw/color/Corn_(maize)___Northern_Leaf_Blight/d39e45b5-4091-4e0b-b218-3c36a6360179___RS_NLB 3779.JPG,quantity_skew,0.1,0.1,none,42,-1
Corn_(maize)___Northern_Leaf_Blight/d4e0ed9b-03b3-487a-9fc5-1a1be771367f___RS_NLB 4256.JPG,9,Corn_(maize)___Northern_Leaf_Blight,3,train,partition::00009101,img::D:/university/do-an-tot-nghiep/train-gd-2/PlantVillage-Dataset/raw/color/Corn_(maize)___Northern_Leaf_Blight/d4e0ed9b-03b3-487a-9fc5-1a1be771367f___RS_NLB 4256.JPG,quantity_skew,0.1,0.1,none,42,-1
Corn_(maize)___Northern_Leaf_Blight/dafabebd-c6d1-4f69-a7a9-45f5c959f9a1___RS_NLB 3571.JPG,9,Corn_(maize)___Northern_Leaf_Blight,3,train,partition::00009129,img::D:/university/do-an-tot-nghiep/train-gd-2/PlantVillage-Dataset/raw/color/Corn_(maize)___Northern_Leaf_Blight/dafabebd-c6d1-4f69-a7a9-45f5c959f9a1___RS_NLB 3571.JPG,quantity_skew,0.1,0.1,none,42,-1
Corn_(maize)___Northern_Leaf_Blight/dda73df7-96ed-453c-8d53-21549a980bc7___RS_NLB 4182.JPG,9,Corn_(maize)___Northern_Leaf_Blight,3,train,partition::00009138,img::D:/university/do-an-tot-nghiep/train-gd-2/PlantVillage-Dataset/raw/color/Corn_(maize)___Northern_Leaf_Blight/dda73df7-96ed-453c-8d53-21549a980bc7___RS_NLB 4182.JPG,quantity_skew,0.1,0.1,none,42,-1
Corn_(maize)___Northern_Leaf_Blight/e60c841c-2a10-4a27-a2e9-2604fb9ead83___RS_NLB 4192.JPG,9,Corn_(maize)___Northern_Leaf_Blight,3,train,partition::00009166,img::D:/university/do-an-tot-nghiep/train-gd-2/PlantVillage-Dataset/raw/color/Corn_(maize)___Northern_Leaf_Blight/e60c841c-2a10-4a27-a2e9-2604fb9ead83___RS_NLB 4192.JPG,quantity_skew,0.1,0.1,none,42,-1
Corn_(maize)___Northern_Leaf_Blight/e6f10c6e-9cd7-4ad1-98d8-0fb8038e4c1a___RS_NLB 0820.JPG,9,Corn_(maize)___Northern_Leaf_Blight,3,train,partition::00009170,img::D:/university/do-an-tot-nghiep/train-gd-2/PlantVillage-Dataset/raw/color/Corn_(maize)___Northern_Leaf_Blight/e6f10c6e-9cd7-4ad1-98d8-0fb8038e4c1a___RS_NLB 0820.JPG,quantity_skew,0.1,0.1,none,42,-1
Corn_(maize)___Northern_Leaf_Blight/ebc76210-8a22-44bc-8ef4-ff8c12357398___RS_NLB 4101.JPG,9,Corn_(maize)___Northern_Leaf_Blight,3,train,partition::00009193,img::D:/university/do-an-tot-nghiep/train-gd-2/PlantVillage-Dataset/raw/color/Corn_(maize)___Northern_Leaf_Blight/ebc76210-8a22-44bc-8ef4-ff8c12357398___RS_NLB 4101.JPG,quantity_skew,0.1,0.1,none,42,-1
Corn_(maize)___healthy/028ed539-32f5-4540-a6af-466179837de9___R.S_HL 8212 copy.jpg,10,Corn_(maize)___healthy,3,train,partition::00009273,img::D:/university/do-an-tot-nghiep/train-gd-2/PlantVillage-Dataset/raw/color/Corn_(maize)___healthy/028ed539-32f5-4540-a6af-466179837de9___R.S_HL 8212 copy.jpg,quantity_skew,0.1,0.1,none,42,-1
Corn_(maize)___healthy/0f16ec85-220f-4b3f-8a89-6e463676c8b0___R.S_HL 8013 copy 2.jpg,10,Corn_(maize)___healthy,3,train,partition::00009334,img::D:/university/do-an-tot-nghiep/train-gd-2/PlantVillage-Dataset/raw/color/Corn_(maize)___healthy/0f16ec85-220f-4b3f-8a89-6e463676c8b0___R.S_HL 8013 copy 2.jpg,quantity_skew,0.1,0.1,none,42,-1
Corn_(maize)___healthy/15ae6db6-3718-49bf-8b93-e0a3d692a3af___R.S_HL 7901 copy.jpg,10,Corn_(maize)___healthy,3,train,partition::00009371,img::D:/university/do-an-tot-nghiep/train-gd-2/PlantVillage-Dataset/raw/color/Corn_(maize)___healthy/15ae6db6-3718-49bf-8b93-e0a3d692a3af___R.S_HL 7901 copy.jpg,quantity_skew,0.1,0.1,none,42,-1
Corn_(maize)___healthy/169f4815-9403-4002-b463-b578b3cf4323___R.S_HL 7929 copy.jpg,10,Corn_(maize)___healthy,3,train,partition::00009381,img::D:/university/do-an-tot-nghiep/train-gd-2/PlantVillage-Dataset/raw/color/Corn_(maize)___healthy/169f4815-9403-4002-b463-b578b3cf4323___R.S_HL 7929 copy.jpg,quantity_skew,0.1,0.1,none,42,-1
Corn_(maize)___healthy/1762fbc2-6b11-4501-9bb9-f0a7d60a5e19___R.S_HL 8052 copy.jpg,10,Corn_(maize)___healthy,3,train,partition::00009386,img::D:/university/do-an-tot-nghiep/train-gd-2/PlantVillage-Dataset/raw/color/Corn_(maize)___healthy/1762fbc2-6b11-4501-9bb9-f0a7d60a5e19___R.S_HL 8052 copy.jpg,quantity_skew,0.1,0.1,none,42,-1
Corn_(maize)___healthy/21380f6b-1ccb-4aa3-9cf6-af8d85b8925e___R.S_HL 8340 copy.jpg,10,Corn_(maize)___healthy,3,train,partition::00009438,img::D:/university/do-an-tot-nghiep/train-gd-2/PlantVillage-Dataset/raw/color/Corn_(maize)___healthy/21380f6b-1ccb-4aa3-9cf6-af8d85b8925e___R.S_HL 8340 copy.jpg,quantity_skew,0.1,0.1,none,42,-1
Corn_(maize)___healthy/254d1f23-8a22-4f21-9d5e-0c66733f102f___R.S_HL 8083 copy.jpg,10,Corn_(maize)___healthy,3,train,partition::00009455,img::D:/university/do-an-tot-nghiep/train-gd-2/PlantVillage-Dataset/raw/color/Corn_(maize)___healthy/254d1f23-8a22-4f21-9d5e-0c66733f102f___R.S_HL 8083 copy.jpg,quantity_skew,0.1,0.1,none,42,-1
Corn_(maize)___healthy/2950037b-0650-4dfa-8102-26c3f1ff8068___R.S_HL 8314 copy 2.jpg,10,Corn_(maize)___healthy,3,train,partition::00009476,img::D:/university/do-an-tot-nghiep/train-gd-2/PlantVillage-Dataset/raw/color/Corn_(maize)___healthy/2950037b-0650-4dfa-8102-26c3f1ff8068___R.S_HL 8314 copy 2.jpg,quantity_skew,0.1,0.1,none,42,-1
Corn_(maize)___healthy/2cd74832-29e5-441a-84b1-5bc5379c16c2___R.S_HL 8111 copy.jpg,10,Corn_(maize)___healthy,3,train,partition::00009493,img::D:/university/do-an-tot-nghiep/train-gd-2/PlantVillage-Dataset/raw/color/Corn_(maize)___healthy/2cd74832-29e5-441a-84b1-5bc5379c16c2___R.S_HL 8111 copy.jpg,quantity_skew,0.1,0.1,none,42,-1
Corn_(maize)___healthy/50d502de-24fe-4929-bd9d-9bbe9bdb6541___R.S_HL 8052 copy 2.jpg,10,Corn_(maize)___healthy,3,train,partition::00009386,img::D:/university/do-an-tot-nghiep/train-gd-2/PlantVillage-Dataset/raw/color/Corn_(maize)___healthy/50d502de-24fe-4929-bd9d-9bbe9bdb6541___R.S_HL 8052 copy 2.jpg,quantity_skew,0.1,0.1,none,42,-1
Corn_(maize)___healthy/50e026e1-cee6-4382-9664-5cd5be377e91___R.S_HL 8314 copy.jpg,10,Corn_(maize)___healthy,3,train,partition::00009476,img::D:/university/do-an-tot-nghiep/train-gd-2/PlantVillage-Dataset/raw/color/Corn_(maize)___healthy/50e026e1-cee6-4382-9664-5cd5be377e91___R.S_HL 8314 copy.jpg,quantity_skew,0.1,0.1,none,42,-1
Corn_(maize)___healthy/67580ca9-48d4-485a-8f99-bd68c56e89c2___R.S_HL 8340 copy 2.jpg,10,Corn_(maize)___healthy,3,train,partition::00009438,img::D:/university/do-an-tot-nghiep/train-gd-2/PlantVillage-Dataset/raw/color/Corn_(maize)___healthy/67580ca9-48d4-485a-8f99-bd68c56e89c2___R.S_HL 8340 copy 2.jpg,quantity_skew,0.1,0.1,none,42,-1
Corn_(maize)___healthy/80114b85-eb92-46f3-bf88-5befec2a72a5___R.S_HL 8181 copy 2.jpg,10,Corn_(maize)___healthy,3,train,partition::00009866,img::D:/university/do-an-tot-nghiep/train-gd-2/PlantVillage-Dataset/raw/color/Corn_(maize)___healthy/80114b85-eb92-46f3-bf88-5befec2a72a5___R.S_HL 8181 copy 2.jpg,quantity_skew,0.1,0.1,none,42,-1
Corn_(maize)___healthy/888320cd-1305-4d03-9323-a82d8a334414___R.S_HL 7885 copy.jpg,10,Corn_(maize)___healthy,3,train,partition::00009909,img::D:/university/do-an-tot-nghiep/train-gd-2/PlantVillage-Dataset/raw/color/Corn_(maize)___healthy/888320cd-1305-4d03-9323-a82d8a334414___R.S_HL 7885 copy.jpg,quantity_skew,0.1,0.1,none,42,-1
Corn_(maize)___healthy/88d705bb-1928-4323-9258-77ac3c2183ea___R.S_HL 8045 copy.jpg,10,Corn_(maize)___healthy,3,train,partition::00009914,img::D:/university/do-an-tot-nghiep/train-gd-2/PlantVillage-Dataset/raw/color/Corn_(maize)___healthy/88d705bb-1928-4323-9258-77ac3c2183ea___R.S_HL 8045 copy.jpg,quantity_skew,0.1,0.1,none,42,-1
Corn_(maize)___healthy/8b18084e-2976-426f-805a-bfcee0e1133a___R.S_HL 8102 copy.jpg,10,Corn_(maize)___healthy,3,train,partition::00009926,img::D:/university/do-an-tot-nghiep/train-gd-2/PlantVillage-Dataset/raw/color/Corn_(maize)___healthy/8b18084e-2976-426f-805a-bfcee0e1133a___R.S_HL 8102 copy.jpg,quantity_skew,0.1,0.1,none,42,-1
Corn_(maize)___healthy/96159fdf-b6cd-4219-af1a-f2d4f6712073___R.S_HL 8334 copy.jpg,10,Corn_(maize)___healthy,3,train,partition::00009967,img::D:/university/do-an-tot-nghiep/train-gd-2/PlantVillage-Dataset/raw/color/Corn_(maize)___healthy/96159fdf-b6cd-4219-af1a-f2d4f6712073___R.S_HL 8334 copy.jpg,quantity_skew,0.1,0.1,none,42,-1
Corn_(maize)___healthy/9faacf6a-f638-435a-8994-f1418b332199___R.S_HL 8102 copy 2.jpg,10,Corn_(maize)___healthy,3,train,partition::00009926,img::D:/university/do-an-tot-nghiep/train-gd-2/PlantVillage-Dataset/raw/color/Corn_(maize)___healthy/9faacf6a-f638-435a-8994-f1418b332199___R.S_HL 8102 copy 2.jpg,quantity_skew,0.1,0.1,none,42,-1
Corn_(maize)___healthy/ad07f4f7-c5a1-42f3-8007-bda26301a4c7___R.S_HL 8111 copy 2.jpg,10,Corn_(maize)___healthy,3,train,partition::00009493,img::D:/university/do-an-tot-nghiep/train-gd-2/PlantVillage-Dataset/raw/color/Corn_(maize)___healthy/ad07f4f7-c5a1-42f3-8007-bda26301a4c7___R.S_HL 8111 copy 2.jpg,quantity_skew,0.1,0.1,none,42,-1
Corn_(maize)___healthy/ae434cb0-c0f3-4dc4-86b2-580a5d066df3___R.S_HL 8083 copy 2.jpg,10,Corn_(maize)___healthy,3,train,partition::00009455,img::D:/university/do-an-tot-nghiep/train-gd-2/PlantVillage-Dataset/raw/color/Corn_(maize)___healthy/ae434cb0-c0f3-4dc4-86b2-580a5d066df3___R.S_HL 8083 copy 2.jpg,quantity_skew,0.1,0.1,none,42,-1
Corn_(maize)___healthy/bafc5f95-f5c7-422e-a728-6db014fb35f0___R.S_HL 8212 copy 2.jpg,10,Corn_(maize)___healthy,3,train,partition::00009273,img::D:/university/do-an-tot-nghiep/train-gd-2/PlantVillage-Dataset/raw/color/Corn_(maize)___healthy/bafc5f95-f5c7-422e-a728-6db014fb35f0___R.S_HL 8212 copy 2.jpg,quantity_skew,0.1,0.1,none,42,-1
Corn_(maize)___healthy/be5032bc-eb0c-4c05-9f3b-18204a7ba055___R.S_HL 7901 copy 2.jpg,10,Corn_(maize)___healthy,3,train,partition::00009371,img::D:/university/do-an-tot-nghiep/train-gd-2/PlantVillage-Dataset/raw/color/Corn_(maize)___healthy/be5032bc-eb0c-4c05-9f3b-18204a7ba055___R.S_HL 7901 copy 2.jpg,quantity_skew,0.1,0.1,none,42,-1
Corn_(maize)___healthy/c4b6565f-e6df-47c4-8426-d98081757564___R.S_HL 8013 copy.jpg,10,Corn_(maize)___healthy,3,train,partition::00009334,img::D:/university/do-an-tot-nghiep/train-gd-2/PlantVillage-Dataset/raw/color/Corn_(maize)___healthy/c4b6565f-e6df-47c4-8426-d98081757564___R.S_HL 8013 copy.jpg,quantity_skew,0.1,0.1,none,42,-1
Corn_(maize)___healthy/c671c535-9c69-4935-9cc8-0f187b4df44e___R.S_HL 8045 copy 2.jpg,10,Corn_(maize)___healthy,3,train,partition::00009914,img::D:/university/do-an-tot-nghiep/train-gd-2/PlantVillage-Dataset/raw/color/Corn_(maize)___healthy/c671c535-9c69-4935-9cc8-0f187b4df44e___R.S_HL 8045 copy 2.jpg,quantity_skew,0.1,0.1,none,42,-1
Corn_(maize)___healthy/d7978832-fc72-492d-bfb1-73270bd24ba6___R.S_HL 7929 copy 2.jpg,10,Corn_(maize)___healthy,3,train,partition::00009381,img::D:/university/do-an-tot-nghiep/train-gd-2/PlantVillage-Dataset/raw/color/Corn_(maize)___healthy/d7978832-fc72-492d-bfb1-73270bd24ba6___R.S_HL 7929 copy 2.jpg,quantity_skew,0.1,0.1,none,42,-1
Corn_(maize)___healthy/dac954b8-99cf-4550-badc-e3ac9fe759e8___R.S_HL 8334 copy 2.jpg,10,Corn_(maize)___healthy,3,train,partition::00009967,img::D:/university/do-an-tot-nghiep/train-gd-2/PlantVillage-Dataset/raw/color/Corn_(maize)___healthy/dac954b8-99cf-4550-badc-e3ac9fe759e8___R.S_HL 8334 copy 2.jpg,quantity_skew,0.1,0.1,none,42,-1
Corn_(maize)___healthy/e03d14c1-b022-46a2-9ce6-145c83653c8b___R.S_HL 8181 copy.jpg,10,Corn_(maize)___healthy,3,train,partition::00009866,img::D:/university/do-an-tot-nghiep/train-gd-2/PlantVillage-Dataset/raw/color/Corn_(maize)___healthy/e03d14c1-b022-46a2-9ce6-145c83653c8b___R.S_HL 8181 copy.jpg,quantity_skew,0.1,0.1,none,42,-1
Grape___Black_rot/045e07eb-5005-4943-90f2-bd62525b1076___FAM_B.Rot 3524.JPG,11,Grape___Black_rot,3,train,partition::00011001,Grape___Black_rot:::243,quantity_skew,0.1,0.1,none,42,-1
Grape___Black_rot/168249fa-71cb-4da7-b1c7-8c14605159ac___FAM_B.Rot 0504.JPG,11,Grape___Black_rot,3,train,partition::00011027,Grape___Black_rot:::46,quantity_skew,0.1,0.1,none,42,-1
Grape___Black_rot/4c6fe690-8921-42ea-ab54-06bcc21de388___FAM_B.Rot 0505.JPG,11,Grape___Black_rot,3,train,partition::00011027,Grape___Black_rot:::46,quantity_skew,0.1,0.1,none,42,-1
Grape___Black_rot/4d8eb211-0ad4-4cac-be0a-56d5d0ad9d8e___FAM_B.Rot 3008.JPG,11,Grape___Black_rot,3,train,partition::00011419,Grape___Black_rot:::114,quantity_skew,0.1,0.1,none,42,-1
Grape___Black_rot/51beded3-3dc0-4f1f-a6b9-45c74612b9a1___FAM_B.Rot 3005.JPG,11,Grape___Black_rot,3,train,partition::00011419,Grape___Black_rot:::114,quantity_skew,0.1,0.1,none,42,-1
Grape___Black_rot/5407b5fb-baef-4311-8d3a-3eeee4e46115___FAM_B.Rot 0469.JPG,11,Grape___Black_rot,3,train,partition::00011277,Grape___Black_rot:::37,quantity_skew,0.1,0.1,none,42,-1
Grape___Black_rot/5495808e-cf34-4992-9e68-e93524d5f60e___FAM_B.Rot 3526.JPG,11,Grape___Black_rot,3,train,partition::00011001,Grape___Black_rot:::243,quantity_skew,0.1,0.1,none,42,-1
Grape___Black_rot/5dabcf87-baba-4395-b600-abd6d78a4511___FAM_B.Rot 0506.JPG,11,Grape___Black_rot,3,train,partition::00011027,Grape___Black_rot:::46,quantity_skew,0.1,0.1,none,42,-1
Grape___Black_rot/630cea2f-1457-4f55-b9cf-ca3a5362fd63___FAM_B.Rot 3075.JPG,11,Grape___Black_rot,3,train,partition::00011577,Grape___Black_rot:::131,quantity_skew,0.1,0.1,none,42,-1
Grape___Black_rot/65d7b3e2-5835-45fe-ba18-da9f7a01eff0___FAM_B.Rot 0470.JPG,11,Grape___Black_rot,3,train,partition::00011277,Grape___Black_rot:::37,quantity_skew,0.1,0.1,none,42,-1
Grape___Black_rot/68318beb-9638-494e-af5f-ef82c30943f2___FAM_B.Rot 0764.JPG,11,Grape___Black_rot,3,train,partition::00011068,Grape___Black_rot:::110,quantity_skew,0.1,0.1,none,42,-1
Grape___Black_rot/7b6831ec-c21f-4b02-8f83-7c08a9eab2ff___FAM_B.Rot 3523.JPG,11,Grape___Black_rot,3,train,partition::00011001,Grape___Black_rot:::243,quantity_skew,0.1,0.1,none,42,-1
Grape___Black_rot/7fca570e-59da-4f97-829d-dec4eeb0f341___FAM_B.Rot 3525.JPG,11,Grape___Black_rot,3,train,partition::00011001,Grape___Black_rot:::243,quantity_skew,0.1,0.1,none,42,-1
Grape___Black_rot/840871b3-63fb-4c24-a455-b26b2d6b1bb1___FAM_B.Rot 0503.JPG,11,Grape___Black_rot,3,train,partition::00011027,Grape___Black_rot:::46,quantity_skew,0.1,0.1,none,42,-1
Grape___Black_rot/844fb4ec-7ec0-4a8a-9c1f-a704b9df40db___FAM_B.Rot 0388.JPG,11,Grape___Black_rot,3,train,partition::00011162,Grape___Black_rot:::17,quantity_skew,0.1,0.1,none,42,-1
Grape___Black_rot/881ea69c-736d-4ea9-8820-17f37d5ecfd4___FAM_B.Rot 3074.JPG,11,Grape___Black_rot,3,train,partition::00011577,Grape___Black_rot:::131,quantity_skew,0.1,0.1,none,42,-1
Grape___Black_rot/8abe0983-7452-4612-9705-d9ea34c19c08___FAM_B.Rot 0762.JPG,11,Grape___Black_rot,3,train,partition::00011068,Grape___Black_rot:::110,quantity_skew,0.1,0.1,none,42,-1
Grape___Black_rot/8ac447fe-062a-4a55-8891-776cc5c2cb61___FAM_B.Rot 0761.JPG,11,Grape___Black_rot,3,train,partition::00011068,Grape___Black_rot:::110,quantity_skew,0.1,0.1,none,42,-1
Grape___Black_rot/8e8d9be2-e1fd-47f7-bb64-3b8a43762223___FAM_B.Rot 0763.JPG,11,Grape___Black_rot,3,train,partition::00011068,Grape___Black_rot:::110,quantity_skew,0.1,0.1,none,42,-1
Grape___Black_rot/8f51b4d4-8864-4575-b5a8-a55a755537fd___FAM_B.Rot 0387.JPG,11,Grape___Black_rot,3,train,partition::00011162,Grape___Black_rot:::17,quantity_skew,0.1,0.1,none,42,-1
Grape___Black_rot/906afb9d-716c-4e17-8e3d-c0fe7a3b75cb___FAM_B.Rot 0390.JPG,11,Grape___Black_rot,3,train,partition::00011162,Grape___Black_rot:::17,quantity_skew,0.1,0.1,none,42,-1
Grape___Black_rot/a0947b5b-4c7f-4388-b786-4b1d8fdcd9c6___FAM_B.Rot 0389.JPG,11,Grape___Black_rot,3,train,partition::00011162,Grape___Black_rot:::17,quantity_skew,0.1,0.1,none,42,-1
Grape___Black_rot/a6ef3e8d-1bd6-4426-9251-cf7985a04f26___FAM_B.Rot 0468.JPG,11,Grape___Black_rot,3,train,partition::00011277,Grape___Black_rot:::37,quantity_skew,0.1,0.1,none,42,-1
Grape___Black_rot/ad920597-ffed-4681-9cf4-9dbafb7da6f5___FAM_B.Rot 3007.JPG,11,Grape___Black_rot,3,train,partition::00011419,Grape___Black_rot:::114,quantity_skew,0.1,0.1,none,42,-1
Grape___Black_rot/b4fd2102-5491-437b-a8f2-2a6e431565b1___FAM_B.Rot 0467.JPG,11,Grape___Black_rot,3,train,partition::00011277,Grape___Black_rot:::37,quantity_skew,0.1,0.1,none,42,-1
Grape___Black_rot/b66993a6-287c-4c64-abb7-543bae0718de___FAM_B.Rot 3076.JPG,11,Grape___Black_rot,3,train,partition::00011577,Grape___Black_rot:::131,quantity_skew,0.1,0.1,none,42,-1
Grape___Black_rot/d2bd388b-b815-4e05-982b-132dfefbf7f5___FAM_B.Rot 3006.JPG,11,Grape___Black_rot,3,train,partition::00011419,Grape___Black_rot:::114,quantity_skew,0.1,0.1,none,42,-1
Grape___Black_rot/f85b306b-4e1d-4542-9b9f-d4d5847992fc___FAM_B.Rot 3073.JPG,11,Grape___Black_rot,3,train,partition::00011577,Grape___Black_rot:::131,quantity_skew,0.1,0.1,none,42,-1
Grape___Esca_(Black_Measles)/0279ec2c-5470-47e8-b1ba-79442bd323bb___FAM_B.Msls 4396.JPG,12,Grape___Esca_(Black_Measles),3,train,partition::00012100,Grape___Esca_(Black_Measles):::321,quantity_skew,0.1,0.1,none,42,-1
Grape___Esca_(Black_Measles)/0336e894-5963-4a7e-9b56-e802473ae4c5___FAM_B.Msls 1231.JPG,12,Grape___Esca_(Black_Measles),3,train,partition::00012676,Grape___Esca_(Black_Measles):::103,quantity_skew,0.1,0.1,none,42,-1
Grape___Esca_(Black_Measles)/0cc3eac2-1289-4aee-9936-b541ca7fbffa___FAM_B.Msls 4234.JPG,12,Grape___Esca_(Black_Measles),3,train,partition::00012989,Grape___Esca_(Black_Measles):::281,quantity_skew,0.1,0.1,none,42,-1
Grape___Esca_(Black_Measles)/0efbc06a-3f10-4a56-bd7d-a8a9d0e66be2___FAM_B.Msls 1874.JPG,12,Grape___Esca_(Black_Measles),3,train,partition::00012703,Grape___Esca_(Black_Measles):::169,quantity_skew,0.1,0.1,none,42,-1
Grape___Esca_(Black_Measles)/0fa9cca0-f4e4-4a1e-925c-1111fc1597f0___FAM_B.Msls 4107.JPG,12,Grape___Esca_(Black_Measles),3,train,partition::00012341,Grape___Esca_(Black_Measles):::250,quantity_skew,0.1,0.1,none,42,-1
Grape___Esca_(Black_Measles)/16d1585b-326c-47ae-b351-328aeb4cb441___FAM_B.Msls 3904.JPG,12,Grape___Esca_(Black_Measles),3,train,partition::00012747,Grape___Esca_(Black_Measles):::199,quantity_skew,0.1,0.1,none,42,-1
Grape___Esca_(Black_Measles)/17566750-1381-4ab9-987c-d945ef653a36___FAM_B.Msls 3903.JPG,12,Grape___Esca_(Black_Measles),3,train,partition::00012747,Grape___Esca_(Black_Measles):::199,quantity_skew,0.1,0.1,none,42,-1
Grape___Esca_(Black_Measles)/1abf6a06-12f2-4266-97db-01b6291fc71d___FAM_B.Msls 3905.JPG,12,Grape___Esca_(Black_Measles),3,train,partition::00012747,Grape___Esca_(Black_Measles):::199,quantity_skew,0.1,0.1,none,42,-1
Grape___Esca_(Black_Measles)/1cb1a7e1-b930-43c2-a1ee-26b694931955___FAM_B.Msls 4395.JPG,12,Grape___Esca_(Black_Measles),3,train,partition::00012100,Grape___Esca_(Black_Measles):::321,quantity_skew,0.1,0.1,none,42,-1
Grape___Esca_(Black_Measles)/1e1bdfac-c3a6-4fd2-a732-e0be4b7118e4___FAM_B.Msls 4110.JPG,12,Grape___Esca_(Black_Measles),3,train,partition::00012341,Grape___Esca_(Black_Measles):::250,quantity_skew,0.1,0.1,none,42,-1
Grape___Esca_(Black_Measles)/23fd32ac-c77d-4f4f-8727-c66cfcce9717___FAM_B.Msls 3842.JPG,12,Grape___Esca_(Black_Measles),3,train,partition::00012961,Grape___Esca_(Black_Measles):::184,quantity_skew,0.1,0.1,none,42,-1
Grape___Esca_(Black_Measles)/260bdf15-e113-4c70-a987-603bd0eac488___FAM_B.Msls 4397.JPG,12,Grape___Esca_(Black_Measles),3,train,partition::00012100,Grape___Esca_(Black_Measles):::321,quantity_skew,0.1,0.1,none,42,-1
Grape___Esca_(Black_Measles)/40175b4b-929c-4f59-bdc6-157054b2fdce___FAM_B.Msls 3843.JPG,12,Grape___Esca_(Black_Measles),3,train,partition::00012961,Grape___Esca_(Black_Measles):::184,quantity_skew,0.1,0.1,none,42,-1
Grape___Esca_(Black_Measles)/5973395a-d9c4-4d9f-9f8e-52a36b256e63___FAM_B.Msls 4394.JPG,12,Grape___Esca_(Black_Measles),3,train,partition::00012100,Grape___Esca_(Black_Measles):::321,quantity_skew,0.1,0.1,none,42,-1
Grape___Esca_(Black_Measles)/6753be67-d641-457e-b5c7-8ec9ee876ca5___FAM_B.Msls 4333.JPG,12,Grape___Esca_(Black_Measles),3,train,partition::00012450,Grape___Esca_(Black_Measles):::306,quantity_skew,0.1,0.1,none,42,-1
Grape___Esca_(Black_Measles)/6aaeaa60-f3f5-4c56-bb99-45134b9ac11a___FAM_B.Msls 1870.JPG,12,Grape___Esca_(Black_Measles),3,train,partition::00012703,Grape___Esca_(Black_Measles):::169,quantity_skew,0.1,0.1,none,42,-1
Grape___Esca_(Black_Measles)/79e261e6-ab89-4675-973c-bf55a6843e35___FAM_B.Msls 4335.JPG,12,Grape___Esca_(Black_Measles),3,train,partition::00012450,Grape___Esca_(Black_Measles):::306,quantity_skew,0.1,0.1,none,42,-1
Grape___Esca_(Black_Measles)/7a0b90f2-95f9-4886-b35e-3b86baee2de6___FAM_B.Msls 1872.JPG,12,Grape___Esca_(Black_Measles),3,train,partition::00012703,Grape___Esca_(Black_Measles):::169,quantity_skew,0.1,0.1,none,42,-1
Grape___Esca_(Black_Measles)/7e504a9a-62b9-4472-87e8-272e64af9d4b___FAM_B.Msls 4334.JPG,12,Grape___Esca_(Black_Measles),3,train,partition::00012450,Grape___Esca_(Black_Measles):::306,quantity_skew,0.1,0.1,none,42,-1
Grape___Esca_(Black_Measles)/7fe4a6ab-01f2-475f-ad6e-9d47e1ce3168___FAM_B.Msls 4108.JPG,12,Grape___Esca_(Black_Measles),3,train,partition::00012341,Grape___Esca_(Black_Measles):::250,quantity_skew,0.1,0.1,none,42,-1
Grape___Esca_(Black_Measles)/83312d48-c638-4e60-ba2e-84a29d99901a___FAM_B.Msls 1233.JPG,12,Grape___Esca_(Black_Measles),3,train,partition::00012676,Grape___Esca_(Black_Measles):::103,quantity_skew,0.1,0.1,none,42,-1
Grape___Esca_(Black_Measles)/86cb82ff-f6d9-40c7-9d4e-3434e8061af1___FAM_B.Msls 4109.JPG,12,Grape___Esca_(Black_Measles),3,train,partition::00012341,Grape___Esca_(Black_Measles):::250,quantity_skew,0.1,0.1,none,42,-1
Grape___Esca_(Black_Measles)/8a0b6e63-15e9-47db-a1b8-37ed43e1b1e0___FAM_B.Msls 1234.JPG,12,Grape___Esca_(Black_Measles),3,train,partition::00012676,Grape___Esca_(Black_Measles):::103,quantity_skew,0.1,0.1,none,42,-1
Grape___Esca_(Black_Measles)/9e47aad4-8bce-410c-80d3-8dad4c565114___FAM_B.Msls 4336.JPG,12,Grape___Esca_(Black_Measles),3,train,partition::00012450,Grape___Esca_(Black_Measles):::306,quantity_skew,0.1,0.1,none,42,-1
Grape___Esca_(Black_Measles)/b5cd7194-ba06-4fd5-a24c-4c384f49e65b___FAM_B.Msls 4232.JPG,12,Grape___Esca_(Black_Measles),3,train,partition::00012989,Grape___Esca_(Black_Measles):::281,quantity_skew,0.1,0.1,none,42,-1
Grape___Esca_(Black_Measles)/bff82ef7-9721-487a-9622-8518213526a4___FAM_B.Msls 4233.JPG,12,Grape___Esca_(Black_Measles),3,train,partition::00012989,Grape___Esca_(Black_Measles):::281,quantity_skew,0.1,0.1,none,42,-1
Grape___Esca_(Black_Measles)/c6701b18-c9ab-4a72-9956-e0c492d58550___FAM_B.Msls 1232.JPG,12,Grape___Esca_(Black_Measles),3,train,partition::00012676,Grape___Esca_(Black_Measles):::103,quantity_skew,0.1,0.1,none,42,-1
Grape___Esca_(Black_Measles)/cb863d41-b4ad-4a93-b2b7-53270959a26e___FAM_B.Msls 1873.JPG,12,Grape___Esca_(Black_Measles),3,train,partition::00012703,Grape___Esca_(Black_Measles):::169,quantity_skew,0.1,0.1,none,42,-1
Grape___Esca_(Black_Measles)/d2cb8221-a948-4c96-8cef-a4a1dfc3cdea___FAM_B.Msls 3902.JPG,12,Grape___Esca_(Black_Measles),3,train,partition::00012747,Grape___Esca_(Black_Measles):::199,quantity_skew,0.1,0.1,none,42,-1
Grape___Esca_(Black_Measles)/e8187940-f038-4d66-91d6-ba487eb2824f___FAM_B.Msls 3841.JPG,12,Grape___Esca_(Black_Measles),3,train,partition::00012961,Grape___Esca_(Black_Measles):::184,quantity_skew,0.1,0.1,none,42,-1
Grape___Esca_(Black_Measles)/faca5bc0-ad0c-4a22-94b8-5369536d10b1___FAM_B.Msls 3840.JPG,12,Grape___Esca_(Black_Measles),3,train,partition::00012961,Grape___Esca_(Black_Measles):::184,quantity_skew,0.1,0.1,none,42,-1
Grape___Esca_(Black_Measles)/ff84cf23-26da-4bb3-ae1f-65a71f6bbfa9___FAM_B.Msls 4235.JPG,12,Grape___Esca_(Black_Measles),3,train,partition::00012989,Grape___Esca_(Black_Measles):::281,quantity_skew,0.1,0.1,none,42,-1
Grape___Leaf_blight_(Isariopsis_Leaf_Spot)/0b37a4c1-65f3-4af6-a73c-d477a7897e1a___FAM_L.Blight 4779.JPG,13,Grape___Leaf_blight_(Isariopsis_Leaf_Spot),3,train,partition::00013955,Grape___Leaf_blight_(Isariopsis_Leaf_Spot):::214,quantity_skew,0.1,0.1,none,42,-1
Grape___Leaf_blight_(Isariopsis_Leaf_Spot)/1d79a268-2804-47ce-83fe-b8e3036baa2f___FAM_L.Blight 4780.JPG,13,Grape___Leaf_blight_(Isariopsis_Leaf_Spot),3,train,partition::00013955,Grape___Leaf_blight_(Isariopsis_Leaf_Spot):::214,quantity_skew,0.1,0.1,none,42,-1
Grape___Leaf_blight_(Isariopsis_Leaf_Spot)/2d04f070-99d0-4f2d-a7da-3298bf2de057___FAM_L.Blight 4645.JPG,13,Grape___Leaf_blight_(Isariopsis_Leaf_Spot),3,train,partition::00013776,Grape___Leaf_blight_(Isariopsis_Leaf_Spot):::180,quantity_skew,0.1,0.1,none,42,-1
Grape___Leaf_blight_(Isariopsis_Leaf_Spot)/3911cc5f-6168-475b-a4e3-bb903abc633a___FAM_L.Blight 4607.JPG,13,Grape___Leaf_blight_(Isariopsis_Leaf_Spot),3,train,partition::00013706,Grape___Leaf_blight_(Isariopsis_Leaf_Spot):::171,quantity_skew,0.1,0.1,none,42,-1
Grape___Leaf_blight_(Isariopsis_Leaf_Spot)/3b8a92d2-4975-4fb7-b411-fb33e3a4feca___FAM_L.Blight 1580.JPG,13,Grape___Leaf_blight_(Isariopsis_Leaf_Spot),3,train,partition::00013783,Grape___Leaf_blight_(Isariopsis_Leaf_Spot):::67,quantity_skew,0.1,0.1,none,42,-1
Grape___Leaf_blight_(Isariopsis_Leaf_Spot)/3e14eb16-4fd0-4c1f-92bb-c3efc01dc35c___FAM_L.Blight 1721.JPG,13,Grape___Leaf_blight_(Isariopsis_Leaf_Spot),3,train,partition::00013842,Grape___Leaf_blight_(Isariopsis_Leaf_Spot):::102,quantity_skew,0.1,0.1,none,42,-1
Grape___Leaf_blight_(Isariopsis_Leaf_Spot)/49dd07b2-ae4e-4e36-928c-a5bdb4577431___FAM_L.Blight 4700.JPG,13,Grape___Leaf_blight_(Isariopsis_Leaf_Spot),3,train,partition::00013863,Grape___Leaf_blight_(Isariopsis_Leaf_Spot):::194,quantity_skew,0.1,0.1,none,42,-1
Grape___Leaf_blight_(Isariopsis_Leaf_Spot)/69a14243-b896-4910-8c9a-f96920d738d8___FAM_L.Blight 1722.JPG,13,Grape___Leaf_blight_(Isariopsis_Leaf_Spot),3,train,partition::00013842,Grape___Leaf_blight_(Isariopsis_Leaf_Spot):::102,quantity_skew,0.1,0.1,none,42,-1
Grape___Leaf_blight_(Isariopsis_Leaf_Spot)/6f341942-20d0-4fee-acee-0d0d8cf76a96___FAM_L.Blight 4609.JPG,13,Grape___Leaf_blight_(Isariopsis_Leaf_Spot),3,train,partition::00013706,Grape___Leaf_blight_(Isariopsis_Leaf_Spot):::171,quantity_skew,0.1,0.1,none,42,-1
Grape___Leaf_blight_(Isariopsis_Leaf_Spot)/6fe7c718-b62b-4894-924f-c7922c6494da___FAM_L.Blight 4778.JPG,13,Grape___Leaf_blight_(Isariopsis_Leaf_Spot),3,train,partition::00013955,Grape___Leaf_blight_(Isariopsis_Leaf_Spot):::214,quantity_skew,0.1,0.1,none,42,-1
Grape___Leaf_blight_(Isariopsis_Leaf_Spot)/7d72809d-826b-42fa-aa8c-523f73f21c9a___FAM_L.Blight 4644.JPG,13,Grape___Leaf_blight_(Isariopsis_Leaf_Spot),3,train,partition::00013776,Grape___Leaf_blight_(Isariopsis_Leaf_Spot):::180,quantity_skew,0.1,0.1,none,42,-1
Grape___Leaf_blight_(Isariopsis_Leaf_Spot)/88a40dd6-6598-4b9a-9303-4757546e3d9d___FAM_L.Blight 1583.JPG,13,Grape___Leaf_blight_(Isariopsis_Leaf_Spot),3,train,partition::00013783,Grape___Leaf_blight_(Isariopsis_Leaf_Spot):::67,quantity_skew,0.1,0.1,none,42,-1
Grape___Leaf_blight_(Isariopsis_Leaf_Spot)/8bb44bd5-52f7-416d-98bf-f95ec6ca4d99___FAM_L.Blight 1581.JPG,13,Grape___Leaf_blight_(Isariopsis_Leaf_Spot),3,train,partition::00013783,Grape___Leaf_blight_(Isariopsis_Leaf_Spot):::67,quantity_skew,0.1,0.1,none,42,-1
Grape___Leaf_blight_(Isariopsis_Leaf_Spot)/904ad76d-c2c5-43b2-a874-7b80602602d5___FAM_L.Blight 4608.JPG,13,Grape___Leaf_blight_(Isariopsis_Leaf_Spot),3,train,partition::00013706,Grape___Leaf_blight_(Isariopsis_Leaf_Spot):::171,quantity_skew,0.1,0.1,none,42,-1
Grape___Leaf_blight_(Isariopsis_Leaf_Spot)/a2a42f89-81dc-400d-adef-ef2bc30860b7___FAM_L.Blight 4642.JPG,13,Grape___Leaf_blight_(Isariopsis_Leaf_Spot),3,train,partition::00013776,Grape___Leaf_blight_(Isariopsis_Leaf_Spot):::180,quantity_skew,0.1,0.1,none,42,-1
Grape___Leaf_blight_(Isariopsis_Leaf_Spot)/a3c0ea9e-826f-4898-a614-e2ab42ecd1bc___FAM_L.Blight 4701.JPG,13,Grape___Leaf_blight_(Isariopsis_Leaf_Spot),3,train,partition::00013863,Grape___Leaf_blight_(Isariopsis_Leaf_Spot):::194,quantity_skew,0.1,0.1,none,42,-1
Grape___Leaf_blight_(Isariopsis_Leaf_Spot)/aa11694d-d464-421b-a5d5-2835100ee413___FAM_L.Blight 4554.JPG,13,Grape___Leaf_blight_(Isariopsis_Leaf_Spot),3,train,partition::00014025,Grape___Leaf_blight_(Isariopsis_Leaf_Spot):::158,quantity_skew,0.1,0.1,none,42,-1
Grape___Leaf_blight_(Isariopsis_Leaf_Spot)/ac320080-cf4a-4abc-b351-54015e4fca23___FAM_L.Blight 4606.JPG,13,Grape___Leaf_blight_(Isariopsis_Leaf_Spot),3,train,partition::00013706,Grape___Leaf_blight_(Isariopsis_Leaf_Spot):::171,quantity_skew,0.1,0.1,none,42,-1
Grape___Leaf_blight_(Isariopsis_Leaf_Spot)/b72e44b6-9ccf-4140-8874-84584abd0aeb___FAM_L.Blight 4699.JPG,13,Grape___Leaf_blight_(Isariopsis_Leaf_Spot),3,train,partition::00013863,Grape___Leaf_blight_(Isariopsis_Leaf_Spot):::194,quantity_skew,0.1,0.1,none,42,-1
Grape___Leaf_blight_(Isariopsis_Leaf_Spot)/be7eb500-3179-4a58-aa1b-78b0cb57681a___FAM_L.Blight 4643.JPG,13,Grape___Leaf_blight_(Isariopsis_Leaf_Spot),3,train,partition::00013776,Grape___Leaf_blight_(Isariopsis_Leaf_Spot):::180,quantity_skew,0.1,0.1,none,42,-1
Grape___Leaf_blight_(Isariopsis_Leaf_Spot)/bf846800-d35a-4510-bbed-1ad8b12dc4f8___FAM_L.Blight 1582.JPG,13,Grape___Leaf_blight_(Isariopsis_Leaf_Spot),3,train,partition::00013783,Grape___Leaf_blight_(Isariopsis_Leaf_Spot):::67,quantity_skew,0.1,0.1,none,42,-1
Grape___Leaf_blight_(Isariopsis_Leaf_Spot)/c87a75d3-5398-4d76-a225-c603dfb9ce92___FAM_L.Blight 1720.JPG,13,Grape___Leaf_blight_(Isariopsis_Leaf_Spot),3,train,partition::00013842,Grape___Leaf_blight_(Isariopsis_Leaf_Spot):::102,quantity_skew,0.1,0.1,none,42,-1
Grape___Leaf_blight_(Isariopsis_Leaf_Spot)/ccb23f86-a08c-4f4c-86b0-f9f6006b9ba0___FAM_L.Blight 1723.JPG,13,Grape___Leaf_blight_(Isariopsis_Leaf_Spot),3,train,partition::00013842,Grape___Leaf_blight_(Isariopsis_Leaf_Spot):::102,quantity_skew,0.1,0.1,none,42,-1
Grape___Leaf_blight_(Isariopsis_Leaf_Spot)/d0c5c4a8-a327-483e-8f28-9433185063ff___FAM_L.Blight 4698.JPG,13,Grape___Leaf_blight_(Isariopsis_Leaf_Spot),3,train,partition::00013863,Grape___Leaf_blight_(Isariopsis_Leaf_Spot):::194,quantity_skew,0.1,0.1,none,42,-1
Grape___Leaf_blight_(Isariopsis_Leaf_Spot)/e598b8fd-f1ba-4037-ac58-fd931bf8cd56___FAM_L.Blight 4557.JPG,13,Grape___Leaf_blight_(Isariopsis_Leaf_Spot),3,train,partition::00014025,Grape___Leaf_blight_(Isariopsis_Leaf_Spot):::158,quantity_skew,0.1,0.1,none,42,-1
Grape___Leaf_blight_(Isariopsis_Leaf_Spot)/e7ba72e2-a8ec-4376-a053-d33c1ba0a819___FAM_L.Blight 4781.JPG,13,Grape___Leaf_blight_(Isariopsis_Leaf_Spot),3,train,partition::00013955,Grape___Leaf_blight_(Isariopsis_Leaf_Spot):::214,quantity_skew,0.1,0.1,none,42,-1
Grape___Leaf_blight_(Isariopsis_Leaf_Spot)/e8d45d85-2665-4276-8fa9-5ee550e9650d___FAM_L.Blight 4555.JPG,13,Grape___Leaf_blight_(Isariopsis_Leaf_Spot),3,train,partition::00014025,Grape___Leaf_blight_(Isariopsis_Leaf_Spot):::158,quantity_skew,0.1,0.1,none,42,-1
Grape___Leaf_blight_(Isariopsis_Leaf_Spot)/f2b27716-3d46-41b3-9937-c0fd76b93be2___FAM_L.Blight 4556.JPG,13,Grape___Leaf_blight_(Isariopsis_Leaf_Spot),3,train,partition::00014025,Grape___Leaf_blight_(Isariopsis_Leaf_Spot):::158,quantity_skew,0.1,0.1,none,42,-1
Grape___healthy/1665e179-a04d-4c61-8a64-d228e0344b62___Mt.N.V_HL 6073.JPG,14,Grape___healthy,3,train,partition::00014111,img::D:/university/do-an-tot-nghiep/train-gd-2/PlantVillage-Dataset/raw/color/Grape___healthy/1665e179-a04d-4c61-8a64-d228e0344b62___Mt.N.V_HL 6073.JPG,quantity_skew,0.1,0.1,none,42,-1
Grape___healthy/1725a647-0866-45be-bd9f-e5add660c340___Mt.N.V_HL 9083.JPG,14,Grape___healthy,3,train,partition::00014112,img::D:/university/do-an-tot-nghiep/train-gd-2/PlantVillage-Dataset/raw/color/Grape___healthy/1725a647-0866-45be-bd9f-e5add660c340___Mt.N.V_HL 9083.JPG,quantity_skew,0.1,0.1,none,42,-1
Grape___healthy/3442eaa8-390e-43c1-8dca-ac98e552ce75___Mt.N.V_HL 6045.JPG,14,Grape___healthy,3,train,partition::00014163,img::D:/university/do-an-tot-nghiep/train-gd-2/PlantVillage-Dataset/raw/color/Grape___healthy/3442eaa8-390e-43c1-8dca-ac98e552ce75___Mt.N.V_HL 6045.JPG,quantity_skew,0.1,0.1,none,42,-1
Grape___healthy/63e38ffd-dfb4-4fc0-aee2-0e6da78a9915___Mt.N.V_HL 6028.JPG,14,Grape___healthy,3,train,partition::00014242,img::D:/university/do-an-tot-nghiep/train-gd-2/PlantVillage-Dataset/raw/color/Grape___healthy/63e38ffd-dfb4-4fc0-aee2-0e6da78a9915___Mt.N.V_HL 6028.JPG,quantity_skew,0.1,0.1,none,42,-1
Grape___healthy/6f1cda60-ba09-4c3e-a54a-3f08cfd15d1e___Mt.N.V_HL 8975.JPG,14,Grape___healthy,3,train,partition::00014259,img::D:/university/do-an-tot-nghiep/train-gd-2/PlantVillage-Dataset/raw/color/Grape___healthy/6f1cda60-ba09-4c3e-a54a-3f08cfd15d1e___Mt.N.V_HL 8975.JPG,quantity_skew,0.1,0.1,none,42,-1
Grape___healthy/71af6c2b-b3ed-4629-8aaa-7b60187caee1___Mt.N.V_HL 9069.JPG,14,Grape___healthy,3,train,partition::00014263,img::D:/university/do-an-tot-nghiep/train-gd-2/PlantVillage-Dataset/raw/color/Grape___healthy/71af6c2b-b3ed-4629-8aaa-7b60187caee1___Mt.N.V_HL 9069.JPG,quantity_skew,0.1,0.1,none,42,-1
Grape___healthy/8e9f476c-e7ea-496e-a367-d384d1be2654___Mt.N.V_HL 8995.JPG,14,Grape___healthy,3,train,partition::00014311,img::D:/university/do-an-tot-nghiep/train-gd-2/PlantVillage-Dataset/raw/color/Grape___healthy/8e9f476c-e7ea-496e-a367-d384d1be2654___Mt.N.V_HL 8995.JPG,quantity_skew,0.1,0.1,none,42,-1
Grape___healthy/abf00723-a8e1-41e9-9fa6-0c73be7d0854___Mt.N.V_HL 6208.JPG,14,Grape___healthy,3,train,partition::00014357,img::D:/university/do-an-tot-nghiep/train-gd-2/PlantVillage-Dataset/raw/color/Grape___healthy/abf00723-a8e1-41e9-9fa6-0c73be7d0854___Mt.N.V_HL 6208.JPG,quantity_skew,0.1,0.1,none,42,-1
Grape___healthy/d966ee8e-abdc-4841-94a5-ae1bed9da16c___Mt.N.V_HL 9094.JPG,14,Grape___healthy,3,train,partition::00014434,img::D:/university/do-an-tot-nghiep/train-gd-2/PlantVillage-Dataset/raw/color/Grape___healthy/d966ee8e-abdc-4841-94a5-ae1bed9da16c___Mt.N.V_HL 9094.JPG,quantity_skew,0.1,0.1,none,42,-1
Grape___healthy/daf0e2e3-1d2b-4fcf-9dba-1ffa7605766e___Mt.N.V_HL 6210.JPG,14,Grape___healthy,3,train,partition::00014437,img::D:/university/do-an-tot-nghiep/train-gd-2/PlantVillage-Dataset/raw/color/Grape___healthy/daf0e2e3-1d2b-4fcf-9dba-1ffa7605766e___Mt.N.V_HL 6210.JPG,quantity_skew,0.1,0.1,none,42,-1
Orange___Haunglongbing_(Citrus_greening)/0051c200-bffe-4fa9-8518-594cd061d435___CREC_HLB 4835.JPG,15,Orange___Haunglongbing_(Citrus_greening),3,train,partition::00019528,Orange___Haunglongbing_(Citrus_greening):::OCT_241,quantity_skew,0.1,0.1,none,42,-1
Orange___Haunglongbing_(Citrus_greening)/0473880a-569c-48e8-942b-18e257dd517f___CREC_HLB 7770.JPG,15,Orange___Haunglongbing_(Citrus_greening),3,train,partition::00019617,Orange___Haunglongbing_(Citrus_greening):::OCT_801,quantity_skew,0.1,0.1,none,42,-1
Orange___Haunglongbing_(Citrus_greening)/06542d85-b0ea-4598-a535-a778f05a31e9___CREC_HLB 5475.JPG,15,Orange___Haunglongbing_(Citrus_greening),3,train,partition::00019853,Orange___Haunglongbing_(Citrus_greening):::OCT_401,quantity_skew,0.1,0.1,none,42,-1
Orange___Haunglongbing_(Citrus_greening)/07e7e2b4-4aca-48d8-a384-8e48362e92c8___CREC_HLB 5296.JPG,15,Orange___Haunglongbing_(Citrus_greening),3,train,partition::00019068,Orange___Haunglongbing_(Citrus_greening):::OCT_356,quantity_skew,0.1,0.1,none,42,-1
Orange___Haunglongbing_(Citrus_greening)/0e1c5ed3-692d-4589-bd10-ca891a60ae0e___CREC_HLB 5476.JPG,15,Orange___Haunglongbing_(Citrus_greening),3,train,partition::00019853,Orange___Haunglongbing_(Citrus_greening):::OCT_401,quantity_skew,0.1,0.1,none,42,-1
Orange___Haunglongbing_(Citrus_greening)/0ef281c2-bb10-4b51-a9b7-fae2927cbee6___CREC_HLB 7063.JPG,15,Orange___Haunglongbing_(Citrus_greening),3,train,partition::00019028,Orange___Haunglongbing_(Citrus_greening):::OCT_627,quantity_skew,0.1,0.1,none,42,-1
Orange___Haunglongbing_(Citrus_greening)/100e0338-0682-4d6b-8030-59fe3dd50ae3___UF.Citrus_HLB_Lab 0922.JPG,15,Orange___Haunglongbing_(Citrus_greening),3,train,partition::00019879,Orange___Haunglongbing_(Citrus_greening):::56,quantity_skew,0.1,0.1,none,42,-1
Orange___Haunglongbing_(Citrus_greening)/108d8f8a-c119-4d02-be3d-ab1e4d63b977___CREC_HLB 7113.JPG,15,Orange___Haunglongbing_(Citrus_greening),3,train,partition::00018930,Orange___Haunglongbing_(Citrus_greening):::OCT_639,quantity_skew,0.1,0.1,none,42,-1
Orange___Haunglongbing_(Citrus_greening)/1452bd8e-d443-4f1d-991e-b868bb4faa06___UF.Citrus_HLB_Lab 0913.JPG,15,Orange___Haunglongbing_(Citrus_greening),3,train,partition::00019879,Orange___Haunglongbing_(Citrus_greening):::56,quantity_skew,0.1,0.1,none,42,-1
Orange___Haunglongbing_(Citrus_greening)/18343feb-a150-4ffb-8a12-61da13bcbb4f___CREC_HLB 4836.JPG,15,Orange___Haunglongbing_(Citrus_greening),3,train,partition::00019528,Orange___Haunglongbing_(Citrus_greening):::OCT_241,quantity_skew,0.1,0.1,none,42,-1
Orange___Haunglongbing_(Citrus_greening)/1877dd29-43cc-4b80-b160-43c069dc075a___UF.Citrus_HLB_Lab 0584.JPG,15,Orange___Haunglongbing_(Citrus_greening),3,train,partition::00019814,Orange___Haunglongbing_(Citrus_greening):::40,quantity_skew,0.1,0.1,none,42,-1
Orange___Haunglongbing_(Citrus_greening)/1aad9b39-f51f-4973-b3ec-448af4869857___UF.Citrus_HLB_Lab 0908.JPG,15,Orange___Haunglongbing_(Citrus_greening),3,train,partition::00019879,Orange___Haunglongbing_(Citrus_greening):::56,quantity_skew,0.1,0.1,none,42,-1
Orange___Haunglongbing_(Citrus_greening)/1fbbfa52-b098-4994-8cc3-88e3457846d2___UF.Citrus_HLB_Lab 0599.JPG,15,Orange___Haunglongbing_(Citrus_greening),3,train,partition::00019814,Orange___Haunglongbing_(Citrus_greening):::40,quantity_skew,0.1,0.1,none,42,-1
Orange___Haunglongbing_(Citrus_greening)/26a38aa0-8e3f-4af9-8afa-f70e59cf2718___UF.Citrus_HLB_Lab 0586.JPG,15,Orange___Haunglongbing_(Citrus_greening),3,train,partition::00019814,Orange___Haunglongbing_(Citrus_greening):::40,quantity_skew,0.1,0.1,none,42,-1
Orange___Haunglongbing_(Citrus_greening)/2dd299cc-f603-4455-a95e-441d09f7c69f___UF.Citrus_HLB_Lab 0581.JPG,15,Orange___Haunglongbing_(Citrus_greening),3,train,partition::00019814,Orange___Haunglongbing_(Citrus_greening):::40,quantity_skew,0.1,0.1,none,42,-1
Orange___Haunglongbing_(Citrus_greening)/2e6f9f97-2851-4f90-b09b-4984d4378c4c___CREC_HLB 4804.JPG,15,Orange___Haunglongbing_(Citrus_greening),3,train,partition::00018552,Orange___Haunglongbing_(Citrus_greening):::OCT_233,quantity_skew,0.1,0.1,none,42,-1
Orange___Haunglongbing_(Citrus_greening)/2f6e960f-53de-4cec-a82f-7abe90f5c5da___CREC_HLB 6448.JPG,15,Orange___Haunglongbing_(Citrus_greening),3,train,partition::00018298,Orange___Haunglongbing_(Citrus_greening):::OCT_473,quantity_skew,0.1,0.1,none,42,-1
Orange___Haunglongbing_(Citrus_greening)/3177876f-5c90-46b4-b991-2be4ccdb9ae4___UF.Citrus_HLB_Lab 0592.JPG,15,Orange___Haunglongbing_(Citrus_greening),3,train,partition::00019814,Orange___Haunglongbing_(Citrus_greening):::40,quantity_skew,0.1,0.1,none,42,-1
Orange___Haunglongbing_(Citrus_greening)/3417d9f0-835b-45ef-800e-07f17e6035ee___CREC_HLB 4328.JPG,15,Orange___Haunglongbing_(Citrus_greening),3,train,partition::00019131,Orange___Haunglongbing_(Citrus_greening):::OCT_115,quantity_skew,0.1,0.1,none,42,-1
Orange___Haunglongbing_(Citrus_greening)/3476ebb4-948a-47e7-babc-fdd029c0a8b6___CREC_HLB 5298.JPG,15,Orange___Haunglongbing_(Citrus_greening),3,train,partition::00019068,Orange___Haunglongbing_(Citrus_greening):::OCT_356,quantity_skew,0.1,0.1,none,42,-1
Orange___Haunglongbing_(Citrus_greening)/36f48026-4c20-4ff9-bfea-21f7e30d9f91___CREC_HLB 6505.JPG,15,Orange___Haunglongbing_(Citrus_greening),3,train,partition::00019967,Orange___Haunglongbing_(Citrus_greening):::OCT_487,quantity_skew,0.1,0.1,none,42,-1
Orange___Haunglongbing_(Citrus_greening)/3a994768-fdc3-4cb0-a1f5-1b25a7811ab0___CREC_HLB 4326.JPG,15,Orange___Haunglongbing_(Citrus_greening),3,train,partition::00019131,Orange___Haunglongbing_(Citrus_greening):::OCT_115,quantity_skew,0.1,0.1,none,42,-1
Orange___Haunglongbing_(Citrus_greening)/3acf75f0-5a81-4b2a-8b58-2f697193f1cf___UF.Citrus_HLB_Lab 9994.JPG,15,Orange___Haunglongbing_(Citrus_greening),3,train,partition::00019026,Orange___Haunglongbing_(Citrus_greening):::147,quantity_skew,0.1,0.1,none,42,-1
Orange___Haunglongbing_(Citrus_greening)/3bc55bac-faab-446e-a17e-f3113a416d1c___UF.Citrus_HLB_Lab 9990.JPG,15,Orange___Haunglongbing_(Citrus_greening),3,train,partition::00019026,Orange___Haunglongbing_(Citrus_greening):::147,quantity_skew,0.1,0.1,none,42,-1
Orange___Haunglongbing_(Citrus_greening)/3d27e9ab-e392-43d8-9507-b42973388485___UF.Citrus_HLB_Lab 1091.JPG,15,Orange___Haunglongbing_(Citrus_greening),3,train,partition::00019928,Orange___Haunglongbing_(Citrus_greening):::68,quantity_skew,0.1,0.1,none,42,-1
Orange___Haunglongbing_(Citrus_greening)/40b16209-1b01-40fd-9a9c-04755aee10d2___UF.Citrus_HLB_Lab 0905.JPG,15,Orange___Haunglongbing_(Citrus_greening),3,train,partition::00019879,Orange___Haunglongbing_(Citrus_greening):::56,quantity_skew,0.1,0.1,none,42,-1
Orange___Haunglongbing_(Citrus_greening)/412762a9-d6a8-40d1-8303-561bbbc15bfd___CREC_HLB 6504.JPG,15,Orange___Haunglongbing_(Citrus_greening),3,train,partition::00019967,Orange___Haunglongbing_(Citrus_greening):::OCT_487,quantity_skew,0.1,0.1,none,42,-1
Orange___Haunglongbing_(Citrus_greening)/41b311f3-9e87-4f8f-aa99-33ed8071e056___UF.Citrus_HLB_Lab 0916.JPG,15,Orange___Haunglongbing_(Citrus_greening),3,train,partition::00019879,Orange___Haunglongbing_(Citrus_greening):::56,quantity_skew,0.1,0.1,none,42,-1
Orange___Haunglongbing_(Citrus_greening)/46fd0d3b-cb3a-4c63-9cd9-cbb390c398fe___CREC_HLB 3962.JPG,15,Orange___Haunglongbing_(Citrus_greening),3,train,partition::00019438,Orange___Haunglongbing_(Citrus_greening):::OCT_24,quantity_skew,0.1,0.1,none,42,-1
Orange___Haunglongbing_(Citrus_greening)/47755aac-83e2-4fc7-808d-e6b995ed38d8___CREC_HLB 4803.JPG,15,Orange___Haunglongbing_(Citrus_greening),3,train,partition::00018552,Orange___Haunglongbing_(Citrus_greening):::OCT_233,quantity_skew,0.1,0.1,none,42,-1
Orange___Haunglongbing_(Citrus_greening)/4aab6dd7-eafc-443e-bfec-e2e9a3476e81___UF.Citrus_HLB_Lab 0920.JPG,15,Orange___Haunglongbing_(Citrus_greening),3,train,partition::00019879,Orange___Haunglongbing_(Citrus_greening):::56,quantity_skew,0.1,0.1,none,42,-1
Orange___Haunglongbing_(Citrus_greening)/4b8bd05a-baaf-4d38-8a62-ea58d0416497___UF.Citrus_HLB_Lab 1097.JPG,15,Orange___Haunglongbing_(Citrus_greening),3,train,partition::00019928,Orange___Haunglongbing_(Citrus_greening):::68,quantity_skew,0.1,0.1,none,42,-1
Orange___Haunglongbing_(Citrus_greening)/4df3c51f-ad8b-4cae-9744-8ab6b5fe34e9___UF.Citrus_HLB_Lab 1085.JPG,15,Orange___Haunglongbing_(Citrus_greening),3,train,partition::00019928,Orange___Haunglongbing_(Citrus_greening):::68,quantity_skew,0.1,0.1,none,42,-1
Orange___Haunglongbing_(Citrus_greening)/4f89c679-547a-4564-adaa-c963782745ac___UF.Citrus_HLB_Lab 0912.JPG,15,Orange___Haunglongbing_(Citrus_greening),3,train,partition::00019879,Orange___Haunglongbing_(Citrus_greening):::56,quantity_skew,0.1,0.1,none,42,-1
Orange___Haunglongbing_(Citrus_greening)/51fae938-6873-4698-bc95-689c27de3077___CREC_HLB 6911.JPG,15,Orange___Haunglongbing_(Citrus_greening),3,train,partition::00017124,Orange___Haunglongbing_(Citrus_greening):::OCT_589,quantity_skew,0.1,0.1,none,42,-1
Orange___Haunglongbing_(Citrus_greening)/52af7570-a472-47ab-8f63-f9d9c728b62a___CREC_HLB 6723.JPG,15,Orange___Haunglongbing_(Citrus_greening),3,train,partition::00019678,Orange___Haunglongbing_(Citrus_greening):::OCT_542,quantity_skew,0.1,0.1,none,42,-1
Orange___Haunglongbing_(Citrus_greening)/52dfc1d0-9ec3-4b66-b4ef-368c17436530___CREC_HLB 4406.JPG,15,Orange___Haunglongbing_(Citrus_greening),3,train,partition::00019453,Orange___Haunglongbing_(Citrus_greening):::OCT_135,quantity_skew,0.1,0.1,none,42,-1
Orange___Haunglongbing_(Citrus_greening)/544d1003-003a-4a7a-b901-d305ded755cd___CREC_HLB 6913.JPG,15,Orange___Haunglongbing_(Citrus_greening),3,train,partition::00017124,Orange___Haunglongbing_(Citrus_greening):::OCT_589,quantity_skew,0.1,0.1,none,42,-1
Orange___Haunglongbing_(Citrus_greening)/55f158f5-e7f8-420c-b77f-2b744fbd1a1f___CREC_HLB 6912.JPG,15,Orange___Haunglongbing_(Citrus_greening),3,train,partition::00017124,Orange___Haunglongbing_(Citrus_greening):::OCT_589,quantity_skew,0.1,0.1,none,42,-1
Orange___Haunglongbing_(Citrus_greening)/5737beb0-2577-4329-91ac-5f769ec92973___UF.Citrus_HLB_Lab 9989.JPG,15,Orange___Haunglongbing_(Citrus_greening),3,train,partition::00019026,Orange___Haunglongbing_(Citrus_greening):::147,quantity_skew,0.1,0.1,none,42,-1
Orange___Haunglongbing_(Citrus_greening)/587478ba-120a-4d3e-9224-1694284553a4___CREC_HLB 6724.JPG,15,Orange___Haunglongbing_(Citrus_greening),3,train,partition::00019678,Orange___Haunglongbing_(Citrus_greening):::OCT_542,quantity_skew,0.1,0.1,none,42,-1
Orange___Haunglongbing_(Citrus_greening)/58b6f887-add8-436c-923d-c7cab1594312___UF.Citrus_HLB_Lab 0597.JPG,15,Orange___Haunglongbing_(Citrus_greening),3,train,partition::00019814,Orange___Haunglongbing_(Citrus_greening):::40,quantity_skew,0.1,0.1,none,42,-1
Orange___Haunglongbing_(Citrus_greening)/58bad611-b8c9-47be-bb9a-ffb16c40fcb8___UF.Citrus_HLB_Lab 0590.JPG,15,Orange___Haunglongbing_(Citrus_greening),3,train,partition::00019814,Orange___Haunglongbing_(Citrus_greening):::40,quantity_skew,0.1,0.1,none,42,-1
Orange___Haunglongbing_(Citrus_greening)/5a02132f-9e64-49fb-b1e9-a020af286284___CREC_HLB 4834.JPG,15,Orange___Haunglongbing_(Citrus_greening),3,train,partition::00019528,Orange___Haunglongbing_(Citrus_greening):::OCT_241,quantity_skew,0.1,0.1,none,42,-1
Orange___Haunglongbing_(Citrus_greening)/5b713767-af4a-4c41-8815-8aab884a0a23___CREC_HLB 7677.JPG,15,Orange___Haunglongbing_(Citrus_greening),3,train,partition::00019452,Orange___Haunglongbing_(Citrus_greening):::OCT_778,quantity_skew,0.1,0.1,none,42,-1
Orange___Haunglongbing_(Citrus_greening)/5b80473c-aaae-4169-9a6b-a8a10bcda966___UF.Citrus_HLB_Lab 9991.JPG,15,Orange___Haunglongbing_(Citrus_greening),3,train,partition::00019026,Orange___Haunglongbing_(Citrus_greening):::147,quantity_skew,0.1,0.1,none,42,-1
Orange___Haunglongbing_(Citrus_greening)/5cd802c1-4d11-411e-8dfa-c82037b90353___UF.Citrus_HLB_Lab 0918.JPG,15,Orange___Haunglongbing_(Citrus_greening),3,train,partition::00019879,Orange___Haunglongbing_(Citrus_greening):::56,quantity_skew,0.1,0.1,none,42,-1
Orange___Haunglongbing_(Citrus_greening)/5e7094fe-a062-42f7-a04f-6235c8c910aa___UF.Citrus_HLB_Lab 9988.JPG,15,Orange___Haunglongbing_(Citrus_greening),3,train,partition::00019026,Orange___Haunglongbing_(Citrus_greening):::147,quantity_skew,0.1,0.1,none,42,-1
Orange___Haunglongbing_(Citrus_greening)/5e7e69f1-2d43-4f22-b94d-107b6fe19cd3___UF.Citrus_HLB_Lab 0915.JPG,15,Orange___Haunglongbing_(Citrus_greening),3,train,partition::00019879,Orange___Haunglongbing_(Citrus_greening):::56,quantity_skew,0.1,0.1,none,42,-1
Orange___Haunglongbing_(Citrus_greening)/601e822a-d01e-44ce-aa71-d5da3db3e594___UF.Citrus_HLB_Lab 0587.JPG,15,Orange___Haunglongbing_(Citrus_greening),3,train,partition::00019814,Orange___Haunglongbing_(Citrus_greening):::40,quantity_skew,0.1,0.1,none,42,-1
Orange___Haunglongbing_(Citrus_greening)/62dcaf3b-52fa-4a4b-820d-47aff0d9e690___UF.Citrus_HLB_Lab 9993.JPG,15,Orange___Haunglongbing_(Citrus_greening),3,train,partition::00019026,Orange___Haunglongbing_(Citrus_greening):::147,quantity_skew,0.1,0.1,none,42,-1
Orange___Haunglongbing_(Citrus_greening)/63fa5928-4a49-4eae-ba65-6bb907cd59a2___UF.Citrus_HLB_Lab 1092.JPG,15,Orange___Haunglongbing_(Citrus_greening),3,train,partition::00019928,Orange___Haunglongbing_(Citrus_greening):::68,quantity_skew,0.1,0.1,none,42,-1
Orange___Haunglongbing_(Citrus_greening)/6696f330-582b-4219-b13c-8ad9b463a3e7___UF.Citrus_HLB_Lab 0600.JPG,15,Orange___Haunglongbing_(Citrus_greening),3,train,partition::00019814,Orange___Haunglongbing_(Citrus_greening):::40,quantity_skew,0.1,0.1,none,42,-1
Orange___Haunglongbing_(Citrus_greening)/6af70a66-1026-4f9a-97e0-c61cc12dbaba___UF.Citrus_HLB_Lab 0582.JPG,15,Orange___Haunglongbing_(Citrus_greening),3,train,partition::00019814,Orange___Haunglongbing_(Citrus_greening):::40,quantity_skew,0.1,0.1,none,42,-1
Orange___Haunglongbing_(Citrus_greening)/6c9e7e5e-b345-46be-8935-2ab1df9d7536___UF.Citrus_HLB_Lab 0598.JPG,15,Orange___Haunglongbing_(Citrus_greening),3,train,partition::00019814,Orange___Haunglongbing_(Citrus_greening):::40,quantity_skew,0.1,0.1,none,42,-1
Orange___Haunglongbing_(Citrus_greening)/6cef1379-6e2b-4bf0-a24f-1df5e253d162___UF.Citrus_HLB_Lab 0593.JPG,15,Orange___Haunglongbing_(Citrus_greening),3,train,partition::00019814,Orange___Haunglongbing_(Citrus_greening):::40,quantity_skew,0.1,0.1,none,42,-1
Orange___Haunglongbing_(Citrus_greening)/6e2f886c-5da9-400f-8165-e7415c1458f1___UF.Citrus_HLB_Lab 0588.JPG,15,Orange___Haunglongbing_(Citrus_greening),3,train,partition::00019814,Orange___Haunglongbing_(Citrus_greening):::40,quantity_skew,0.1,0.1,none,42,-1
Orange___Haunglongbing_(Citrus_greening)/734ee052-471a-4a3a-980f-edf1fe7c9cbd___UF.Citrus_HLB_Lab 0585.JPG,15,Orange___Haunglongbing_(Citrus_greening),3,train,partition::00019814,Orange___Haunglongbing_(Citrus_greening):::40,quantity_skew,0.1,0.1,none,42,-1
Orange___Haunglongbing_(Citrus_greening)/7600bd90-3ef6-4d79-9069-deae8cba89c5___CREC_HLB 6446.JPG,15,Orange___Haunglongbing_(Citrus_greening),3,train,partition::00018298,Orange___Haunglongbing_(Citrus_greening):::OCT_473,quantity_skew,0.1,0.1,none,42,-1
Orange___Haunglongbing_(Citrus_greening)/7678e310-c780-4483-ba2f-8b49eb90b4d4___UF.Citrus_HLB_Lab 1095.JPG,15,Orange___Haunglongbing_(Citrus_greening),3,train,partition::00019928,Orange___Haunglongbing_(Citrus_greening):::68,quantity_skew,0.1,0.1,none,42,-1
Orange___Haunglongbing_(Citrus_greening)/79c8a2c8-778e-4e69-be06-0771e5b3c89b___CREC_HLB 6914.JPG,15,Orange___Haunglongbing_(Citrus_greening),3,train,partition::00017124,Orange___Haunglongbing_(Citrus_greening):::OCT_589,quantity_skew,0.1,0.1,none,42,-1
Orange___Haunglongbing_(Citrus_greening)/7a561f92-bc54-4c60-8f55-f2a97bbd51a3___UF.Citrus_HLB_Lab 1088.JPG,15,Orange___Haunglongbing_(Citrus_greening),3,train,partition::00019928,Orange___Haunglongbing_(Citrus_greening):::68,quantity_skew,0.1,0.1,none,42,-1
Orange___Haunglongbing_(Citrus_greening)/7c51232e-f03d-411a-820a-ac4096d4b88b___UF.Citrus_HLB_Lab 0919.JPG,15,Orange___Haunglongbing_(Citrus_greening),3,train,partition::00019879,Orange___Haunglongbing_(Citrus_greening):::56,quantity_skew,0.1,0.1,none,42,-1
Orange___Haunglongbing_(Citrus_greening)/7e53a2cb-5fc7-43be-8a9d-48345b19fbbc___UF.Citrus_HLB_Lab 0591.JPG,15,Orange___Haunglongbing_(Citrus_greening),3,train,partition::00019814,Orange___Haunglongbing_(Citrus_greening):::40,quantity_skew,0.1,0.1,none,42,-1
Orange___Haunglongbing_(Citrus_greening)/7f76daf2-a5b1-4a02-a99b-2ca279d4e0bf___UF.Citrus_HLB_Lab 0921.JPG,15,Orange___Haunglongbing_(Citrus_greening),3,train,partition::00019879,Orange___Haunglongbing_(Citrus_greening):::56,quantity_skew,0.1,0.1,none,42,-1
Orange___Haunglongbing_(Citrus_greening)/81262885-399b-476e-8987-85b156adf949___CREC_HLB 7064.JPG,15,Orange___Haunglongbing_(Citrus_greening),3,train,partition::00019028,Orange___Haunglongbing_(Citrus_greening):::OCT_627,quantity_skew,0.1,0.1,none,42,-1
Orange___Haunglongbing_(Citrus_greening)/84708555-e57c-4d04-89c0-73773d030eb8___CREC_HLB 3960.JPG,15,Orange___Haunglongbing_(Citrus_greening),3,train,partition::00019438,Orange___Haunglongbing_(Citrus_greening):::OCT_24,quantity_skew,0.1,0.1,none,42,-1
Orange___Haunglongbing_(Citrus_greening)/86d59f4e-aab1-4fe6-8c07-05911e3ffba4___UF.Citrus_HLB_Lab 0914.JPG,15,Orange___Haunglongbing_(Citrus_greening),3,train,partition::00019879,Orange___Haunglongbing_(Citrus_greening):::56,quantity_skew,0.1,0.1,none,42,-1
Orange___Haunglongbing_(Citrus_greening)/87a4b216-190a-4c0b-80d6-17428bba46f2___UF.Citrus_HLB_Lab 9987.JPG,15,Orange___Haunglongbing_(Citrus_greening),3,train,partition::00019026,Orange___Haunglongbing_(Citrus_greening):::147,quantity_skew,0.1,0.1,none,42,-1
Orange___Haunglongbing_(Citrus_greening)/899bf112-e4f4-4ed4-be15-9355bfd7c640___UF.Citrus_HLB_Lab 1094.JPG,15,Orange___Haunglongbing_(Citrus_greening),3,train,partition::00019928,Orange___Haunglongbing_(Citrus_greening):::68,quantity_skew,0.1,0.1,none,42,-1
Orange___Haunglongbing_(Citrus_greening)/8a79040b-73bc-4532-8bd2-403b3c07b4f2___CREC_HLB 4802.JPG,15,Orange___Haunglongbing_(Citrus_greening),3,train,partition::00018552,Orange___Haunglongbing_(Citrus_greening):::OCT_233,quantity_skew,0.1,0.1,none,42,-1
Orange___Haunglongbing_(Citrus_greening)/8bf7f629-3e29-498b-abf3-be6bbaf672ad___CREC_HLB 6502.JPG,15,Orange___Haunglongbing_(Citrus_greening),3,train,partition::00019967,Orange___Haunglongbing_(Citrus_greening):::OCT_487,quantity_skew,0.1,0.1,none,42,-1
Orange___Haunglongbing_(Citrus_greening)/8c679f69-5576-4ec1-87a0-f2235cf216cb___CREC_HLB 7676.JPG,15,Orange___Haunglongbing_(Citrus_greening),3,train,partition::00019452,Orange___Haunglongbing_(Citrus_greening):::OCT_778,quantity_skew,0.1,0.1,none,42,-1
Orange___Haunglongbing_(Citrus_greening)/8e252ef4-9516-4118-9132-188b181c8723___CREC_HLB 6725.JPG,15,Orange___Haunglongbing_(Citrus_greening),3,train,partition::00019678,Orange___Haunglongbing_(Citrus_greening):::OCT_542,quantity_skew,0.1,0.1,none,42,-1
Orange___Haunglongbing_(Citrus_greening)/8faf57b2-d926-48c8-bc4b-2dbc11718d82___CREC_HLB 7199.JPG,15,Orange___Haunglongbing_(Citrus_greening),3,train,partition::00019377,Orange___Haunglongbing_(Citrus_greening):::OCT_660,quantity_skew,0.1,0.1,none,42,-1
Orange___Haunglongbing_(Citrus_greening)/8ffe2286-c838-4ea9-92b1-d6d6d3659b41___UF.Citrus_HLB_Lab 0917.JPG,15,Orange___Haunglongbing_(Citrus_greening),3,train,partition::00019879,Orange___Haunglongbing_(Citrus_greening):::56,quantity_skew,0.1,0.1,none,42,-1
Orange___Haunglongbing_(Citrus_greening)/9014767a-12ac-4030-8262-fedd2bc6dce4___CREC_HLB 4325.JPG,15,Orange___Haunglongbing_(Citrus_greening),3,train,partition::00019131,Orange___Haunglongbing_(Citrus_greening):::OCT_115,quantity_skew,0.1,0.1,none,42,-1
Orange___Haunglongbing_(Citrus_greening)/93938ec4-af82-4c89-b1fe-ae9aca2716ec___UF.Citrus_HLB_Lab 0910.JPG,15,Orange___Haunglongbing_(Citrus_greening),3,train,partition::00019879,Orange___Haunglongbing_(Citrus_greening):::56,quantity_skew,0.1,0.1,none,42,-1
Orange___Haunglongbing_(Citrus_greening)/94e0ea4c-cf92-4794-bf54-de0ef491065d___CREC_HLB 7200.JPG,15,Orange___Haunglongbing_(Citrus_greening),3,train,partition::00019377,Orange___Haunglongbing_(Citrus_greening):::OCT_660,quantity_skew,0.1,0.1,none,42,-1
Orange___Haunglongbing_(Citrus_greening)/9591292d-5f6a-4969-aadf-6dcf02da49a2___CREC_HLB 7768.JPG,15,Orange___Haunglongbing_(Citrus_greening),3,train,partition::00019617,Orange___Haunglongbing_(Citrus_greening):::OCT_801,quantity_skew,0.1,0.1,none,42,-1
Orange___Haunglongbing_(Citrus_greening)/970733d0-6969-4a66-9ec6-d75c3f268ec5___CREC_HLB 7112.JPG,15,Orange___Haunglongbing_(Citrus_greening),3,train,partition::00018930,Orange___Haunglongbing_(Citrus_greening):::OCT_639,quantity_skew,0.1,0.1,none,42,-1
Orange___Haunglongbing_(Citrus_greening)/97989bce-a7ab-48ef-aaa6-a2bab3854c73___UF.Citrus_HLB_Lab 0594.JPG,15,Orange___Haunglongbing_(Citrus_greening),3,train,partition::00019814,Orange___Haunglongbing_(Citrus_greening):::40,quantity_skew,0.1,0.1,none,42,-1
Orange___Haunglongbing_(Citrus_greening)/97fb54d6-e54c-4ccc-9f83-5494852f4ca2___UF.Citrus_HLB_Lab 0909.JPG,15,Orange___Haunglongbing_(Citrus_greening),3,train,partition::00019879,Orange___Haunglongbing_(Citrus_greening):::56,quantity_skew,0.1,0.1,none,42,-1
Orange___Haunglongbing_(Citrus_greening)/99685a0e-ed63-41a2-bd34-aedd1325c935___CREC_HLB 7066.JPG,15,Orange___Haunglongbing_(Citrus_greening),3,train,partition::00019028,Orange___Haunglongbing_(Citrus_greening):::OCT_627,quantity_skew,0.1,0.1,none,42,-1
Orange___Haunglongbing_(Citrus_greening)/9a7874ed-7b11-44b0-b50d-86da392d2f94___UF.Citrus_HLB_Lab 1096.JPG,15,Orange___Haunglongbing_(Citrus_greening),3,train,partition::00019928,Orange___Haunglongbing_(Citrus_greening):::68,quantity_skew,0.1,0.1,none,42,-1
Orange___Haunglongbing_(Citrus_greening)/9b39c045-7c67-4968-b697-4ef7c1c0d53c___UF.Citrus_HLB_Lab 1087.JPG,15,Orange___Haunglongbing_(Citrus_greening),3,train,partition::00019928,Orange___Haunglongbing_(Citrus_greening):::68,quantity_skew,0.1,0.1,none,42,-1
Orange___Haunglongbing_(Citrus_greening)/9eae48ee-28cc-4c4a-9851-c608bbb38e68___CREC_HLB 3961.JPG,15,Orange___Haunglongbing_(Citrus_greening),3,train,partition::00019438,Orange___Haunglongbing_(Citrus_greening):::OCT_24,quantity_skew,0.1,0.1,none,42,-1
Orange___Haunglongbing_(Citrus_greening)/9ef613db-f549-478c-b6f3-1fd4bae81375___CREC_HLB 4408.JPG,15,Orange___Haunglongbing_(Citrus_greening),3,train,partition::00019453,Orange___Haunglongbing_(Citrus_greening):::OCT_135,quantity_skew,0.1,0.1,none,42,-1
Orange___Haunglongbing_(Citrus_greening)/a1845c3b-0113-430e-9c8f-17bd290ae8cf___CREC_HLB 7035.JPG,15,Orange___Haunglongbing_(Citrus_greening),3,train,partition::00019774,Orange___Haunglongbing_(Citrus_greening):::OCT_620,quantity_skew,0.1,0.1,none,42,-1
Orange___Haunglongbing_(Citrus_greening)/a281bd74-7621-4a35-9f10-819ca667e086___CREC_HLB 7114.JPG,15,Orange___Haunglongbing_(Citrus_greening),3,train,partition::00018930,Orange___Haunglongbing_(Citrus_greening):::OCT_639,quantity_skew,0.1,0.1,none,42,-1
Orange___Haunglongbing_(Citrus_greening)/a48a9180-229a-43b5-82d9-691c3cb581fb___CREC_HLB 6449.JPG,15,Orange___Haunglongbing_(Citrus_greening),3,train,partition::00018298,Orange___Haunglongbing_(Citrus_greening):::OCT_473,quantity_skew,0.1,0.1,none,42,-1
Orange___Haunglongbing_(Citrus_greening)/a58bd635-1dcc-4394-8cc8-02c0f4d1d072___UF.Citrus_HLB_Lab 0904.JPG,15,Orange___Haunglongbing_(Citrus_greening),3,train,partition::00019879,Orange___Haunglongbing_(Citrus_greening):::56,quantity_skew,0.1,0.1,none,42,-1
Orange___Haunglongbing_(Citrus_greening)/a6326a69-a586-42aa-9c23-a8b914b66c79___CREC_HLB 5478.JPG,15,Orange___Haunglongbing_(Citrus_greening),3,train,partition::00019853,Orange___Haunglongbing_(Citrus_greening):::OCT_401,quantity_skew,0.1,0.1,none,42,-1
Orange___Haunglongbing_(Citrus_greening)/a6574e80-d636-471f-948e-083d426c7ea4___CREC_HLB 5295.JPG,15,Orange___Haunglongbing_(Citrus_greening),3,train,partition::00019068,Orange___Haunglongbing_(Citrus_greening):::OCT_356,quantity_skew,0.1,0.1,none,42,-1
Orange___Haunglongbing_(Citrus_greening)/ae12d475-c9b1-448e-a2e5-45a5029512b2___CREC_HLB 6447.JPG,15,Orange___Haunglongbing_(Citrus_greening),3,train,partition::00018298,Orange___Haunglongbing_(Citrus_greening):::OCT_473,quantity_skew,0.1,0.1,none,42,-1
Orange___Haunglongbing_(Citrus_greening)/b0c3a384-e751-438e-b9aa-1529f64d210a___UF.Citrus_HLB_Lab 9992.JPG,15,Orange___Haunglongbing_(Citrus_greening),3,train,partition::00019026,Orange___Haunglongbing_(Citrus_greening):::147,quantity_skew,0.1,0.1,none,42,-1
Orange___Haunglongbing_(Citrus_greening)/b71b31f8-5b25-4ac7-907c-fa77cd316be7___CREC_HLB 4405.JPG,15,Orange___Haunglongbing_(Citrus_greening),3,train,partition::00019453,Orange___Haunglongbing_(Citrus_greening):::OCT_135,quantity_skew,0.1,0.1,none,42,-1
Orange___Haunglongbing_(Citrus_greening)/bb0bb584-b252-4b57-9c10-7af64f03d7fd___CREC_HLB 4801.JPG,15,Orange___Haunglongbing_(Citrus_greening),3,train,partition::00018552,Orange___Haunglongbing_(Citrus_greening):::OCT_233,quantity_skew,0.1,0.1,none,42,-1
Orange___Haunglongbing_(Citrus_greening)/bc65e905-a39b-4bcd-8acf-56669ba4ae6f___UF.Citrus_HLB_Lab 1086.JPG,15,Orange___Haunglongbing_(Citrus_greening),3,train,partition::00019928,Orange___Haunglongbing_(Citrus_greening):::68,quantity_skew,0.1,0.1,none,42,-1
Orange___Haunglongbing_(Citrus_greening)/bc892bc7-ebc5-4492-af7d-1b3de3d28ab0___CREC_HLB 7769.JPG,15,Orange___Haunglongbing_(Citrus_greening),3,train,partition::00019617,Orange___Haunglongbing_(Citrus_greening):::OCT_801,quantity_skew,0.1,0.1,none,42,-1
Orange___Haunglongbing_(Citrus_greening)/bf62e94d-3ccf-46c3-81f1-2f1aba095994___UF.Citrus_HLB_Lab 0596.JPG,15,Orange___Haunglongbing_(Citrus_greening),3,train,partition::00019814,Orange___Haunglongbing_(Citrus_greening):::40,quantity_skew,0.1,0.1,none,42,-1
Orange___Haunglongbing_(Citrus_greening)/bffe11c2-f332-4294-b7b3-cac31abbca67___UF.Citrus_HLB_Lab 1090.JPG,15,Orange___Haunglongbing_(Citrus_greening),3,train,partition::00019928,Orange___Haunglongbing_(Citrus_greening):::68,quantity_skew,0.1,0.1,none,42,-1
Orange___Haunglongbing_(Citrus_greening)/c048546c-6a7f-4da4-986a-d84f87e3f5ec___UF.Citrus_HLB_Lab 0911.JPG,15,Orange___Haunglongbing_(Citrus_greening),3,train,partition::00019879,Orange___Haunglongbing_(Citrus_greening):::56,quantity_skew,0.1,0.1,none,42,-1
Orange___Haunglongbing_(Citrus_greening)/c3a442fc-9c16-4835-a81d-dbdb2ac88043___UF.Citrus_HLB_Lab 9985.JPG,15,Orange___Haunglongbing_(Citrus_greening),3,train,partition::00019026,Orange___Haunglongbing_(Citrus_greening):::147,quantity_skew,0.1,0.1,none,42,-1
Orange___Haunglongbing_(Citrus_greening)/ce93d4fc-8a73-44bc-bdae-af3e037fc5fc___CREC_HLB 7111.JPG,15,Orange___Haunglongbing_(Citrus_greening),3,train,partition::00018930,Orange___Haunglongbing_(Citrus_greening):::OCT_639,quantity_skew,0.1,0.1,none,42,-1
Orange___Haunglongbing_(Citrus_greening)/d11032b1-d4d2-4ae4-9246-691ab5e81763___UF.Citrus_HLB_Lab 0595.JPG,15,Orange___Haunglongbing_(Citrus_greening),3,train,partition::00019814,Orange___Haunglongbing_(Citrus_greening):::40,quantity_skew,0.1,0.1,none,42,-1
Orange___Haunglongbing_(Citrus_greening)/d3194349-80a4-4f1f-ba6b-032fe1e8cc3a___UF.Citrus_HLB_Lab 9986.JPG,15,Orange___Haunglongbing_(Citrus_greening),3,train,partition::00019026,Orange___Haunglongbing_(Citrus_greening):::147,quantity_skew,0.1,0.1,none,42,-1
Orange___Haunglongbing_(Citrus_greening)/d3310ff2-3aa9-4976-ab62-bf593a7fb017___CREC_HLB 7065.JPG,15,Orange___Haunglongbing_(Citrus_greening),3,train,partition::00019028,Orange___Haunglongbing_(Citrus_greening):::OCT_627,quantity_skew,0.1,0.1,none,42,-1
Orange___Haunglongbing_(Citrus_greening)/d51b8fba-3f6d-4b02-9d9d-7315ba61e783___CREC_HLB 5297.JPG,15,Orange___Haunglongbing_(Citrus_greening),3,train,partition::00019068,Orange___Haunglongbing_(Citrus_greening):::OCT_356,quantity_skew,0.1,0.1,none,42,-1
Orange___Haunglongbing_(Citrus_greening)/d552bc9a-4e74-47d9-8cbd-3e00206f635d___CREC_HLB 7038.JPG,15,Orange___Haunglongbing_(Citrus_greening),3,train,partition::00019774,Orange___Haunglongbing_(Citrus_greening):::OCT_620,quantity_skew,0.1,0.1,none,42,-1
Orange___Haunglongbing_(Citrus_greening)/d84017fc-9b0c-4f3b-8985-68b71dda556a___CREC_HLB 4327.JPG,15,Orange___Haunglongbing_(Citrus_greening),3,train,partition::00019131,Orange___Haunglongbing_(Citrus_greening):::OCT_115,quantity_skew,0.1,0.1,none,42,-1
Orange___Haunglongbing_(Citrus_greening)/dbf129d2-589a-41c2-9a3a-ef1940e59a50___CREC_HLB 7674.JPG,15,Orange___Haunglongbing_(Citrus_greening),3,train,partition::00019452,Orange___Haunglongbing_(Citrus_greening):::OCT_778,quantity_skew,0.1,0.1,none,42,-1
Orange___Haunglongbing_(Citrus_greening)/e326566e-40f7-42bb-95d8-1fcce4fb97c6___CREC_HLB 7197.JPG,15,Orange___Haunglongbing_(Citrus_greening),3,train,partition::00019377,Orange___Haunglongbing_(Citrus_greening):::OCT_660,quantity_skew,0.1,0.1,none,42,-1
Orange___Haunglongbing_(Citrus_greening)/e3af556f-8c11-477f-bcac-6e28daef8ac8___CREC_HLB 7198.JPG,15,Orange___Haunglongbing_(Citrus_greening),3,train,partition::00019377,Orange___Haunglongbing_(Citrus_greening):::OCT_660,quantity_skew,0.1,0.1,none,42,-1
Orange___Haunglongbing_(Citrus_greening)/e4ecae40-803a-48c4-8d56-6d60ba962ad3___UF.Citrus_HLB_Lab 0906.JPG,15,Orange___Haunglongbing_(Citrus_greening),3,train,partition::00019879,Orange___Haunglongbing_(Citrus_greening):::56,quantity_skew,0.1,0.1,none,42,-1
Orange___Haunglongbing_(Citrus_greening)/e631197d-7299-4215-8d4a-9ebf1ee2f91e___CREC_HLB 3959.JPG,15,Orange___Haunglongbing_(Citrus_greening),3,train,partition::00019438,Orange___Haunglongbing_(Citrus_greening):::OCT_24,quantity_skew,0.1,0.1,none,42,-1
Orange___Haunglongbing_(Citrus_greening)/e70f3f32-20c7-4796-9645-f4d13f555389___CREC_HLB 7675.JPG,15,Orange___Haunglongbing_(Citrus_greening),3,train,partition::00019452,Orange___Haunglongbing_(Citrus_greening):::OCT_778,quantity_skew,0.1,0.1,none,42,-1
Orange___Haunglongbing_(Citrus_greening)/e710f1dd-40ad-41f4-a528-1f8972b343d6___CREC_HLB 4407.JPG,15,Orange___Haunglongbing_(Citrus_greening),3,train,partition::00019453,Orange___Haunglongbing_(Citrus_greening):::OCT_135,quantity_skew,0.1,0.1,none,42,-1
Orange___Haunglongbing_(Citrus_greening)/eab96db9-0712-45f2-9780-9a50139c6eaa___UF.Citrus_HLB_Lab 0923.JPG,15,Orange___Haunglongbing_(Citrus_greening),3,train,partition::00019879,Orange___Haunglongbing_(Citrus_greening):::56,quantity_skew,0.1,0.1,none,42,-1
Orange___Haunglongbing_(Citrus_greening)/eb0b5272-30bf-44b0-92c3-a2f97bbaf563___CREC_HLB 4837.JPG,15,Orange___Haunglongbing_(Citrus_greening),3,train,partition::00019528,Orange___Haunglongbing_(Citrus_greening):::OCT_241,quantity_skew,0.1,0.1,none,42,-1
Orange___Haunglongbing_(Citrus_greening)/eb6cc69b-cf2a-49ca-98fa-12b6bd094edc___CREC_HLB 7036.JPG,15,Orange___Haunglongbing_(Citrus_greening),3,train,partition::00019774,Orange___Haunglongbing_(Citrus_greening):::OCT_620,quantity_skew,0.1,0.1,none,42,-1
Orange___Haunglongbing_(Citrus_greening)/ed79473e-ec6e-4669-bf40-37d5adb768f9___UF.Citrus_HLB_Lab 1084.JPG,15,Orange___Haunglongbing_(Citrus_greening),3,train,partition::00019928,Orange___Haunglongbing_(Citrus_greening):::68,quantity_skew,0.1,0.1,none,42,-1
Orange___Haunglongbing_(Citrus_greening)/ee7554e4-8919-4bcd-ac27-7dd6cbee90c0___CREC_HLB 7767.JPG,15,Orange___Haunglongbing_(Citrus_greening),3,train,partition::00019617,Orange___Haunglongbing_(Citrus_greening):::OCT_801,quantity_skew,0.1,0.1,none,42,-1
Orange___Haunglongbing_(Citrus_greening)/f1299829-fcde-4aac-a72b-6ece902df810___CREC_HLB 6722.JPG,15,Orange___Haunglongbing_(Citrus_greening),3,train,partition::00019678,Orange___Haunglongbing_(Citrus_greening):::OCT_542,quantity_skew,0.1,0.1,none,42,-1
Orange___Haunglongbing_(Citrus_greening)/f36122f4-e599-421d-a50c-d2187893abaa___UF.Citrus_HLB_Lab 0601.JPG,15,Orange___Haunglongbing_(Citrus_greening),3,train,partition::00019814,Orange___Haunglongbing_(Citrus_greening):::40,quantity_skew,0.1,0.1,none,42,-1
Orange___Haunglongbing_(Citrus_greening)/f4d7b5ce-a55d-4aaa-8fef-2f6e3caca53d___CREC_HLB 7037.JPG,15,Orange___Haunglongbing_(Citrus_greening),3,train,partition::00019774,Orange___Haunglongbing_(Citrus_greening):::OCT_620,quantity_skew,0.1,0.1,none,42,-1
Orange___Haunglongbing_(Citrus_greening)/f5274d56-0495-46b6-9936-cb65e32e67ed___UF.Citrus_HLB_Lab 1089.JPG,15,Orange___Haunglongbing_(Citrus_greening),3,train,partition::00019928,Orange___Haunglongbing_(Citrus_greening):::68,quantity_skew,0.1,0.1,none,42,-1
Orange___Haunglongbing_(Citrus_greening)/f655732b-a4aa-49c9-a0d8-472490beaf74___UF.Citrus_HLB_Lab 0583.JPG,15,Orange___Haunglongbing_(Citrus_greening),3,train,partition::00019814,Orange___Haunglongbing_(Citrus_greening):::40,quantity_skew,0.1,0.1,none,42,-1
Orange___Haunglongbing_(Citrus_greening)/f69c7874-fe11-4c41-aa32-9016aca36fdc___UF.Citrus_HLB_Lab 0589.JPG,15,Orange___Haunglongbing_(Citrus_greening),3,train,partition::00019814,Orange___Haunglongbing_(Citrus_greening):::40,quantity_skew,0.1,0.1,none,42,-1
Orange___Haunglongbing_(Citrus_greening)/f8a0de8f-4009-4573-ab9b-d98e1c9c4d44___CREC_HLB 5477.JPG,15,Orange___Haunglongbing_(Citrus_greening),3,train,partition::00019853,Orange___Haunglongbing_(Citrus_greening):::OCT_401,quantity_skew,0.1,0.1,none,42,-1
Orange___Haunglongbing_(Citrus_greening)/fa676515-8de9-477a-8e2d-48189157b691___UF.Citrus_HLB_Lab 0907.JPG,15,Orange___Haunglongbing_(Citrus_greening),3,train,partition::00019879,Orange___Haunglongbing_(Citrus_greening):::56,quantity_skew,0.1,0.1,none,42,-1
Orange___Haunglongbing_(Citrus_greening)/fd0f5d85-a98a-4513-91bd-fa3aea8199aa___UF.Citrus_HLB_Lab 1093.JPG,15,Orange___Haunglongbing_(Citrus_greening),3,train,partition::00019928,Orange___Haunglongbing_(Citrus_greening):::68,quantity_skew,0.1,0.1,none,42,-1
Orange___Haunglongbing_(Citrus_greening)/fef0f4d5-bca3-43c6-b63e-21e61c03fa5e___CREC_HLB 6503.JPG,15,Orange___Haunglongbing_(Citrus_greening),3,train,partition::00019967,Orange___Haunglongbing_(Citrus_greening):::OCT_487,quantity_skew,0.1,0.1,none,42,-1
Peach___Bacterial_spot/04247281-9f40-4e85-a533-ac1c90de2208___Rutg._Bact.S 1138.JPG,16,Peach___Bacterial_spot,3,train,partition::00021496,Peach___Bacterial_spot:::178,quantity_skew,0.1,0.1,none,42,-1
Peach___Bacterial_spot/0fd9e444-ff39-4714-9d04-5220dc0c0754___Rut._Bact.S 1289.JPG,16,Peach___Bacterial_spot,3,train,partition::00022155,Peach___Bacterial_spot:::92,quantity_skew,0.1,0.1,none,42,-1
Peach___Bacterial_spot/12c33454-ebe5-482e-a960-16dc1ee7a711___Rut._Bact.S 0789.JPG,16,Peach___Bacterial_spot,3,train,partition::00021903,Peach___Bacterial_spot:::9,quantity_skew,0.1,0.1,none,42,-1
Peach___Bacterial_spot/153704bc-6462-4d50-8e99-66ef95718086___Rut._Bact.S 1294.JPG,16,Peach___Bacterial_spot,3,train,partition::00021035,Peach___Bacterial_spot:::93,quantity_skew,0.1,0.1,none,42,-1
Peach___Bacterial_spot/1d73d58f-c8a0-45e3-9b18-e95fcffc6033___Rutg._Bact.S 1135.JPG,16,Peach___Bacterial_spot,3,train,partition::00021496,Peach___Bacterial_spot:::178,quantity_skew,0.1,0.1,none,42,-1
Peach___Bacterial_spot/1e76ff49-acff-48c5-95f2-f6c94a95bd28___Rut._Bact.S 1293.JPG,16,Peach___Bacterial_spot,3,train,partition::00021035,Peach___Bacterial_spot:::93,quantity_skew,0.1,0.1,none,42,-1
Peach___Bacterial_spot/22ec8f65-2a1e-4d20-8433-55faee97365c___Rutg._Bact.S 1878.JPG,16,Peach___Bacterial_spot,3,train,partition::00022051,Peach___Bacterial_spot:::274,quantity_skew,0.1,0.1,none,42,-1
Peach___Bacterial_spot/2993c5d4-4647-441d-8ec0-932117717a13___Rut._Bact.S 1286.JPG,16,Peach___Bacterial_spot,3,train,partition::00022155,Peach___Bacterial_spot:::92,quantity_skew,0.1,0.1,none,42,-1
Peach___Bacterial_spot/2e57328a-0e59-4dea-90cf-7991d3be64c1___Rut._Bact.S 1292.JPG,16,Peach___Bacterial_spot,3,train,partition::00021035,Peach___Bacterial_spot:::93,quantity_skew,0.1,0.1,none,42,-1
Peach___Bacterial_spot/2ea1f3b9-94e3-418e-87bf-979b8491be60___Rutg._Bact.S 2193.JPG,16,Peach___Bacterial_spot,3,train,partition::00022033,Peach___Bacterial_spot:::309,quantity_skew,0.1,0.1,none,42,-1
Peach___Bacterial_spot/34253dfa-b017-4438-8dd9-dccea32a56a2___Rutg._Bact.S 1876.JPG,16,Peach___Bacterial_spot,3,train,partition::00022051,Peach___Bacterial_spot:::274,quantity_skew,0.1,0.1,none,42,-1
Peach___Bacterial_spot/370a8126-9e44-4264-b818-01105256b142___Rutg._Bact.S 2194.JPG,16,Peach___Bacterial_spot,3,train,partition::00022033,Peach___Bacterial_spot:::309,quantity_skew,0.1,0.1,none,42,-1
Peach___Bacterial_spot/42001b08-2532-4a00-bf5e-2e0a1a39fa5b___Rutg._Bact.S 1136.JPG,16,Peach___Bacterial_spot,3,train,partition::00021496,Peach___Bacterial_spot:::178,quantity_skew,0.1,0.1,none,42,-1
Peach___Bacterial_spot/44bc270e-a7d4-456a-8fae-d75ba2ec6244___Rut._Bact.S 1296.JPG,16,Peach___Bacterial_spot,3,train,partition::00021035,Peach___Bacterial_spot:::93,quantity_skew,0.1,0.1,none,42,-1
Peach___Bacterial_spot/456ab002-17fa-4fd0-89ae-093a37008d98___Rut._Bact.S 1406.JPG,16,Peach___Bacterial_spot,3,train,partition::00021931,Peach___Bacterial_spot:::111,quantity_skew,0.1,0.1,none,42,-1
Peach___Bacterial_spot/48522c71-75aa-4f11-9c23-51144a9413fa___Rutg._Bact.S 2187.JPG,16,Peach___Bacterial_spot,3,train,partition::00022033,Peach___Bacterial_spot:::309,quantity_skew,0.1,0.1,none,42,-1
Peach___Bacterial_spot/4b55dbcf-2887-4c07-bfd5-8b2d9e49547b___Rutg._Bact.S 1133.JPG,16,Peach___Bacterial_spot,3,train,partition::00021496,Peach___Bacterial_spot:::178,quantity_skew,0.1,0.1,none,42,-1
Peach___Bacterial_spot/53a6739b-addc-4c50-930d-b0e8e0af78fe___Rutg._Bact.S 1880.JPG,16,Peach___Bacterial_spot,3,train,partition::00022051,Peach___Bacterial_spot:::274,quantity_skew,0.1,0.1,none,42,-1
Peach___Bacterial_spot/5614fa9f-243c-4329-a68d-ed29b55068a2___Rut._Bact.S 1295.JPG,16,Peach___Bacterial_spot,3,train,partition::00021035,Peach___Bacterial_spot:::93,quantity_skew,0.1,0.1,none,42,-1
Peach___Bacterial_spot/5872f899-cd0a-477e-a05c-636acd7de688___Rut._Bact.S 1525.JPG,16,Peach___Bacterial_spot,3,train,partition::00021871,Peach___Bacterial_spot:::131,quantity_skew,0.1,0.1,none,42,-1
Peach___Bacterial_spot/60ce64ce-7aa0-4713-989b-6d8b2eb9dc0d___Rut._Bact.S 1526.JPG,16,Peach___Bacterial_spot,3,train,partition::00021871,Peach___Bacterial_spot:::131,quantity_skew,0.1,0.1,none,42,-1
Peach___Bacterial_spot/63604749-0816-4791-9909-1402d811f6d3___Rut._Bact.S 1404.JPG,16,Peach___Bacterial_spot,3,train,partition::00021931,Peach___Bacterial_spot:::111,quantity_skew,0.1,0.1,none,42,-1
Peach___Bacterial_spot/6483d766-9a83-4966-829e-4774f15b89eb___Rut._Bact.S 1524.JPG,16,Peach___Bacterial_spot,3,train,partition::00021871,Peach___Bacterial_spot:::131,quantity_skew,0.1,0.1,none,42,-1
Peach___Bacterial_spot/67c7d9c9-4822-4761-b636-00308f2f08a3___Rut._Bact.S 1401.JPG,16,Peach___Bacterial_spot,3,train,partition::00021931,Peach___Bacterial_spot:::111,quantity_skew,0.1,0.1,none,42,-1
Peach___Bacterial_spot/6e17a899-a06d-48d5-b698-81599d1706bc___Rutg._Bact.S 1881.JPG,16,Peach___Bacterial_spot,3,train,partition::00022051,Peach___Bacterial_spot:::274,quantity_skew,0.1,0.1,none,42,-1
Peach___Bacterial_spot/73048961-c90f-4620-b2be-97c120d1fc08___Rutg._Bact.S 2186.JPG,16,Peach___Bacterial_spot,3,train,partition::00022033,Peach___Bacterial_spot:::309,quantity_skew,0.1,0.1,none,42,-1
Peach___Bacterial_spot/75f876b6-2b3e-4b24-b337-6f7754e1df23___Rut._Bact.S 1291.JPG,16,Peach___Bacterial_spot,3,train,partition::00021035,Peach___Bacterial_spot:::93,quantity_skew,0.1,0.1,none,42,-1
Peach___Bacterial_spot/8550bdd6-7dee-499d-96b1-d635e450935c___Rutg._Bact.S 1879.JPG,16,Peach___Bacterial_spot,3,train,partition::00022051,Peach___Bacterial_spot:::274,quantity_skew,0.1,0.1,none,42,-1
Peach___Bacterial_spot/8aa94c38-1cfd-42bb-a0ef-92843c9d6e14___Rut._Bact.S 0791.JPG,16,Peach___Bacterial_spot,3,train,partition::00021903,Peach___Bacterial_spot:::9,quantity_skew,0.1,0.1,none,42,-1
Peach___Bacterial_spot/957619a7-dadd-4c39-b1b7-32d16cf41418___Rutg._Bact.S 1877.JPG,16,Peach___Bacterial_spot,3,train,partition::00022051,Peach___Bacterial_spot:::274,quantity_skew,0.1,0.1,none,42,-1
Peach___Bacterial_spot/991ec065-f81e-4836-91d5-60680a9d12cd___Rutg._Bact.S 2195.JPG,16,Peach___Bacterial_spot,3,train,partition::00022033,Peach___Bacterial_spot:::309,quantity_skew,0.1,0.1,none,42,-1
Peach___Bacterial_spot/9a078cfa-5766-47c5-9bc0-021ba1495045___Rut._Bact.S 0790.JPG,16,Peach___Bacterial_spot,3,train,partition::00021903,Peach___Bacterial_spot:::9,quantity_skew,0.1,0.1,none,42,-1
Peach___Bacterial_spot/9af37227-e637-40f9-976a-a16932b796c7___Rut._Bact.S 1522.JPG,16,Peach___Bacterial_spot,3,train,partition::00021871,Peach___Bacterial_spot:::131,quantity_skew,0.1,0.1,none,42,-1
Peach___Bacterial_spot/9fa34bad-b3f7-40fe-9c7f-b6d46161966a___Rutg._Bact.S 1134.JPG,16,Peach___Bacterial_spot,3,train,partition::00021496,Peach___Bacterial_spot:::178,quantity_skew,0.1,0.1,none,42,-1
Peach___Bacterial_spot/a0787da2-e797-48a2-83e4-6d95c3bdf5ab___Rutg._Bact.S 1882.JPG,16,Peach___Bacterial_spot,3,train,partition::00022051,Peach___Bacterial_spot:::274,quantity_skew,0.1,0.1,none,42,-1
Peach___Bacterial_spot/a8c546e6-277e-4b4c-b726-0c80ab9b1a2e___Rutg._Bact.S 1137.JPG,16,Peach___Bacterial_spot,3,train,partition::00021496,Peach___Bacterial_spot:::178,quantity_skew,0.1,0.1,none,42,-1
Peach___Bacterial_spot/a9e1db85-2df4-457a-a962-4c76d0b555b4___Rutg._Bact.S 2192.JPG,16,Peach___Bacterial_spot,3,train,partition::00022033,Peach___Bacterial_spot:::309,quantity_skew,0.1,0.1,none,42,-1
Peach___Bacterial_spot/ab34a130-8ca1-4126-9dd1-6cd6125ceb92___Rut._Bact.S 1523.JPG,16,Peach___Bacterial_spot,3,train,partition::00021871,Peach___Bacterial_spot:::131,quantity_skew,0.1,0.1,none,42,-1
Peach___Bacterial_spot/b9816cc8-bc80-4397-a7a6-8698596ae6d6___Rut._Bact.S 1403.JPG,16,Peach___Bacterial_spot,3,train,partition::00021931,Peach___Bacterial_spot:::111,quantity_skew,0.1,0.1,none,42,-1
Peach___Bacterial_spot/baa9a3ef-56bc-468d-9b09-e6d1d2c6f6d4___Rutg._Bact.S 2189.JPG,16,Peach___Bacterial_spot,3,train,partition::00022033,Peach___Bacterial_spot:::309,quantity_skew,0.1,0.1,none,42,-1
Peach___Bacterial_spot/bcc95b12-c380-4ece-92be-92ee6e1cff88___Rut._Bact.S 0788.JPG,16,Peach___Bacterial_spot,3,train,partition::00021903,Peach___Bacterial_spot:::9,quantity_skew,0.1,0.1,none,42,-1
Peach___Bacterial_spot/bcd80619-5758-4e08-a5aa-8335b69f4b06___Rut._Bact.S 0787.JPG,16,Peach___Bacterial_spot,3,train,partition::00021903,Peach___Bacterial_spot:::9,quantity_skew,0.1,0.1,none,42,-1
Peach___Bacterial_spot/bdbe05c0-e897-4135-b029-84f78aa881a3___Rutg._Bact.S 2190.JPG,16,Peach___Bacterial_spot,3,train,partition::00022033,Peach___Bacterial_spot:::309,quantity_skew,0.1,0.1,none,42,-1
Peach___Bacterial_spot/c54fa03f-f01e-4b31-8f06-1f980d49f63e___Rut._Bact.S 1288.JPG,16,Peach___Bacterial_spot,3,train,partition::00022155,Peach___Bacterial_spot:::92,quantity_skew,0.1,0.1,none,42,-1
Peach___Bacterial_spot/cb5d5e41-8b74-4d3f-8632-67128bb92275___Rut._Bact.S 1402.JPG,16,Peach___Bacterial_spot,3,train,partition::00021931,Peach___Bacterial_spot:::111,quantity_skew,0.1,0.1,none,42,-1
Peach___Bacterial_spot/cb890a0b-cc6a-47fe-879b-22b81f756d2b___Rut._Bact.S 1287.JPG,16,Peach___Bacterial_spot,3,train,partition::00022155,Peach___Bacterial_spot:::92,quantity_skew,0.1,0.1,none,42,-1
Peach___Bacterial_spot/ced80d71-65af-4849-a90e-32518cc75d56___Rut._Bact.S 1521.JPG,16,Peach___Bacterial_spot,3,train,partition::00021871,Peach___Bacterial_spot:::131,quantity_skew,0.1,0.1,none,42,-1
Peach___Bacterial_spot/d12438d1-5dc3-4ad8-93cd-79a33e8e3aeb___Rut._Bact.S 1290.JPG,16,Peach___Bacterial_spot,3,train,partition::00022155,Peach___Bacterial_spot:::92,quantity_skew,0.1,0.1,none,42,-1
Peach___Bacterial_spot/d2e1c967-f49d-484f-b507-74c411c0556b___Rut._Bact.S 0786.JPG,16,Peach___Bacterial_spot,3,train,partition::00021903,Peach___Bacterial_spot:::9,quantity_skew,0.1,0.1,none,42,-1
Peach___Bacterial_spot/d5e13e5a-2cac-44f5-a224-1116af7a1240___Rut._Bact.S 1405.JPG,16,Peach___Bacterial_spot,3,train,partition::00021931,Peach___Bacterial_spot:::111,quantity_skew,0.1,0.1,none,42,-1
Peach___Bacterial_spot/d7fddc02-8505-4886-a4ff-e5bbea7b76c7___Rutg._Bact.S 2188.JPG,16,Peach___Bacterial_spot,3,train,partition::00022033,Peach___Bacterial_spot:::309,quantity_skew,0.1,0.1,none,42,-1
Peach___Bacterial_spot/e1c0af61-14b4-4c7d-b2bf-87b642733534___Rutg._Bact.S 2191.JPG,16,Peach___Bacterial_spot,3,train,partition::00022033,Peach___Bacterial_spot:::309,quantity_skew,0.1,0.1,none,42,-1
Peach___Bacterial_spot/e48ee8da-6420-4a81-944d-1a5f03cc9136___Rutg._Bact.S 1875.JPG,16,Peach___Bacterial_spot,3,train,partition::00022051,Peach___Bacterial_spot:::274,quantity_skew,0.1,0.1,none,42,-1
Peach___Bacterial_spot/f025d0e9-e94c-42f4-b06f-d63f37c36d1d___Rut._Bact.S 1285.JPG,16,Peach___Bacterial_spot,3,train,partition::00022155,Peach___Bacterial_spot:::92,quantity_skew,0.1,0.1,none,42,-1
Peach___healthy/2db06230-668d-497f-b53e-4d8f75552dab___Rutg._HL 2412.JPG,17,Peach___healthy,3,train,partition::00022594,Peach___healthy:::4,quantity_skew,0.1,0.1,none,42,-1
Peach___healthy/474fb785-a088-4f76-8874-d7a0893ebb64___Rutg._HL 2414.JPG,17,Peach___healthy,3,train,partition::00022594,Peach___healthy:::4,quantity_skew,0.1,0.1,none,42,-1
Peach___healthy/4c9e83c8-a4f9-4290-b701-5ef72d0a9576___Rutg._HL 2415.JPG,17,Peach___healthy,3,train,partition::00022594,Peach___healthy:::4,quantity_skew,0.1,0.1,none,42,-1
Peach___healthy/7c443efd-1807-46fc-9b6b-53d8b9793838___Rutg._HL 2417.JPG,17,Peach___healthy,3,train,partition::00022594,Peach___healthy:::4,quantity_skew,0.1,0.1,none,42,-1
Peach___healthy/829cd2af-ecf8-487d-a1b2-ed8a210ae18e___Rutg._HL 2416.JPG,17,Peach___healthy,3,train,partition::00022594,Peach___healthy:::4,quantity_skew,0.1,0.1,none,42,-1
Peach___healthy/d3025c79-1ee2-420c-9949-c3d208010dad___Rutg._HL 2413.JPG,17,Peach___healthy,3,train,partition::00022594,Peach___healthy:::4,quantity_skew,0.1,0.1,none,42,-1
"Pepper,_bell___Bacterial_spot/080b107a-192f-40ce-8942-d8ccca8dfc52___NREC_B.Spot 1872.JPG",18,"Pepper,_bell___Bacterial_spot",3,train,partition::00023495,"Pepper,_bell___Bacterial_spot:::22",quantity_skew,0.1,0.1,none,42,-1
"Pepper,_bell___Bacterial_spot/0c6f6805-490e-438c-b9cd-3fd7ee29f31b___NREC_B.Spot 9123.JPG",18,"Pepper,_bell___Bacterial_spot",3,train,partition::00023497,"Pepper,_bell___Bacterial_spot:::70",quantity_skew,0.1,0.1,none,42,-1
"Pepper,_bell___Bacterial_spot/15b7cf0f-46ea-4390-a902-375b5b68e3fd___JR_B.Spot 3320.JPG",18,"Pepper,_bell___Bacterial_spot",3,train,partition::00023541,"Pepper,_bell___Bacterial_spot:::JR_19",quantity_skew,0.1,0.1,none,42,-1
"Pepper,_bell___Bacterial_spot/276e68d4-8a80-4260-a47d-da9eb588bb7b___JR_B.Spot 3319.JPG",18,"Pepper,_bell___Bacterial_spot",3,train,partition::00023541,"Pepper,_bell___Bacterial_spot:::JR_19",quantity_skew,0.1,0.1,none,42,-1
"Pepper,_bell___Bacterial_spot/2a8a3b2f-d65a-416b-a251-63bb89f448c3___JR_B.Spot 3322.JPG",18,"Pepper,_bell___Bacterial_spot",3,train,partition::00023541,"Pepper,_bell___Bacterial_spot:::JR_19",quantity_skew,0.1,0.1,none,42,-1
"Pepper,_bell___Bacterial_spot/3042800d-559d-4250-bb62-23c346259685___NREC_B.Spot 1980.JPG",18,"Pepper,_bell___Bacterial_spot",3,train,partition::00023529,"Pepper,_bell___Bacterial_spot:::49",quantity_skew,0.1,0.1,none,42,-1
"Pepper,_bell___Bacterial_spot/313665a9-0f55-4f00-9373-74bf7349e6a6___NREC_B.Spot 1982.JPG",18,"Pepper,_bell___Bacterial_spot",3,train,partition::00023529,"Pepper,_bell___Bacterial_spot:::49",quantity_skew,0.1,0.1,none,42,-1
"Pepper,_bell___Bacterial_spot/36223df9-bc20-4672-8938-6f1f60fb4a0e___NREC_B.Spot 1873.JPG",18,"Pepper,_bell___Bacterial_spot",3,train,partition::00023495,"Pepper,_bell___Bacterial_spot:::22",quantity_skew,0.1,0.1,none,42,-1
"Pepper,_bell___Bacterial_spot/39875cb8-3958-46b9-a9dc-f810f353af5a___JR_B.Spot 3321.JPG",18,"Pepper,_bell___Bacterial_spot",3,train,partition::00023541,"Pepper,_bell___Bacterial_spot:::JR_19",quantity_skew,0.1,0.1,none,42,-1
"Pepper,_bell___Bacterial_spot/3bb93b52-4419-4882-9a35-0533f48757df___JR_B.Spot 3311.JPG",18,"Pepper,_bell___Bacterial_spot",3,train,partition::00023541,"Pepper,_bell___Bacterial_spot:::JR_19",quantity_skew,0.1,0.1,none,42,-1
"Pepper,_bell___Bacterial_spot/45de9eff-47b2-4e93-941a-11eeedbefc4f___NREC_B.Spot 1945.JPG",18,"Pepper,_bell___Bacterial_spot",3,train,partition::00023362,"Pepper,_bell___Bacterial_spot:::40",quantity_skew,0.1,0.1,none,42,-1
"Pepper,_bell___Bacterial_spot/4777008f-3144-44df-b230-e94725e711d2___NREC_B.Spot 1979.JPG",18,"Pepper,_bell___Bacterial_spot",3,train,partition::00023529,"Pepper,_bell___Bacterial_spot:::49",quantity_skew,0.1,0.1,none,42,-1
"Pepper,_bell___Bacterial_spot/50d0c9c6-94ad-46aa-a94f-5a595eb65998___NREC_B.Spot 1946.JPG",18,"Pepper,_bell___Bacterial_spot",3,train,partition::00023362,"Pepper,_bell___Bacterial_spot:::40",quantity_skew,0.1,0.1,none,42,-1
"Pepper,_bell___Bacterial_spot/701d7213-d2ab-4797-8709-102c69d7ab5d___JR_B.Spot 3312.JPG",18,"Pepper,_bell___Bacterial_spot",3,train,partition::00023541,"Pepper,_bell___Bacterial_spot:::JR_19",quantity_skew,0.1,0.1,none,42,-1
"Pepper,_bell___Bacterial_spot/7c719504-0327-4be0-b898-b50760a26de6___JR_B.Spot 3310.JPG",18,"Pepper,_bell___Bacterial_spot",3,train,partition::00023541,"Pepper,_bell___Bacterial_spot:::JR_19",quantity_skew,0.1,0.1,none,42,-1
"Pepper,_bell___Bacterial_spot/84f03e83-ac3b-4804-8791-68b2a523b065___NREC_B.Spot 1870.JPG",18,"Pepper,_bell___Bacterial_spot",3,train,partition::00023495,"Pepper,_bell___Bacterial_spot:::22",quantity_skew,0.1,0.1,none,42,-1
"Pepper,_bell___Bacterial_spot/8c9e49b1-c4ee-402e-b31b-a7b33e887d0c___JR_B.Spot 3313.JPG",18,"Pepper,_bell___Bacterial_spot",3,train,partition::00023541,"Pepper,_bell___Bacterial_spot:::JR_19",quantity_skew,0.1,0.1,none,42,-1
"Pepper,_bell___Bacterial_spot/9435d4a5-e198-4c46-8a90-a888cb2e7267___JR_B.Spot 3316.JPG",18,"Pepper,_bell___Bacterial_spot",3,train,partition::00023541,"Pepper,_bell___Bacterial_spot:::JR_19",quantity_skew,0.1,0.1,none,42,-1
"Pepper,_bell___Bacterial_spot/a2237a92-dce1-469e-ba88-657d40f55319___NREC_B.Spot 9122.JPG",18,"Pepper,_bell___Bacterial_spot",3,train,partition::00023497,"Pepper,_bell___Bacterial_spot:::70",quantity_skew,0.1,0.1,none,42,-1
"Pepper,_bell___Bacterial_spot/a40f6c5e-3e3b-43e8-95da-10b90705262f___NREC_B.Spot 9124.JPG",18,"Pepper,_bell___Bacterial_spot",3,train,partition::00023497,"Pepper,_bell___Bacterial_spot:::70",quantity_skew,0.1,0.1,none,42,-1
"Pepper,_bell___Bacterial_spot/a58df0b5-76f7-4f63-957c-660ec21414b4___NREC_B.Spot 1943.JPG",18,"Pepper,_bell___Bacterial_spot",3,train,partition::00023362,"Pepper,_bell___Bacterial_spot:::40",quantity_skew,0.1,0.1,none,42,-1
"Pepper,_bell___Bacterial_spot/aa74582c-f87a-46cb-9be9-83fcb11a94b6___JR_B.Spot 3315.JPG",18,"Pepper,_bell___Bacterial_spot",3,train,partition::00023541,"Pepper,_bell___Bacterial_spot:::JR_19",quantity_skew,0.1,0.1,none,42,-1
"Pepper,_bell___Bacterial_spot/b3085525-974e-4d75-99a4-7d18e06e13f6___JR_B.Spot 3317.JPG",18,"Pepper,_bell___Bacterial_spot",3,train,partition::00023541,"Pepper,_bell___Bacterial_spot:::JR_19",quantity_skew,0.1,0.1,none,42,-1
"Pepper,_bell___Bacterial_spot/b34f18ca-799f-42bb-abbb-f1e19aa6521f___NREC_B.Spot 1944.JPG",18,"Pepper,_bell___Bacterial_spot",3,train,partition::00023362,"Pepper,_bell___Bacterial_spot:::40",quantity_skew,0.1,0.1,none,42,-1
"Pepper,_bell___Bacterial_spot/d4fc75c5-ff75-4429-8a41-917c2265cfbc___NREC_B.Spot 1871.JPG",18,"Pepper,_bell___Bacterial_spot",3,train,partition::00023495,"Pepper,_bell___Bacterial_spot:::22",quantity_skew,0.1,0.1,none,42,-1
"Pepper,_bell___Bacterial_spot/d598dca9-3560-44d7-ac84-7dc1eeb72655___NREC_B.Spot 9121.JPG",18,"Pepper,_bell___Bacterial_spot",3,train,partition::00023497,"Pepper,_bell___Bacterial_spot:::70",quantity_skew,0.1,0.1,none,42,-1
"Pepper,_bell___Bacterial_spot/da80eee6-ceb1-4d53-b783-3e865087ed26___JR_B.Spot 3314.JPG",18,"Pepper,_bell___Bacterial_spot",3,train,partition::00023541,"Pepper,_bell___Bacterial_spot:::JR_19",quantity_skew,0.1,0.1,none,42,-1
"Pepper,_bell___Bacterial_spot/dbc3b845-7e0f-4097-85b9-0593b3a222b8___NREC_B.Spot 1981.JPG",18,"Pepper,_bell___Bacterial_spot",3,train,partition::00023529,"Pepper,_bell___Bacterial_spot:::49",quantity_skew,0.1,0.1,none,42,-1
"Pepper,_bell___Bacterial_spot/e0a37710-24b7-4b37-878c-537906b6b6e5___JR_B.Spot 3318.JPG",18,"Pepper,_bell___Bacterial_spot",3,train,partition::00023541,"Pepper,_bell___Bacterial_spot:::JR_19",quantity_skew,0.1,0.1,none,42,-1
"Pepper,_bell___healthy/0eb476b9-8b21-4b24-adef-7db813abbca3___JR_HL 7926.JPG",19,"Pepper,_bell___healthy",3,train,partition::00025111,"Pepper,_bell___healthy:::65",quantity_skew,0.1,0.1,none,42,-1
"Pepper,_bell___healthy/174172a7-b8c3-4afc-aa95-637c08472656___JR_HL 7923.JPG",19,"Pepper,_bell___healthy",3,train,partition::00025111,"Pepper,_bell___healthy:::65",quantity_skew,0.1,0.1,none,42,-1
"Pepper,_bell___healthy/1b4b5b1f-9390-46c5-908a-d53b93059f5d___JR_HL 8379.JPG",19,"Pepper,_bell___healthy",3,train,partition::00025039,"Pepper,_bell___healthy:::112",quantity_skew,0.1,0.1,none,42,-1
"Pepper,_bell___healthy/2b4a81ee-5ce9-497d-93b4-5804aad10c1c___JR_HL 7782.JPG",19,"Pepper,_bell___healthy",3,train,partition::00025108,"Pepper,_bell___healthy:::54",quantity_skew,0.1,0.1,none,42,-1
"Pepper,_bell___healthy/30f972e1-6b7e-4ec1-bf77-10ceedf095bf___JR_HL 8378.JPG",19,"Pepper,_bell___healthy",3,train,partition::00025039,"Pepper,_bell___healthy:::112",quantity_skew,0.1,0.1,none,42,-1
"Pepper,_bell___healthy/39139a8a-d5ff-4f48-8b43-085cf6f34d77___JR_HL 7778.JPG",19,"Pepper,_bell___healthy",3,train,partition::00025108,"Pepper,_bell___healthy:::54",quantity_skew,0.1,0.1,none,42,-1
"Pepper,_bell___healthy/4d212bb1-b0dc-46cc-b09c-6fa484bdfc36___JR_HL 8380.JPG",19,"Pepper,_bell___healthy",3,train,partition::00025039,"Pepper,_bell___healthy:::112",quantity_skew,0.1,0.1,none,42,-1
"Pepper,_bell___healthy/55d17ef7-3f98-47a9-83dd-60c83a38902d___JR_HL 7928.JPG",19,"Pepper,_bell___healthy",3,train,partition::00025111,"Pepper,_bell___healthy:::65",quantity_skew,0.1,0.1,none,42,-1
"Pepper,_bell___healthy/64feac49-35be-4fc1-8921-b1dbf9299a68___JR_HL 7776.JPG",19,"Pepper,_bell___healthy",3,train,partition::00025108,"Pepper,_bell___healthy:::54",quantity_skew,0.1,0.1,none,42,-1
"Pepper,_bell___healthy/686e90a1-44b4-4713-8073-2fe867b5884a___JR_HL 7929.JPG",19,"Pepper,_bell___healthy",3,train,partition::00025111,"Pepper,_bell___healthy:::65",quantity_skew,0.1,0.1,none,42,-1
"Pepper,_bell___healthy/6c88680c-ed4b-45ba-a8d0-90d6ee26d618___JR_HL 7925.JPG",19,"Pepper,_bell___healthy",3,train,partition::00025111,"Pepper,_bell___healthy:::65",quantity_skew,0.1,0.1,none,42,-1
"Pepper,_bell___healthy/74ad59a4-c592-4d21-b066-a088e5bad84d___JR_HL 7777.JPG",19,"Pepper,_bell___healthy",3,train,partition::00025108,"Pepper,_bell___healthy:::54",quantity_skew,0.1,0.1,none,42,-1
"Pepper,_bell___healthy/78d6d5a4-9e5b-424d-890b-1893a4c4fba4___JR_HL 7930.JPG",19,"Pepper,_bell___healthy",3,train,partition::00025111,"Pepper,_bell___healthy:::65",quantity_skew,0.1,0.1,none,42,-1
"Pepper,_bell___healthy/7a05e52e-b4a2-4441-a356-640c1bffca68___JR_HL 7784.JPG",19,"Pepper,_bell___healthy",3,train,partition::00025108,"Pepper,_bell___healthy:::54",quantity_skew,0.1,0.1,none,42,-1
"Pepper,_bell___healthy/843ef0a7-5eed-45b5-98b4-4c2fc94084cf___JR_HL 7922.JPG",19,"Pepper,_bell___healthy",3,train,partition::00025111,"Pepper,_bell___healthy:::65",quantity_skew,0.1,0.1,none,42,-1
"Pepper,_bell___healthy/88e440d8-6cea-4146-98d9-29c0ade1b88f___JR_HL 7927.JPG",19,"Pepper,_bell___healthy",3,train,partition::00025111,"Pepper,_bell___healthy:::65",quantity_skew,0.1,0.1,none,42,-1
"Pepper,_bell___healthy/8e8ad705-85d5-407a-b439-1464cb166e34___JR_HL 7924.JPG",19,"Pepper,_bell___healthy",3,train,partition::00025111,"Pepper,_bell___healthy:::65",quantity_skew,0.1,0.1,none,42,-1
"Pepper,_bell___healthy/ab4b562f-c5f1-4c24-826e-5993dbab9400___JR_HL 7780.JPG",19,"Pepper,_bell___healthy",3,train,partition::00025108,"Pepper,_bell___healthy:::54",quantity_skew,0.1,0.1,none,42,-1
"Pepper,_bell___healthy/ae44c6d0-d29c-4f66-9960-40a019bbc838___JR_HL 7779.JPG",19,"Pepper,_bell___healthy",3,train,partition::00025108,"Pepper,_bell___healthy:::54",quantity_skew,0.1,0.1,none,42,-1
"Pepper,_bell___healthy/b41827b5-6a07-4752-84fc-68a76316185f___JR_HL 8383.JPG",19,"Pepper,_bell___healthy",3,train,partition::00025039,"Pepper,_bell___healthy:::112",quantity_skew,0.1,0.1,none,42,-1
"Pepper,_bell___healthy/c0183c29-b09d-42a6-a376-90806c9451a2___JR_HL 8384.JPG",19,"Pepper,_bell___healthy",3,train,partition::00025039,"Pepper,_bell___healthy:::112",quantity_skew,0.1,0.1,none,42,-1
"Pepper,_bell___healthy/c874080b-be91-4c77-967f-092f91884297___JR_HL 7919.JPG",19,"Pepper,_bell___healthy",3,train,partition::00025111,"Pepper,_bell___healthy:::65",quantity_skew,0.1,0.1,none,42,-1
"Pepper,_bell___healthy/d2e09fdd-8ee6-4cd1-8bd4-16124dc16962___JR_HL 7918.JPG",19,"Pepper,_bell___healthy",3,train,partition::00025111,"Pepper,_bell___healthy:::65",quantity_skew,0.1,0.1,none,42,-1
"Pepper,_bell___healthy/d520539e-4958-4a52-8b22-dc7714aa4039___JR_HL 8382.JPG",19,"Pepper,_bell___healthy",3,train,partition::00025039,"Pepper,_bell___healthy:::112",quantity_skew,0.1,0.1,none,42,-1
"Pepper,_bell___healthy/d84e8e33-74fc-41e7-b5b2-0ffcd609d191___JR_HL 7921.JPG",19,"Pepper,_bell___healthy",3,train,partition::00025111,"Pepper,_bell___healthy:::65",quantity_skew,0.1,0.1,none,42,-1
"Pepper,_bell___healthy/d8e3f7ec-b032-4e15-b593-895d1299cb4f___JR_HL 8377.JPG",19,"Pepper,_bell___healthy",3,train,partition::00025039,"Pepper,_bell___healthy:::112",quantity_skew,0.1,0.1,none,42,-1
"Pepper,_bell___healthy/da09c517-24f0-4351-94e5-d2b775b96f0f___JR_HL 7781.JPG",19,"Pepper,_bell___healthy",3,train,partition::00025108,"Pepper,_bell___healthy:::54",quantity_skew,0.1,0.1,none,42,-1
"Pepper,_bell___healthy/eacb2473-498d-41f6-9999-01fbd259c058___JR_HL 8376.JPG",19,"Pepper,_bell___healthy",3,train,partition::00025039,"Pepper,_bell___healthy:::112",quantity_skew,0.1,0.1,none,42,-1
"Pepper,_bell___healthy/f170473e-77b2-4b80-94bf-9479622bac75___JR_HL 8381.JPG",19,"Pepper,_bell___healthy",3,train,partition::00025039,"Pepper,_bell___healthy:::112",quantity_skew,0.1,0.1,none,42,-1
"Pepper,_bell___healthy/fcb4bcad-7185-4e6d-b24c-b46b4dde3e52___JR_HL 7783.JPG",19,"Pepper,_bell___healthy",3,train,partition::00025108,"Pepper,_bell___healthy:::54",quantity_skew,0.1,0.1,none,42,-1
"Pepper,_bell___healthy/fce5fec3-2fc8-4a74-bedf-cd2f55eb3195___JR_HL 7920.JPG",19,"Pepper,_bell___healthy",3,train,partition::00025111,"Pepper,_bell___healthy:::65",quantity_skew,0.1,0.1,none,42,-1
Potato___Early_blight/07baabd8-e118-47dd-9d8d-132d4347836a___RS_Early.B 8555.JPG,20,Potato___Early_blight,3,train,partition::00025800,Potato___Early_blight:::205,quantity_skew,0.1,0.1,none,42,-1
Potato___Early_blight/2767ef91-3383-4872-9804-e0bcd2bc43fc___RS_Early.B 7783.JPG,20,Potato___Early_blight,3,train,partition::00025822,Potato___Early_blight:::140,quantity_skew,0.1,0.1,none,42,-1
Potato___Early_blight/320be8ee-2f9a-48f2-86fa-1c1d993a2fe2___RS_Early.B 8186.JPG,20,Potato___Early_blight,3,train,partition::00025917,Potato___Early_blight:::177,quantity_skew,0.1,0.1,none,42,-1
Potato___Early_blight/3682433d-fb0a-495b-a6e8-d753542b042b___RS_Early.B 8189.JPG,20,Potato___Early_blight,3,train,partition::00025917,Potato___Early_blight:::177,quantity_skew,0.1,0.1,none,42,-1
Potato___Early_blight/3b1e3161-b02e-4aa0-a490-8a50c242d10e___RS_Early.B 8553.JPG,20,Potato___Early_blight,3,train,partition::00025800,Potato___Early_blight:::205,quantity_skew,0.1,0.1,none,42,-1
Potato___Early_blight/585062b6-d5a4-4677-8b7f-773257399423___RS_Early.B 8558.JPG,20,Potato___Early_blight,3,train,partition::00025800,Potato___Early_blight:::205,quantity_skew,0.1,0.1,none,42,-1
Potato___Early_blight/66b6c6d1-fe63-4c7e-8054-bdf6ff67ff57___RS_Early.B 7514.JPG,20,Potato___Early_blight,3,train,partition::00025887,Potato___Early_blight:::110,quantity_skew,0.1,0.1,none,42,-1
Potato___Early_blight/6fdee580-fa84-4ea7-b54a-048919765284___RS_Early.B 8187.JPG,20,Potato___Early_blight,3,train,partition::00025917,Potato___Early_blight:::177,quantity_skew,0.1,0.1,none,42,-1
Potato___Early_blight/833c373e-d3fc-4d1e-86e7-8bd11d41a33e___RS_Early.B 7509.JPG,20,Potato___Early_blight,3,train,partition::00025887,Potato___Early_blight:::110,quantity_skew,0.1,0.1,none,42,-1
Potato___Early_blight/86562214-f8b9-4105-9513-4847520aff9a___RS_Early.B 7515.JPG,20,Potato___Early_blight,3,train,partition::00025887,Potato___Early_blight:::110,quantity_skew,0.1,0.1,none,42,-1
Potato___Early_blight/86e98583-f506-4cb7-ba11-eea466662ec7___RS_Early.B 7335.JPG,20,Potato___Early_blight,3,train,partition::00026017,Potato___Early_blight:::89,quantity_skew,0.1,0.1,none,42,-1
Potato___Early_blight/8d8382dc-c4aa-4118-8aae-d0c372dce562___RS_Early.B 7336.JPG,20,Potato___Early_blight,3,train,partition::00026017,Potato___Early_blight:::89,quantity_skew,0.1,0.1,none,42,-1
Potato___Early_blight/90d47c2a-c84e-498c-b30d-f368e75611a7___RS_Early.B 7778.JPG,20,Potato___Early_blight,3,train,partition::00025822,Potato___Early_blight:::140,quantity_skew,0.1,0.1,none,42,-1
Potato___Early_blight/95cd8c85-b3b1-4d90-828d-1c93ea98977a___RS_Early.B 9109.JPG,20,Potato___Early_blight,3,train,partition::00025894,Potato___Early_blight:::243,quantity_skew,0.1,0.1,none,42,-1
Potato___Early_blight/b09e0cba-0564-4dde-a90d-3c0d90d6336e___RS_Early.B 7776.JPG,20,Potato___Early_blight,3,train,partition::00025822,Potato___Early_blight:::140,quantity_skew,0.1,0.1,none,42,-1
Potato___Early_blight/b14e0de2-ab48-45b5-9d4d-e45e7c88b68f___RS_Early.B 8554.JPG,20,Potato___Early_blight,3,train,partition::00025800,Potato___Early_blight:::205,quantity_skew,0.1,0.1,none,42,-1
Potato___Early_blight/b3d44557-f696-4fc9-b144-dec4f4ba9452___RS_Early.B 9110.JPG,20,Potato___Early_blight,3,train,partition::00025894,Potato___Early_blight:::243,quantity_skew,0.1,0.1,none,42,-1
Potato___Early_blight/b692a411-91aa-4388-b641-a6c02286840c___RS_Early.B 7784.JPG,20,Potato___Early_blight,3,train,partition::00025822,Potato___Early_blight:::140,quantity_skew,0.1,0.1,none,42,-1
Potato___Early_blight/c42b5e69-2673-42ef-8e14-a785fea3aad6___RS_Early.B 9107.JPG,20,Potato___Early_blight,3,train,partition::00025894,Potato___Early_blight:::243,quantity_skew,0.1,0.1,none,42,-1
Potato___Early_blight/c59f2dde-4805-4f63-b47a-79fe9cd9364b___RS_Early.B 7510.JPG,20,Potato___Early_blight,3,train,partition::00025887,Potato___Early_blight:::110,quantity_skew,0.1,0.1,none,42,-1
Potato___Early_blight/c653b79e-4f42-4a9e-8c5c-7a85483a3c29___RS_Early.B 9108.JPG,20,Potato___Early_blight,3,train,partition::00025894,Potato___Early_blight:::243,quantity_skew,0.1,0.1,none,42,-1
Potato___Early_blight/cbd4ef4a-1e84-41ac-8744-b5a1c52461be___RS_Early.B 8191.JPG,20,Potato___Early_blight,3,train,partition::00025917,Potato___Early_blight:::177,quantity_skew,0.1,0.1,none,42,-1
Potato___Early_blight/d9303294-b0d9-4066-85d1-4ef58977b78e___RS_Early.B 7337.JPG,20,Potato___Early_blight,3,train,partition::00026017,Potato___Early_blight:::89,quantity_skew,0.1,0.1,none,42,-1
Potato___Early_blight/e09c5edb-1e38-44bb-bb55-260fa32d6a58___RS_Early.B 7340.JPG,20,Potato___Early_blight,3,train,partition::00026017,Potato___Early_blight:::89,quantity_skew,0.1,0.1,none,42,-1
Potato___Late_blight/1cffe6a1-6fb3-4506-846c-478148a2b678___RS_LB 4380.JPG,21,Potato___Late_blight,3,train,partition::00027086,Potato___Late_blight:::153,quantity_skew,0.1,0.1,none,42,-1
Potato___Late_blight/2e2bc24d-9900-4b0b-a8ec-abb444350c03___RS_LB 4701.JPG,21,Potato___Late_blight,3,train,partition::00026379,Potato___Late_blight:::180,quantity_skew,0.1,0.1,none,42,-1
Potato___Late_blight/304b3fa0-f0cb-41b5-b835-9bd13773150a___RS_LB 4696.JPG,21,Potato___Late_blight,3,train,partition::00026379,Potato___Late_blight:::180,quantity_skew,0.1,0.1,none,42,-1
Potato___Late_blight/324a0ba8-726a-4e6c-a15f-c32a1904f891___RS_LB 3078.JPG,21,Potato___Late_blight,3,train,partition::00027013,Potato___Late_blight:::69,quantity_skew,0.1,0.1,none,42,-1
Potato___Late_blight/32e6ace8-7ca9-4f95-a313-6747d321e8da___RS_LB 4698.JPG,21,Potato___Late_blight,3,train,partition::00026379,Potato___Late_blight:::180,quantity_skew,0.1,0.1,none,42,-1
Potato___Late_blight/3f6db123-4a6e-4b8a-9b26-954ccf29cc3c___RS_LB 4695.JPG,21,Potato___Late_blight,3,train,partition::00026379,Potato___Late_blight:::180,quantity_skew,0.1,0.1,none,42,-1
Potato___Late_blight/41e3b4c0-7aec-4d49-a84c-f37ed2637407___RS_LB 4377.JPG,21,Potato___Late_blight,3,train,partition::00027086,Potato___Late_blight:::153,quantity_skew,0.1,0.1,none,42,-1
Potato___Late_blight/4bccc3ae-4246-48f8-9c07-f4a1d5856314___RS_LB 2760.JPG,21,Potato___Late_blight,3,train,partition::00026785,Potato___Late_blight:::30,quantity_skew,0.1,0.1,none,42,-1
Potato___Late_blight/4d56ef9d-bc69-489c-92de-d2fad01d762d___RS_LB 3890.JPG,21,Potato___Late_blight,3,train,partition::00027090,Potato___Late_blight:::107,quantity_skew,0.1,0.1,none,42,-1
Potato___Late_blight/4d96b41e-8e2e-4a0d-b9a2-0ab8456e4074___RS_LB 3893.JPG,21,Potato___Late_blight,3,train,partition::00027090,Potato___Late_blight:::107,quantity_skew,0.1,0.1,none,42,-1
Potato___Late_blight/57a137da-7424-4a9d-9e28-bce63decbdcf___RS_LB 2761.JPG,21,Potato___Late_blight,3,train,partition::00026785,Potato___Late_blight:::30,quantity_skew,0.1,0.1,none,42,-1
Potato___Late_blight/7a0b26a9-4abe-4e84-ad20-699b0c0cd27e___RS_LB 4376.JPG,21,Potato___Late_blight,3,train,partition::00027086,Potato___Late_blight:::153,quantity_skew,0.1,0.1,none,42,-1
Potato___Late_blight/80bdc2a3-66b8-4d95-abe7-65c7806f7cbf___RS_LB 3073.JPG,21,Potato___Late_blight,3,train,partition::00027013,Potato___Late_blight:::69,quantity_skew,0.1,0.1,none,42,-1
Potato___Late_blight/99064106-3789-4de4-b109-ebc83a20d94b___RS_LB 2757.JPG,21,Potato___Late_blight,3,train,partition::00026785,Potato___Late_blight:::30,quantity_skew,0.1,0.1,none,42,-1
Potato___Late_blight/a5aabda7-209a-4e1e-966c-de2a1ccc7869___RS_LB 5046.JPG,21,Potato___Late_blight,3,train,partition::00027023,Potato___Late_blight:::222,quantity_skew,0.1,0.1,none,42,-1
Potato___Late_blight/ad2396a9-306e-4ca9-88dc-56b2bde77c6b___RS_LB 2755.JPG,21,Potato___Late_blight,3,train,partition::00026785,Potato___Late_blight:::30,quantity_skew,0.1,0.1,none,42,-1
Potato___Late_blight/bb4aa884-a811-4229-bfc0-1df1e7330877___RS_LB 5049.JPG,21,Potato___Late_blight,3,train,partition::00027023,Potato___Late_blight:::222,quantity_skew,0.1,0.1,none,42,-1
Potato___Late_blight/c7982d1f-7472-44ba-a39d-76085c4d90cd___RS_LB 3072.JPG,21,Potato___Late_blight,3,train,partition::00027013,Potato___Late_blight:::69,quantity_skew,0.1,0.1,none,42,-1
Potato___Late_blight/ccdf64d2-81fe-429e-8041-05b5a9ce50c9___RS_LB 5052.JPG,21,Potato___Late_blight,3,train,partition::00027023,Potato___Late_blight:::222,quantity_skew,0.1,0.1,none,42,-1
Potato___Late_blight/e12ede80-8428-4424-b95d-5d3267d112a8___RS_LB 3079.JPG,21,Potato___Late_blight,3,train,partition::00027013,Potato___Late_blight:::69,quantity_skew,0.1,0.1,none,42,-1
Potato___Late_blight/e36ccebd-29c6-466d-b46f-41fa38f6e9c0___RS_LB 5047.JPG,21,Potato___Late_blight,3,train,partition::00027023,Potato___Late_blight:::222,quantity_skew,0.1,0.1,none,42,-1
Potato___Late_blight/f46c0317-fc28-4b5b-a09d-b52ef54fae67___RS_LB 3889.JPG,21,Potato___Late_blight,3,train,partition::00027090,Potato___Late_blight:::107,quantity_skew,0.1,0.1,none,42,-1
Potato___Late_blight/f5ad9b49-ea3a-46c0-8a54-d4e0aa76eda4___RS_LB 4379.JPG,21,Potato___Late_blight,3,train,partition::00027086,Potato___Late_blight:::153,quantity_skew,0.1,0.1,none,42,-1
Potato___Late_blight/f68e448a-c2f5-4638-a7cb-45e73083ae4a___RS_LB 3892.JPG,21,Potato___Late_blight,3,train,partition::00027090,Potato___Late_blight:::107,quantity_skew,0.1,0.1,none,42,-1
Potato___healthy/369479a9-3c28-4d77-8731-9ae54e719af3___RS_HL 1785.JPG,22,Potato___healthy,3,train,partition::00027279,Potato___healthy:::7,quantity_skew,0.1,0.1,none,42,-1
Potato___healthy/3c0d6888-c7e1-4cf8-9c25-9a0b8c62ba72___RS_HL 1780.JPG,22,Potato___healthy,3,train,partition::00027279,Potato___healthy:::7,quantity_skew,0.1,0.1,none,42,-1
Potato___healthy/51a03694-82cd-43a5-9877-ddce42c1a5ad___RS_HL 1779.JPG,22,Potato___healthy,3,train,partition::00027279,Potato___healthy:::7,quantity_skew,0.1,0.1,none,42,-1
Potato___healthy/f4be3632-42a1-415a-9f7e-1d5ecb9f49d7___RS_HL 1783.JPG,22,Potato___healthy,3,train,partition::00027279,Potato___healthy:::7,quantity_skew,0.1,0.1,none,42,-1
Raspberry___healthy/05f26de9-3f26-44f8-9ad4-cd83952399b3___Mary_HL 9140.JPG,23,Raspberry___healthy,3,train,partition::00027535,Raspberry___healthy:::23,quantity_skew,0.1,0.1,none,42,-1
Raspberry___healthy/0f5c8734-f6d1-442f-832a-7c938053ca1e___Mary_HL 9139.JPG,23,Raspberry___healthy,3,train,partition::00027535,Raspberry___healthy:::23,quantity_skew,0.1,0.1,none,42,-1
Raspberry___healthy/169a1c11-b98f-448a-87b2-9ea98a5f6c39___Mary_HL 9135.JPG,23,Raspberry___healthy,3,train,partition::00027535,Raspberry___healthy:::23,quantity_skew,0.1,0.1,none,42,-1
Raspberry___healthy/1c688d4a-786d-4c6b-a4e0-92c6d489766d___Mary_HL 9133.JPG,23,Raspberry___healthy,3,train,partition::00027535,Raspberry___healthy:::23,quantity_skew,0.1,0.1,none,42,-1
Raspberry___healthy/23ba8894-db3b-4a55-8a7b-703bf9ddaccc___Mary_HL 9138.JPG,23,Raspberry___healthy,3,train,partition::00027535,Raspberry___healthy:::23,quantity_skew,0.1,0.1,none,42,-1
Raspberry___healthy/3706171c-e0c1-45c8-8930-34b094f996cd___Mary_HL 9136.JPG,23,Raspberry___healthy,3,train,partition::00027535,Raspberry___healthy:::23,quantity_skew,0.1,0.1,none,42,-1
Raspberry___healthy/5d5c0b73-9209-4901-994d-07bd2624e12d___Mary_HL 9134.JPG,23,Raspberry___healthy,3,train,partition::00027535,Raspberry___healthy:::23,quantity_skew,0.1,0.1,none,42,-1
Raspberry___healthy/66571ca8-fe32-4b5d-8294-0dd62708a2d1___Mary_HL 9137.JPG,23,Raspberry___healthy,3,train,partition::00027535,Raspberry___healthy:::23,quantity_skew,0.1,0.1,none,42,-1
Raspberry___healthy/acf6aef9-fdb6-4cc3-bd98-2a25a7c15f55___Mary_HL 9141.JPG,23,Raspberry___healthy,3,train,partition::00027535,Raspberry___healthy:::23,quantity_skew,0.1,0.1,none,42,-1
Soybean___healthy/02939fee-0408-46de-81c7-e0ecf75fb9f5___RS_HL 4664.JPG,24,Soybean___healthy,3,train,partition::00032694,Soybean___healthy:::219,quantity_skew,0.1,0.1,none,42,-1
Soybean___healthy/057df607-7dc5-488b-bcb4-9c5ea014ff12___RS_HL 6542.JPG,24,Soybean___healthy,3,train,partition::00031366,Soybean___healthy:::424,quantity_skew,0.1,0.1,none,42,-1
Soybean___healthy/080a3d05-ebc3-4d00-9883-d68e8882cc49___RS_HL 4126.JPG,24,Soybean___healthy,3,train,partition::00031766,Soybean___healthy:::155,quantity_skew,0.1,0.1,none,42,-1
Soybean___healthy/09e619a9-6a35-497c-aafb-e85f8df0b1b7___RS_HL 3629.JPG,24,Soybean___healthy,3,train,partition::00032694,Soybean___healthy:::99,quantity_skew,0.1,0.1,none,42,-1
Soybean___healthy/0d90c953-8a01-41cf-9096-b057a01f7610___RS_HL 5901.JPG,24,Soybean___healthy,3,train,partition::00032144,Soybean___healthy:::370,quantity_skew,0.1,0.1,none,42,-1
Soybean___healthy/1039bf77-12ab-49a0-828f-de35684f1a87___RS_HL 3731.JPG,24,Soybean___healthy,3,train,partition::00032694,Soybean___healthy:::109,quantity_skew,0.1,0.1,none,42,-1
Soybean___healthy/120b18a5-6743-4a43-82cc-c14ae4f964ec___RS_HL 5543 1.JPG,24,Soybean___healthy,3,train,partition::00032065,Soybean___healthy:::319,quantity_skew,0.1,0.1,none,42,-1
Soybean___healthy/12aef746-e8c7-406f-98c0-713969bcea50___RS_HL 6769.JPG,24,Soybean___healthy,3,train,partition::00032743,Soybean___healthy:::445,quantity_skew,0.1,0.1,none,42,-1
Soybean___healthy/158d92f5-6e64-435d-aa0c-f1b46ff12682___RS_HL 4128.JPG,24,Soybean___healthy,3,train,partition::00031766,Soybean___healthy:::155,quantity_skew,0.1,0.1,none,42,-1
Soybean___healthy/17f6f0b5-e276-4fbb-9aac-f95459c06545___RS_HL 4667.JPG,24,Soybean___healthy,3,train,partition::00032694,Soybean___healthy:::219,quantity_skew,0.1,0.1,none,42,-1
Soybean___healthy/1dbbfa92-e79b-4b3c-9f6b-14210466dd90___RS_HL 5711.JPG,24,Soybean___healthy,3,train,partition::00031699,Soybean___healthy:::349,quantity_skew,0.1,0.1,none,42,-1
Soybean___healthy/21a83250-7af5-4daf-bc1c-2e269aa0bf29___RS_HL 3728.JPG,24,Soybean___healthy,3,train,partition::00032694,Soybean___healthy:::109,quantity_skew,0.1,0.1,none,42,-1
Soybean___healthy/2330ac00-dfdc-4436-bbfd-0da49c4188a0___RS_HL 5896.JPG,24,Soybean___healthy,3,train,partition::00032144,Soybean___healthy:::370,quantity_skew,0.1,0.1,none,42,-1
Soybean___healthy/2486c221-5f3a-4e9a-afe4-b5fc491a7ffd___RS_HL 6772.JPG,24,Soybean___healthy,3,train,partition::00032743,Soybean___healthy:::445,quantity_skew,0.1,0.1,none,42,-1
Soybean___healthy/27686854-57d7-49f5-8b85-41d9b663b5d0___RS_HL 7188.JPG,24,Soybean___healthy,3,train,partition::00031746,Soybean___healthy:::478,quantity_skew,0.1,0.1,none,42,-1
Soybean___healthy/288913e0-25b1-45b4-9b0f-f2b13f0bc9df___RS_HL 3632.JPG,24,Soybean___healthy,3,train,partition::00032694,Soybean___healthy:::99,quantity_skew,0.1,0.1,none,42,-1
Soybean___healthy/2911df60-fdd0-4f18-9353-f2b1c1d711eb___RS_HL 7184.JPG,24,Soybean___healthy,3,train,partition::00031746,Soybean___healthy:::478,quantity_skew,0.1,0.1,none,42,-1
Soybean___healthy/2bcc2c6c-b738-4ab5-84f1-1bf1ec276a99___RS_HL 5895.JPG,24,Soybean___healthy,3,train,partition::00032144,Soybean___healthy:::370,quantity_skew,0.1,0.1,none,42,-1
Soybean___healthy/2f15f2c9-9a65-47c2-a9ed-f89d92743882___RS_HL 6543.JPG,24,Soybean___healthy,3,train,partition::00031366,Soybean___healthy:::424,quantity_skew,0.1,0.1,none,42,-1
Soybean___healthy/2f4d4bfd-27e7-401d-8cdf-92a34bc8da2c___RS_HL 6140.JPG,24,Soybean___healthy,3,train,partition::00032743,Soybean___healthy:::390,quantity_skew,0.1,0.1,none,42,-1
Soybean___healthy/2f7f7d19-da76-4299-812e-de03a316be2c___RS_HL 5114.JPG,24,Soybean___healthy,3,train,partition::00032089,Soybean___healthy:::268,quantity_skew,0.1,0.1,none,42,-1
Soybean___healthy/307e2931-1231-47f2-9e1e-121d766b9b60___RS_HL 5110.JPG,24,Soybean___healthy,3,train,partition::00032089,Soybean___healthy:::268,quantity_skew,0.1,0.1,none,42,-1
Soybean___healthy/316efa01-7ae4-4ccb-9b13-8d1c88ee9756___RS_HL 2831.JPG,24,Soybean___healthy,3,train,partition::00032521,Soybean___healthy:::16,quantity_skew,0.1,0.1,none,42,-1
Soybean___healthy/37e6cdc5-07fb-436a-be88-5825bf10ef9d___RS_HL 3733.JPG,24,Soybean___healthy,3,train,partition::00032694,Soybean___healthy:::109,quantity_skew,0.1,0.1,none,42,-1
Soybean___healthy/38087690-9dde-45be-bc97-f3add32102da___RS_HL 5538 1.JPG,24,Soybean___healthy,3,train,partition::00032065,Soybean___healthy:::319,quantity_skew,0.1,0.1,none,42,-1
Soybean___healthy/384021f6-d957-496c-881e-4738f7469f4e___RS_HL 5115.JPG,24,Soybean___healthy,3,train,partition::00032089,Soybean___healthy:::268,quantity_skew,0.1,0.1,none,42,-1
Soybean___healthy/38a423d0-c1d7-4832-b501-d226334815b1___RS_HL 5893.JPG,24,Soybean___healthy,3,train,partition::00032144,Soybean___healthy:::370,quantity_skew,0.1,0.1,none,42,-1
Soybean___healthy/3bf9ee4a-7b0c-4250-bd31-7771905402ff___RS_HL 4124.JPG,24,Soybean___healthy,3,train,partition::00031766,Soybean___healthy:::155,quantity_skew,0.1,0.1,none,42,-1
Soybean___healthy/3eb2ac02-1f12-4295-a465-8741704aecb7___RS_HL 2830.JPG,24,Soybean___healthy,3,train,partition::00032521,Soybean___healthy:::16,quantity_skew,0.1,0.1,none,42,-1
Soybean___healthy/42fc56bb-270c-4bad-8adc-4c908c8bff3f___RS_HL 5540 1.JPG,24,Soybean___healthy,3,train,partition::00032065,Soybean___healthy:::319,quantity_skew,0.1,0.1,none,42,-1
Soybean___healthy/437a7a2a-fb5c-41b8-9f22-872ffd9b1012___RS_HL 4127.JPG,24,Soybean___healthy,3,train,partition::00031766,Soybean___healthy:::155,quantity_skew,0.1,0.1,none,42,-1
Soybean___healthy/441ebe97-fbc5-4c18-9043-35571c410cb5___RS_HL 6541.JPG,24,Soybean___healthy,3,train,partition::00031366,Soybean___healthy:::424,quantity_skew,0.1,0.1,none,42,-1
Soybean___healthy/4492489a-315f-4eca-9e43-95762f3044d1___RS_HL 5112.JPG,24,Soybean___healthy,3,train,partition::00032089,Soybean___healthy:::268,quantity_skew,0.1,0.1,none,42,-1
Soybean___healthy/44e0444a-430e-4f81-8455-eb3bda08356e___RS_HL 4665.JPG,24,Soybean___healthy,3,train,partition::00032694,Soybean___healthy:::219,quantity_skew,0.1,0.1,none,42,-1
Soybean___healthy/45f031a0-c69b-4f20-8f81-2717558b41f8___RS_HL 3633.JPG,24,Soybean___healthy,3,train,partition::00032694,Soybean___healthy:::99,quantity_skew,0.1,0.1,none,42,-1
Soybean___healthy/468042db-a8e7-4b98-829b-4022f7c633c8___RS_HL 5721.JPG,24,Soybean___healthy,3,train,partition::00031699,Soybean___healthy:::349,quantity_skew,0.1,0.1,none,42,-1
Soybean___healthy/46ea8a60-0316-4472-8255-147e600597da___RS_HL 6774.JPG,24,Soybean___healthy,3,train,partition::00032743,Soybean___healthy:::445,quantity_skew,0.1,0.1,none,42,-1
Soybean___healthy/47f47e3b-1e88-408a-98a7-51f499ad3353___RS_HL 5890.JPG,24,Soybean___healthy,3,train,partition::00032144,Soybean___healthy:::370,quantity_skew,0.1,0.1,none,42,-1
Soybean___healthy/489f4b88-e761-4ee0-8d3b-6da3e92c1a4d___RS_HL 5719.JPG,24,Soybean___healthy,3,train,partition::00031699,Soybean___healthy:::349,quantity_skew,0.1,0.1,none,42,-1
Soybean___healthy/4a835664-676d-4b14-9f9d-44954af9f7a3___RS_HL 5897.JPG,24,Soybean___healthy,3,train,partition::00032144,Soybean___healthy:::370,quantity_skew,0.1,0.1,none,42,-1
Soybean___healthy/4d078d92-356b-4fa1-9a85-16c0a2020d74___RS_HL 2826.JPG,24,Soybean___healthy,3,train,partition::00032521,Soybean___healthy:::16,quantity_skew,0.1,0.1,none,42,-1
Soybean___healthy/4e574cac-6544-4932-ab76-37651307f7f1___RS_HL 5117.JPG,24,Soybean___healthy,3,train,partition::00032089,Soybean___healthy:::268,quantity_skew,0.1,0.1,none,42,-1
Soybean___healthy/5a6a87d8-a490-482e-8c94-eb1e765ca5e6___RS_HL 6145.JPG,24,Soybean___healthy,3,train,partition::00032743,Soybean___healthy:::390,quantity_skew,0.1,0.1,none,42,-1
Soybean___healthy/5a88cf38-af3b-494c-b7c3-83b37773db99___RS_HL 7182.JPG,24,Soybean___healthy,3,train,partition::00031746,Soybean___healthy:::478,quantity_skew,0.1,0.1,none,42,-1
Soybean___healthy/5d32e001-dd9d-49f8-bca0-f90dfb6999e7___RS_HL 5891.JPG,24,Soybean___healthy,3,train,partition::00032144,Soybean___healthy:::370,quantity_skew,0.1,0.1,none,42,-1
Soybean___healthy/5f9ba204-5d59-496d-9f76-3c0615eec26e___RS_HL 2824.JPG,24,Soybean___healthy,3,train,partition::00032521,Soybean___healthy:::16,quantity_skew,0.1,0.1,none,42,-1
Soybean___healthy/639566c4-efb2-4f27-9782-1a17f0c8e301___RS_HL 5541 1.JPG,24,Soybean___healthy,3,train,partition::00032065,Soybean___healthy:::319,quantity_skew,0.1,0.1,none,42,-1
Soybean___healthy/64da56c9-a272-444f-89be-a8a790efd842___RS_HL 3730.JPG,24,Soybean___healthy,3,train,partition::00032694,Soybean___healthy:::109,quantity_skew,0.1,0.1,none,42,-1
Soybean___healthy/65e05b9b-a838-4623-8ce4-e09267560bea___RS_HL 2828.JPG,24,Soybean___healthy,3,train,partition::00032521,Soybean___healthy:::16,quantity_skew,0.1,0.1,none,42,-1
Soybean___healthy/6802a0fd-2fe4-4cda-a665-2510611971ce___RS_HL 5542 1.JPG,24,Soybean___healthy,3,train,partition::00032065,Soybean___healthy:::319,quantity_skew,0.1,0.1,none,42,-1
Soybean___healthy/68484d8b-330c-481c-9a8d-0b7c43876160___RS_HL 7186.JPG,24,Soybean___healthy,3,train,partition::00031746,Soybean___healthy:::478,quantity_skew,0.1,0.1,none,42,-1
Soybean___healthy/68666ce8-d02f-44ff-9505-85e4df1063a7___RS_HL 5714.JPG,24,Soybean___healthy,3,train,partition::00031699,Soybean___healthy:::349,quantity_skew,0.1,0.1,none,42,-1
Soybean___healthy/695ce702-6a5e-4e53-81ec-b8003bb781e6___RS_HL 5715.JPG,24,Soybean___healthy,3,train,partition::00031699,Soybean___healthy:::349,quantity_skew,0.1,0.1,none,42,-1
Soybean___healthy/70cdfcaf-b5a7-4637-b3d6-00e34ce9d3c0___RS_HL 6147.JPG,24,Soybean___healthy,3,train,partition::00032743,Soybean___healthy:::390,quantity_skew,0.1,0.1,none,42,-1
Soybean___healthy/7240c0bc-4042-4789-8425-1f3467c9874f___RS_HL 5894.JPG,24,Soybean___healthy,3,train,partition::00032144,Soybean___healthy:::370,quantity_skew,0.1,0.1,none,42,-1
Soybean___healthy/75fc8ed9-a6b0-47f3-b28f-5f0f72d6c509___RS_HL 5722.JPG,24,Soybean___healthy,3,train,partition::00031699,Soybean___healthy:::349,quantity_skew,0.1,0.1,none,42,-1
Soybean___healthy/7630046a-c759-4faf-97ff-b181106eb970___RS_HL 5712.JPG,24,Soybean___healthy,3,train,partition::00031699,Soybean___healthy:::349,quantity_skew,0.1,0.1,none,42,-1
Soybean___healthy/76ca3c4d-9792-4d6f-b2c0-de1074184dde___RS_HL 7185.JPG,24,Soybean___healthy,3,train,partition::00031746,Soybean___healthy:::478,quantity_skew,0.1,0.1,none,42,-1
Soybean___healthy/7735ac53-15f5-4a18-99d8-4594174d6e0e___RS_HL 5717.JPG,24,Soybean___healthy,3,train,partition::00031699,Soybean___healthy:::349,quantity_skew,0.1,0.1,none,42,-1
Soybean___healthy/780a96d7-52a0-4c0b-8ffc-7f7fcc5ebe79___RS_HL 6539.JPG,24,Soybean___healthy,3,train,partition::00031366,Soybean___healthy:::424,quantity_skew,0.1,0.1,none,42,-1
Soybean___healthy/7998c668-43ce-4fdb-abac-5a7076777d29___RS_HL 6775.JPG,24,Soybean___healthy,3,train,partition::00032743,Soybean___healthy:::445,quantity_skew,0.1,0.1,none,42,-1
Soybean___healthy/819cf6ff-32a9-4eb1-99ef-20e3da4384d7___RS_HL 5113.JPG,24,Soybean___healthy,3,train,partition::00032089,Soybean___healthy:::268,quantity_skew,0.1,0.1,none,42,-1
Soybean___healthy/87742a34-cd41-42f3-854b-d1265d55b950___RS_HL 7187.JPG,24,Soybean___healthy,3,train,partition::00031746,Soybean___healthy:::478,quantity_skew,0.1,0.1,none,42,-1
Soybean___healthy/8795af13-1972-4918-b81b-63724a5a4859___RS_HL 3630.JPG,24,Soybean___healthy,3,train,partition::00032694,Soybean___healthy:::99,quantity_skew,0.1,0.1,none,42,-1
Soybean___healthy/8e234e9f-2d2f-458f-bf3c-5b0ffb2cc141___RS_HL 2825.JPG,24,Soybean___healthy,3,train,partition::00032521,Soybean___healthy:::16,quantity_skew,0.1,0.1,none,42,-1
Soybean___healthy/93c76938-2b25-4e5f-b608-4bbed91a7396___RS_HL 6142.JPG,24,Soybean___healthy,3,train,partition::00032743,Soybean___healthy:::390,quantity_skew,0.1,0.1,none,42,-1
Soybean___healthy/9ab03e95-fabf-4f4e-945c-9178caca9d9b___RS_HL 2827.JPG,24,Soybean___healthy,3,train,partition::00032521,Soybean___healthy:::16,quantity_skew,0.1,0.1,none,42,-1
Soybean___healthy/9b0e90ff-549b-4a4e-99af-f2b0319408db___RS_HL 3628.JPG,24,Soybean___healthy,3,train,partition::00032694,Soybean___healthy:::99,quantity_skew,0.1,0.1,none,42,-1
Soybean___healthy/9b88711f-c836-4103-ba7c-3ea9591affc3___RS_HL 3635.JPG,24,Soybean___healthy,3,train,partition::00032694,Soybean___healthy:::99,quantity_skew,0.1,0.1,none,42,-1
Soybean___healthy/9d8e41e8-d2c7-4d04-b29a-08c394fffd6f___RS_HL 6768.JPG,24,Soybean___healthy,3,train,partition::00032743,Soybean___healthy:::445,quantity_skew,0.1,0.1,none,42,-1
Soybean___healthy/9eec6ab0-ea7c-496f-9c0a-969b3222d2ef___RS_HL 5716.JPG,24,Soybean___healthy,3,train,partition::00031699,Soybean___healthy:::349,quantity_skew,0.1,0.1,none,42,-1
Soybean___healthy/9f1eec5c-1947-4d2b-8ab2-25a4de57d01d___RS_HL 7189.JPG,24,Soybean___healthy,3,train,partition::00031746,Soybean___healthy:::478,quantity_skew,0.1,0.1,none,42,-1
Soybean___healthy/a19de63f-d409-44d7-a608-a0e8f74d83b1___RS_HL 5718.JPG,24,Soybean___healthy,3,train,partition::00031699,Soybean___healthy:::349,quantity_skew,0.1,0.1,none,42,-1
Soybean___healthy/a1a8725a-7c79-4172-aad7-910bc738ba7e___RS_HL 3627.JPG,24,Soybean___healthy,3,train,partition::00032694,Soybean___healthy:::99,quantity_skew,0.1,0.1,none,42,-1
Soybean___healthy/a5aa66fd-2b20-473d-b059-e4c5f9ced9b1___RS_HL 6773.JPG,24,Soybean___healthy,3,train,partition::00032743,Soybean___healthy:::445,quantity_skew,0.1,0.1,none,42,-1
Soybean___healthy/a8c32d36-5dc1-470d-a630-af347e840298___RS_HL 5898.JPG,24,Soybean___healthy,3,train,partition::00032144,Soybean___healthy:::370,quantity_skew,0.1,0.1,none,42,-1
Soybean___healthy/a8e49f7b-fd02-4620-a80d-035b239f811e___RS_HL 4663.JPG,24,Soybean___healthy,3,train,partition::00032694,Soybean___healthy:::219,quantity_skew,0.1,0.1,none,42,-1
Soybean___healthy/a908266b-af75-40a2-9d78-986c9b8f7d70___RS_HL 6139.JPG,24,Soybean___healthy,3,train,partition::00032743,Soybean___healthy:::390,quantity_skew,0.1,0.1,none,42,-1
Soybean___healthy/ac359450-34f1-4008-96a2-d7d56fa2fcb7___RS_HL 5713.JPG,24,Soybean___healthy,3,train,partition::00031699,Soybean___healthy:::349,quantity_skew,0.1,0.1,none,42,-1
Soybean___healthy/ac52dcf9-6773-4002-a536-ad587c863252___RS_HL 6767.JPG,24,Soybean___healthy,3,train,partition::00032743,Soybean___healthy:::445,quantity_skew,0.1,0.1,none,42,-1
Soybean___healthy/b93e2503-cadd-4350-912f-1888f9ea99ff___RS_HL 4662.JPG,24,Soybean___healthy,3,train,partition::00032694,Soybean___healthy:::219,quantity_skew,0.1,0.1,none,42,-1
Soybean___healthy/bab08778-33db-442d-a36f-cb421098ea76___RS_HL 5111.JPG,24,Soybean___healthy,3,train,partition::00032089,Soybean___healthy:::268,quantity_skew,0.1,0.1,none,42,-1
Soybean___healthy/bbdbec91-5ce4-406c-832e-a745df5bf541___RS_HL 6770.JPG,24,Soybean___healthy,3,train,partition::00032743,Soybean___healthy:::445,quantity_skew,0.1,0.1,none,42,-1
Soybean___healthy/bc54a45a-9af6-475d-ae41-400f35102cc9___RS_HL 6540.JPG,24,Soybean___healthy,3,train,partition::00031366,Soybean___healthy:::424,quantity_skew,0.1,0.1,none,42,-1
Soybean___healthy/beeec834-fa7c-48ce-9ea5-f52aca7db915___RS_HL 7190.JPG,24,Soybean___healthy,3,train,partition::00031746,Soybean___healthy:::478,quantity_skew,0.1,0.1,none,42,-1
Soybean___healthy/bfed1f55-5539-4624-9a65-318122c0305b___RS_HL 4130.JPG,24,Soybean___healthy,3,train,partition::00031766,Soybean___healthy:::155,quantity_skew,0.1,0.1,none,42,-1
Soybean___healthy/c1bd6cd1-4704-4723-9065-3ddb95c1e5bb___RS_HL 5900.JPG,24,Soybean___healthy,3,train,partition::00032144,Soybean___healthy:::370,quantity_skew,0.1,0.1,none,42,-1
Soybean___healthy/c3e1d866-47c6-4ed3-8c1a-c59328c60ba3___RS_HL 3631.JPG,24,Soybean___healthy,3,train,partition::00032694,Soybean___healthy:::99,quantity_skew,0.1,0.1,none,42,-1
Soybean___healthy/c620c660-c2f6-4983-a837-fe9a2c84efa0___RS_HL 5892.JPG,24,Soybean___healthy,3,train,partition::00032144,Soybean___healthy:::370,quantity_skew,0.1,0.1,none,42,-1
Soybean___healthy/c62871d3-79f6-4714-8ab4-fc23293c8315___RS_HL 4131.JPG,24,Soybean___healthy,3,train,partition::00031766,Soybean___healthy:::155,quantity_skew,0.1,0.1,none,42,-1
Soybean___healthy/cb5d62e5-d4d0-4fed-847b-f4755cb34df7___RS_HL 4129.JPG,24,Soybean___healthy,3,train,partition::00031766,Soybean___healthy:::155,quantity_skew,0.1,0.1,none,42,-1
Soybean___healthy/cc80f1c8-bfa0-4fbe-a25d-0c508ac13025___RS_HL 5720.JPG,24,Soybean___healthy,3,train,partition::00031699,Soybean___healthy:::349,quantity_skew,0.1,0.1,none,42,-1
Soybean___healthy/cce70c06-e183-4d36-b09c-e6a3fe607400___RS_HL 6771.JPG,24,Soybean___healthy,3,train,partition::00032743,Soybean___healthy:::445,quantity_skew,0.1,0.1,none,42,-1
Soybean___healthy/cd71620f-0a2a-46c3-8d36-fa7c21de7fd5___RS_HL 4666.JPG,24,Soybean___healthy,3,train,partition::00032694,Soybean___healthy:::219,quantity_skew,0.1,0.1,none,42,-1
Soybean___healthy/cede2335-bc0d-4f1b-8886-644c3c97d990___RS_HL 3727.JPG,24,Soybean___healthy,3,train,partition::00032694,Soybean___healthy:::109,quantity_skew,0.1,0.1,none,42,-1
Soybean___healthy/cefb3039-c109-4401-bd7e-6227f0d0cef5___RS_HL 7183.JPG,24,Soybean___healthy,3,train,partition::00031746,Soybean___healthy:::478,quantity_skew,0.1,0.1,none,42,-1
Soybean___healthy/cfb64956-a7bf-46f3-b760-501d916594db___RS_HL 4125.JPG,24,Soybean___healthy,3,train,partition::00031766,Soybean___healthy:::155,quantity_skew,0.1,0.1,none,42,-1
Soybean___healthy/d11d6c02-c524-410a-a957-8432456905b5___RS_HL 3634.JPG,24,Soybean___healthy,3,train,partition::00032694,Soybean___healthy:::99,quantity_skew,0.1,0.1,none,42,-1
Soybean___healthy/d49c4697-8288-471d-ab62-2eb52b82863a___RS_HL 6146.JPG,24,Soybean___healthy,3,train,partition::00032743,Soybean___healthy:::390,quantity_skew,0.1,0.1,none,42,-1
Soybean___healthy/d77fcd13-0796-41bb-87db-38b172d67c34___RS_HL 5544 1.JPG,24,Soybean___healthy,3,train,partition::00032065,Soybean___healthy:::319,quantity_skew,0.1,0.1,none,42,-1
Soybean___healthy/d86b33de-d848-423d-b37f-f5d717c7da1b___RS_HL 5539 1.JPG,24,Soybean___healthy,3,train,partition::00032065,Soybean___healthy:::319,quantity_skew,0.1,0.1,none,42,-1
Soybean___healthy/dbd3e213-0a7f-45a6-a1e6-801ad636f90f___RS_HL 3735.JPG,24,Soybean___healthy,3,train,partition::00032694,Soybean___healthy:::109,quantity_skew,0.1,0.1,none,42,-1
Soybean___healthy/dd5bead7-93f6-40af-b027-8963f1dbbcee___RS_HL 5537 1.JPG,24,Soybean___healthy,3,train,partition::00032065,Soybean___healthy:::319,quantity_skew,0.1,0.1,none,42,-1
Soybean___healthy/dec75c39-14eb-4848-b856-b74f6fd50883___RS_HL 5116.JPG,24,Soybean___healthy,3,train,partition::00032089,Soybean___healthy:::268,quantity_skew,0.1,0.1,none,42,-1
Soybean___healthy/e0bbe3ac-bfa6-4551-8d8f-9aafbe930911___RS_HL 2829.JPG,24,Soybean___healthy,3,train,partition::00032521,Soybean___healthy:::16,quantity_skew,0.1,0.1,none,42,-1
Soybean___healthy/e15ad56a-31aa-41d4-8d7a-7317bfac1109___RS_HL 5899.JPG,24,Soybean___healthy,3,train,partition::00032144,Soybean___healthy:::370,quantity_skew,0.1,0.1,none,42,-1
Soybean___healthy/e68c21c4-ab57-4081-9780-92905d9950a7___RS_HL 3734.JPG,24,Soybean___healthy,3,train,partition::00032694,Soybean___healthy:::109,quantity_skew,0.1,0.1,none,42,-1
Soybean___healthy/ea5d0530-5cfa-42d2-a8f8-48b6bde39c3e___RS_HL 6144.JPG,24,Soybean___healthy,3,train,partition::00032743,Soybean___healthy:::390,quantity_skew,0.1,0.1,none,42,-1
Soybean___healthy/eff24a73-9fb2-4082-9ead-49161f3e858a___RS_HL 6141.JPG,24,Soybean___healthy,3,train,partition::00032743,Soybean___healthy:::390,quantity_skew,0.1,0.1,none,42,-1
Soybean___healthy/f5a0e1f4-c9e7-4669-ab8c-c87a6b58442a___RS_HL 2832.JPG,24,Soybean___healthy,3,train,partition::00032521,Soybean___healthy:::16,quantity_skew,0.1,0.1,none,42,-1
Soybean___healthy/f60424ad-d315-4234-ba70-da9f2232b691___RS_HL 3636.JPG,24,Soybean___healthy,3,train,partition::00032694,Soybean___healthy:::99,quantity_skew,0.1,0.1,none,42,-1
Soybean___healthy/f67d5091-ac83-42d4-bb1d-fb0209266760___RS_HL 4660.JPG,24,Soybean___healthy,3,train,partition::00032694,Soybean___healthy:::219,quantity_skew,0.1,0.1,none,42,-1
Soybean___healthy/fbd3c90b-6714-4bb4-8aad-a21f681dbd10___RS_HL 3732.JPG,24,Soybean___healthy,3,train,partition::00032694,Soybean___healthy:::109,quantity_skew,0.1,0.1,none,42,-1
Soybean___healthy/fde59eb3-be09-4b8d-8207-e3fb48b52842___RS_HL 3729.JPG,24,Soybean___healthy,3,train,partition::00032694,Soybean___healthy:::109,quantity_skew,0.1,0.1,none,42,-1
Soybean___healthy/fe22e33f-80de-4771-9dbe-68be9f4a21a9___RS_HL 4661.JPG,24,Soybean___healthy,3,train,partition::00032694,Soybean___healthy:::219,quantity_skew,0.1,0.1,none,42,-1
Soybean___healthy/ffe6d242-27a2-4409-aeb3-a1d644e4a5d5___RS_HL 6143.JPG,24,Soybean___healthy,3,train,partition::00032743,Soybean___healthy:::390,quantity_skew,0.1,0.1,none,42,-1
Squash___Powdery_mildew/01b116bb-2e4a-461a-a772-f7be4a255e31___MD_Powd.M 9996.JPG,25,Squash___Powdery_mildew,3,train,partition::00032754,img::D:/university/do-an-tot-nghiep/train-gd-2/PlantVillage-Dataset/raw/color/Squash___Powdery_mildew/01b116bb-2e4a-461a-a772-f7be4a255e31___MD_Powd.M 9996.JPG,quantity_skew,0.1,0.1,none,42,-1
Squash___Powdery_mildew/0a079a5d-f0f2-41f5-b2aa-9bbc86203bae___UMD_Powd.M 0307.JPG,25,Squash___Powdery_mildew,3,train,partition::00032798,img::D:/university/do-an-tot-nghiep/train-gd-2/PlantVillage-Dataset/raw/color/Squash___Powdery_mildew/0a079a5d-f0f2-41f5-b2aa-9bbc86203bae___UMD_Powd.M 0307.JPG,quantity_skew,0.1,0.1,none,42,-1
Squash___Powdery_mildew/0b4c2086-348f-4f8e-b582-9b0b8caa4c06___UMD_Powd.M 9781.JPG,25,Squash___Powdery_mildew,3,train,partition::00032802,img::D:/university/do-an-tot-nghiep/train-gd-2/PlantVillage-Dataset/raw/color/Squash___Powdery_mildew/0b4c2086-348f-4f8e-b582-9b0b8caa4c06___UMD_Powd.M 9781.JPG,quantity_skew,0.1,0.1,none,42,-1
Squash___Powdery_mildew/0c1830f6-1c2a-4821-abaf-3ad0fd9a2c63___MD_Powd.M 0834.JPG,25,Squash___Powdery_mildew,3,train,partition::00032807,img::D:/university/do-an-tot-nghiep/train-gd-2/PlantVillage-Dataset/raw/color/Squash___Powdery_mildew/0c1830f6-1c2a-4821-abaf-3ad0fd9a2c63___MD_Powd.M 0834.JPG,quantity_skew,0.1,0.1,none,42,-1
Squash___Powdery_mildew/0ff8db59-a1ba-48ce-ad06-ff9525ae21e8___MD_Powd.M 0753.JPG,25,Squash___Powdery_mildew,3,train,partition::00032837,img::D:/university/do-an-tot-nghiep/train-gd-2/PlantVillage-Dataset/raw/color/Squash___Powdery_mildew/0ff8db59-a1ba-48ce-ad06-ff9525ae21e8___MD_Powd.M 0753.JPG,quantity_skew,0.1,0.1,none,42,-1
Squash___Powdery_mildew/17eb601c-7e96-41b8-a7e8-148c96a6e24e___MD_Powd.M 9953.JPG,25,Squash___Powdery_mildew,3,train,partition::00032892,img::D:/university/do-an-tot-nghiep/train-gd-2/PlantVillage-Dataset/raw/color/Squash___Powdery_mildew/17eb601c-7e96-41b8-a7e8-148c96a6e24e___MD_Powd.M 9953.JPG,quantity_skew,0.1,0.1,none,42,-1
Squash___Powdery_mildew/196af359-f86e-4741-8b4e-ef44de2e8ee8___UMD_Powd.M 9630.JPG,25,Squash___Powdery_mildew,3,train,partition::00032903,img::D:/university/do-an-tot-nghiep/train-gd-2/PlantVillage-Dataset/raw/color/Squash___Powdery_mildew/196af359-f86e-4741-8b4e-ef44de2e8ee8___UMD_Powd.M 9630.JPG,quantity_skew,0.1,0.1,none,42,-1
Squash___Powdery_mildew/266ae5d7-84b9-496e-ae4d-a3ab3d7410af___UMD_Powd.M 0466.JPG,25,Squash___Powdery_mildew,3,train,partition::00032986,img::D:/university/do-an-tot-nghiep/train-gd-2/PlantVillage-Dataset/raw/color/Squash___Powdery_mildew/266ae5d7-84b9-496e-ae4d-a3ab3d7410af___UMD_Powd.M 0466.JPG,quantity_skew,0.1,0.1,none,42,-1
Squash___Powdery_mildew/29603b9a-79fc-4cb4-814c-fe9db0fc3973___UMD_Powd.M 0126.JPG,25,Squash___Powdery_mildew,3,train,partition::00033009,img::D:/university/do-an-tot-nghiep/train-gd-2/PlantVillage-Dataset/raw/color/Squash___Powdery_mildew/29603b9a-79fc-4cb4-814c-fe9db0fc3973___UMD_Powd.M 0126.JPG,quantity_skew,0.1,0.1,none,42,-1
Squash___Powdery_mildew/2e011cee-6904-45f1-92a2-7a477e660312___MD_Powd.M 9930.JPG,25,Squash___Powdery_mildew,3,train,partition::00033049,img::D:/university/do-an-tot-nghiep/train-gd-2/PlantVillage-Dataset/raw/color/Squash___Powdery_mildew/2e011cee-6904-45f1-92a2-7a477e660312___MD_Powd.M 9930.JPG,quantity_skew,0.1,0.1,none,42,-1
Squash___Powdery_mildew/2f60539d-6795-4010-a21d-84b19d704bd4___MD_Powd.M 1060.JPG,25,Squash___Powdery_mildew,3,train,partition::00033059,img::D:/university/do-an-tot-nghiep/train-gd-2/PlantVillage-Dataset/raw/color/Squash___Powdery_mildew/2f60539d-6795-4010-a21d-84b19d704bd4___MD_Powd.M 1060.JPG,quantity_skew,0.1,0.1,none,42,-1
Squash___Powdery_mildew/3401fa4c-3ff4-467e-b208-f152f1a9a50b___UMD_Powd.M 0429.JPG,25,Squash___Powdery_mildew,3,train,partition::00033085,img::D:/university/do-an-tot-nghiep/train-gd-2/PlantVillage-Dataset/raw/color/Squash___Powdery_mildew/3401fa4c-3ff4-467e-b208-f152f1a9a50b___UMD_Powd.M 0429.JPG,quantity_skew,0.1,0.1,none,42,-1
Squash___Powdery_mildew/358d6a10-6f39-46c2-ad7c-ec12b1b21b87___UMD_Powd.M 0373.JPG,25,Squash___Powdery_mildew,3,train,partition::00033096,img::D:/university/do-an-tot-nghiep/train-gd-2/PlantVillage-Dataset/raw/color/Squash___Powdery_mildew/358d6a10-6f39-46c2-ad7c-ec12b1b21b87___UMD_Powd.M 0373.JPG,quantity_skew,0.1,0.1,none,42,-1
Squash___Powdery_mildew/36b568da-048f-43b1-82d4-be409305a0b2___MD_Powd.M 0674.JPG,25,Squash___Powdery_mildew,3,train,partition::00033106,img::D:/university/do-an-tot-nghiep/train-gd-2/PlantVillage-Dataset/raw/color/Squash___Powdery_mildew/36b568da-048f-43b1-82d4-be409305a0b2___MD_Powd.M 0674.JPG,quantity_skew,0.1,0.1,none,42,-1
Squash___Powdery_mildew/3a1b0974-c706-47f1-9150-0a3ddfe0c50f___MD_Powd.M 0630.JPG,25,Squash___Powdery_mildew,3,train,partition::00033129,img::D:/university/do-an-tot-nghiep/train-gd-2/PlantVillage-Dataset/raw/color/Squash___Powdery_mildew/3a1b0974-c706-47f1-9150-0a3ddfe0c50f___MD_Powd.M 0630.JPG,quantity_skew,0.1,0.1,none,42,-1
Squash___Powdery_mildew/3e56b133-e377-45e6-a205-7d2f192763f9___MD_Powd.M 0985.JPG,25,Squash___Powdery_mildew,3,train,partition::00033158,img::D:/university/do-an-tot-nghiep/train-gd-2/PlantVillage-Dataset/raw/color/Squash___Powdery_mildew/3e56b133-e377-45e6-a205-7d2f192763f9___MD_Powd.M 0985.JPG,quantity_skew,0.1,0.1,none,42,-1
Squash___Powdery_mildew/40c21c93-d397-4904-9e4a-0aa75d8e51d0___UMD_Powd.M 0377.JPG,25,Squash___Powdery_mildew,3,train,partition::00033180,img::D:/university/do-an-tot-nghiep/train-gd-2/PlantVillage-Dataset/raw/color/Squash___Powdery_mildew/40c21c93-d397-4904-9e4a-0aa75d8e51d0___UMD_Powd.M 0377.JPG,quantity_skew,0.1,0.1,none,42,-1
Squash___Powdery_mildew/41958003-fb52-41f4-a679-9c7a0e731b54___MD_Powd.M 1039.JPG,25,Squash___Powdery_mildew,3,train,partition::00033184,img::D:/university/do-an-tot-nghiep/train-gd-2/PlantVillage-Dataset/raw/color/Squash___Powdery_mildew/41958003-fb52-41f4-a679-9c7a0e731b54___MD_Powd.M 1039.JPG,quantity_skew,0.1,0.1,none,42,-1
Squash___Powdery_mildew/42dce6c4-a9da-442b-8849-79eef36fdae5___MD_Powd.M 9894.JPG,25,Squash___Powdery_mildew,3,train,partition::00033200,img::D:/university/do-an-tot-nghiep/train-gd-2/PlantVillage-Dataset/raw/color/Squash___Powdery_mildew/42dce6c4-a9da-442b-8849-79eef36fdae5___MD_Powd.M 9894.JPG,quantity_skew,0.1,0.1,none,42,-1
Squash___Powdery_mildew/45a5d212-7631-4f8a-97d9-39557c8642e2___UMD_Powd.M 0114.JPG,25,Squash___Powdery_mildew,3,train,partition::00033214,img::D:/university/do-an-tot-nghiep/train-gd-2/PlantVillage-Dataset/raw/color/Squash___Powdery_mildew/45a5d212-7631-4f8a-97d9-39557c8642e2___UMD_Powd.M 0114.JPG,quantity_skew,0.1,0.1,none,42,-1
Squash___Powdery_mildew/65ed1fe2-c507-4590-8767-2a557dd05195___UMD_Powd.M 9778.JPG,25,Squash___Powdery_mildew,3,train,partition::00033449,img::D:/university/do-an-tot-nghiep/train-gd-2/PlantVillage-Dataset/raw/color/Squash___Powdery_mildew/65ed1fe2-c507-4590-8767-2a557dd05195___UMD_Powd.M 9778.JPG,quantity_skew,0.1,0.1,none,42,-1
Squash___Powdery_mildew/72295e2e-8ccf-4b40-a428-ed4213d59b76___MD_Powd.M 0790.JPG,25,Squash___Powdery_mildew,3,train,partition::00033528,img::D:/university/do-an-tot-nghiep/train-gd-2/PlantVillage-Dataset/raw/color/Squash___Powdery_mildew/72295e2e-8ccf-4b40-a428-ed4213d59b76___MD_Powd.M 0790.JPG,quantity_skew,0.1,0.1,none,42,-1
Squash___Powdery_mildew/8ecd57da-0346-42ba-93db-1fd89fe8dfc7___MD_Powd.M 0847.JPG,25,Squash___Powdery_mildew,3,train,partition::00033720,img::D:/university/do-an-tot-nghiep/train-gd-2/PlantVillage-Dataset/raw/color/Squash___Powdery_mildew/8ecd57da-0346-42ba-93db-1fd89fe8dfc7___MD_Powd.M 0847.JPG,quantity_skew,0.1,0.1,none,42,-1
Squash___Powdery_mildew/9378bd4e-c101-48d3-abb3-44670fd72a4e___UMD_Powd.M 0617.JPG,25,Squash___Powdery_mildew,3,train,partition::00033753,img::D:/university/do-an-tot-nghiep/train-gd-2/PlantVillage-Dataset/raw/color/Squash___Powdery_mildew/9378bd4e-c101-48d3-abb3-44670fd72a4e___UMD_Powd.M 0617.JPG,quantity_skew,0.1,0.1,none,42,-1
Squash___Powdery_mildew/95c78510-0d25-44fe-802c-73c78e3bb47c___MD_Powd.M 0314.JPG,25,Squash___Powdery_mildew,3,train,partition::00033768,img::D:/university/do-an-tot-nghiep/train-gd-2/PlantVillage-Dataset/raw/color/Squash___Powdery_mildew/95c78510-0d25-44fe-802c-73c78e3bb47c___MD_Powd.M 0314.JPG,quantity_skew,0.1,0.1,none,42,-1
Squash___Powdery_mildew/95ec737d-e747-49ff-865a-e51241dfbb44___MD_Powd.M 0636.JPG,25,Squash___Powdery_mildew,3,train,partition::00033770,img::D:/university/do-an-tot-nghiep/train-gd-2/PlantVillage-Dataset/raw/color/Squash___Powdery_mildew/95ec737d-e747-49ff-865a-e51241dfbb44___MD_Powd.M 0636.JPG,quantity_skew,0.1,0.1,none,42,-1
Squash___Powdery_mildew/9bdf5c04-b4c7-4b76-b57a-1570662229d5___UMD_Powd.M 0503.JPG,25,Squash___Powdery_mildew,3,train,partition::00033817,img::D:/university/do-an-tot-nghiep/train-gd-2/PlantVillage-Dataset/raw/color/Squash___Powdery_mildew/9bdf5c04-b4c7-4b76-b57a-1570662229d5___UMD_Powd.M 0503.JPG,quantity_skew,0.1,0.1,none,42,-1
Squash___Powdery_mildew/9c5347c1-3875-412b-9f3f-c230757622a6___UMD_Powd.M 0262.JPG,25,Squash___Powdery_mildew,3,train,partition::00033821,img::D:/university/do-an-tot-nghiep/train-gd-2/PlantVillage-Dataset/raw/color/Squash___Powdery_mildew/9c5347c1-3875-412b-9f3f-c230757622a6___UMD_Powd.M 0262.JPG,quantity_skew,0.1,0.1,none,42,-1
Squash___Powdery_mildew/a2cdf39d-2fa9-4b89-82ba-8d620b9533de___UMD_Powd.M 9662.JPG,25,Squash___Powdery_mildew,3,train,partition::00033868,img::D:/university/do-an-tot-nghiep/train-gd-2/PlantVillage-Dataset/raw/color/Squash___Powdery_mildew/a2cdf39d-2fa9-4b89-82ba-8d620b9533de___UMD_Powd.M 9662.JPG,quantity_skew,0.1,0.1,none,42,-1
Squash___Powdery_mildew/b2f5e351-4295-4761-afa7-13bbc1508fcf___UMD_Powd.M 0560.JPG,25,Squash___Powdery_mildew,3,train,partition::00033996,img::D:/university/do-an-tot-nghiep/train-gd-2/PlantVillage-Dataset/raw/color/Squash___Powdery_mildew/b2f5e351-4295-4761-afa7-13bbc1508fcf___UMD_Powd.M 0560.JPG,quantity_skew,0.1,0.1,none,42,-1
Squash___Powdery_mildew/b6e2ab1f-28c8-4953-8977-7c6b314b7d84___MD_Powd.M 0606.JPG,25,Squash___Powdery_mildew,3,train,partition::00034030,img::D:/university/do-an-tot-nghiep/train-gd-2/PlantVillage-Dataset/raw/color/Squash___Powdery_mildew/b6e2ab1f-28c8-4953-8977-7c6b314b7d84___MD_Powd.M 0606.JPG,quantity_skew,0.1,0.1,none,42,-1
Squash___Powdery_mildew/b7a4a343-0113-4824-bf19-69c8afa68aeb___MD_Powd.M 0913.JPG,25,Squash___Powdery_mildew,3,train,partition::00034036,img::D:/university/do-an-tot-nghiep/train-gd-2/PlantVillage-Dataset/raw/color/Squash___Powdery_mildew/b7a4a343-0113-4824-bf19-69c8afa68aeb___MD_Powd.M 0913.JPG,quantity_skew,0.1,0.1,none,42,-1
Squash___Powdery_mildew/caa217cb-3170-4847-b096-a599c836538a___UMD_Powd.M 0477.JPG,25,Squash___Powdery_mildew,3,train,partition::00034168,img::D:/university/do-an-tot-nghiep/train-gd-2/PlantVillage-Dataset/raw/color/Squash___Powdery_mildew/caa217cb-3170-4847-b096-a599c836538a___UMD_Powd.M 0477.JPG,quantity_skew,0.1,0.1,none,42,-1
Squash___Powdery_mildew/cbe2391c-4124-48ad-8796-2aa88c8c2f32___UMD_Powd.M 0050.JPG,25,Squash___Powdery_mildew,3,train,partition::00034179,img::D:/university/do-an-tot-nghiep/train-gd-2/PlantVillage-Dataset/raw/color/Squash___Powdery_mildew/cbe2391c-4124-48ad-8796-2aa88c8c2f32___UMD_Powd.M 0050.JPG,quantity_skew,0.1,0.1,none,42,-1
Squash___Powdery_mildew/d6356257-2f09-4ae5-bb5b-85c709aa8edc___UMD_Powd.M 0002.JPG,25,Squash___Powdery_mildew,3,train,partition::00034258,img::D:/university/do-an-tot-nghiep/train-gd-2/PlantVillage-Dataset/raw/color/Squash___Powdery_mildew/d6356257-2f09-4ae5-bb5b-85c709aa8edc___UMD_Powd.M 0002.JPG,quantity_skew,0.1,0.1,none,42,-1
Squash___Powdery_mildew/d63cd74c-ad6b-4106-a64d-e57aa22e2afa___UMD_Powd.M 0169.JPG,25,Squash___Powdery_mildew,3,train,partition::00034260,img::D:/university/do-an-tot-nghiep/train-gd-2/PlantVillage-Dataset/raw/color/Squash___Powdery_mildew/d63cd74c-ad6b-4106-a64d-e57aa22e2afa___UMD_Powd.M 0169.JPG,quantity_skew,0.1,0.1,none,42,-1
Squash___Powdery_mildew/d9e87363-6139-48d7-8f84-c1d27e5aa586___MD_Powd.M 0371.JPG,25,Squash___Powdery_mildew,3,train,partition::00034284,img::D:/university/do-an-tot-nghiep/train-gd-2/PlantVillage-Dataset/raw/color/Squash___Powdery_mildew/d9e87363-6139-48d7-8f84-c1d27e5aa586___MD_Powd.M 0371.JPG,quantity_skew,0.1,0.1,none,42,-1
Squash___Powdery_mildew/da108f7f-40d2-4881-b3bd-4509bab41cd2___MD_Powd.M 0826.JPG,25,Squash___Powdery_mildew,3,train,partition::00034287,img::D:/university/do-an-tot-nghiep/train-gd-2/PlantVillage-Dataset/raw/color/Squash___Powdery_mildew/da108f7f-40d2-4881-b3bd-4509bab41cd2___MD_Powd.M 0826.JPG,quantity_skew,0.1,0.1,none,42,-1
Squash___Powdery_mildew/dbf6be81-d691-4c49-b32a-380abf316ca9___MD_Powd.M 1045.JPG,25,Squash___Powdery_mildew,3,train,partition::00034304,img::D:/university/do-an-tot-nghiep/train-gd-2/PlantVillage-Dataset/raw/color/Squash___Powdery_mildew/dbf6be81-d691-4c49-b32a-380abf316ca9___MD_Powd.M 1045.JPG,quantity_skew,0.1,0.1,none,42,-1
Squash___Powdery_mildew/e7df12e2-46b6-4fe4-a6e5-2926205cc3ef___MD_Powd.M 0156.JPG,25,Squash___Powdery_mildew,3,train,partition::00034399,img::D:/university/do-an-tot-nghiep/train-gd-2/PlantVillage-Dataset/raw/color/Squash___Powdery_mildew/e7df12e2-46b6-4fe4-a6e5-2926205cc3ef___MD_Powd.M 0156.JPG,quantity_skew,0.1,0.1,none,42,-1
Squash___Powdery_mildew/e80ba062-f34a-4df0-a657-a2666bb9ca0e___MD_Powd.M 1055.JPG,25,Squash___Powdery_mildew,3,train,partition::00034400,img::D:/university/do-an-tot-nghiep/train-gd-2/PlantVillage-Dataset/raw/color/Squash___Powdery_mildew/e80ba062-f34a-4df0-a657-a2666bb9ca0e___MD_Powd.M 1055.JPG,quantity_skew,0.1,0.1,none,42,-1
Squash___Powdery_mildew/e8939e2b-7224-4543-8505-7e6170220b3d___UMD_Powd.M 0243.JPG,25,Squash___Powdery_mildew,3,train,partition::00034404,img::D:/university/do-an-tot-nghiep/train-gd-2/PlantVillage-Dataset/raw/color/Squash___Powdery_mildew/e8939e2b-7224-4543-8505-7e6170220b3d___UMD_Powd.M 0243.JPG,quantity_skew,0.1,0.1,none,42,-1
Squash___Powdery_mildew/ea6d0bef-0e20-41cf-b264-14d738866925___UMD_Powd.M 0615.JPG,25,Squash___Powdery_mildew,3,train,partition::00034419,img::D:/university/do-an-tot-nghiep/train-gd-2/PlantVillage-Dataset/raw/color/Squash___Powdery_mildew/ea6d0bef-0e20-41cf-b264-14d738866925___UMD_Powd.M 0615.JPG,quantity_skew,0.1,0.1,none,42,-1
Squash___Powdery_mildew/f42cd44d-c2cb-4878-a2e6-b5d3e08fc767___MD_Powd.M 0997.JPG,25,Squash___Powdery_mildew,3,train,partition::00034494,img::D:/university/do-an-tot-nghiep/train-gd-2/PlantVillage-Dataset/raw/color/Squash___Powdery_mildew/f42cd44d-c2cb-4878-a2e6-b5d3e08fc767___MD_Powd.M 0997.JPG,quantity_skew,0.1,0.1,none,42,-1
Squash___Powdery_mildew/f50b610f-12d4-41a4-9b00-a2aaf02da57a___UMD_Powd.M 0369.JPG,25,Squash___Powdery_mildew,3,train,partition::00034506,img::D:/university/do-an-tot-nghiep/train-gd-2/PlantVillage-Dataset/raw/color/Squash___Powdery_mildew/f50b610f-12d4-41a4-9b00-a2aaf02da57a___UMD_Powd.M 0369.JPG,quantity_skew,0.1,0.1,none,42,-1
Strawberry___Leaf_scorch/064044ca-4bb3-485f-80a5-9cea1b26d453___RS_L.Scorch 1075.JPG,26,Strawberry___Leaf_scorch,3,train,partition::00035507,Strawberry___Leaf_scorch:::24,quantity_skew,0.1,0.1,none,42,-1
Strawberry___Leaf_scorch/1ad2c944-a4cf-4c97-a31f-6265c0a927e1___RS_L.Scorch 9937.JPG,26,Strawberry___Leaf_scorch,3,train,partition::00034682,img::D:/university/do-an-tot-nghiep/train-gd-2/PlantVillage-Dataset/raw/color/Strawberry___Leaf_scorch/1ad2c944-a4cf-4c97-a31f-6265c0a927e1___RS_L.Scorch 9937.JPG,quantity_skew,0.1,0.1,none,42,-1
Strawberry___Leaf_scorch/227e5f93-0b72-4796-89f0-f1ce06c152b8___RS_L.Scorch 0093.JPG,26,Strawberry___Leaf_scorch,3,train,partition::00034721,img::D:/university/do-an-tot-nghiep/train-gd-2/PlantVillage-Dataset/raw/color/Strawberry___Leaf_scorch/227e5f93-0b72-4796-89f0-f1ce06c152b8___RS_L.Scorch 0093.JPG,quantity_skew,0.1,0.1,none,42,-1
Strawberry___Leaf_scorch/296adf3c-b653-413d-b092-7c68e064a758___RS_L.Scorch 0148.JPG,26,Strawberry___Leaf_scorch,3,train,partition::00034754,img::D:/university/do-an-tot-nghiep/train-gd-2/PlantVillage-Dataset/raw/color/Strawberry___Leaf_scorch/296adf3c-b653-413d-b092-7c68e064a758___RS_L.Scorch 0148.JPG,quantity_skew,0.1,0.1,none,42,-1
Strawberry___Leaf_scorch/3e6e20d6-0cd0-45cb-9083-3d0c7b76322c___RS_L.Scorch 1072.JPG,26,Strawberry___Leaf_scorch,3,train,partition::00035507,Strawberry___Leaf_scorch:::24,quantity_skew,0.1,0.1,none,42,-1
Strawberry___Leaf_scorch/4f7ef1ad-0f24-41a9-9d62-6bf1c406c980___RS_L.Scorch 1070.JPG,26,Strawberry___Leaf_scorch,3,train,partition::00035507,Strawberry___Leaf_scorch:::24,quantity_skew,0.1,0.1,none,42,-1
Strawberry___Leaf_scorch/5ddbd472-b511-408e-b1cc-8ea77ce93c8c___RS_L.Scorch 1077.JPG,26,Strawberry___Leaf_scorch,3,train,partition::00035507,Strawberry___Leaf_scorch:::24,quantity_skew,0.1,0.1,none,42,-1
Strawberry___Leaf_scorch/6007f5b7-bd62-429b-a1cb-dea633ad3590___RS_L.Scorch 9984.JPG,26,Strawberry___Leaf_scorch,3,train,partition::00034990,img::D:/university/do-an-tot-nghiep/train-gd-2/PlantVillage-Dataset/raw/color/Strawberry___Leaf_scorch/6007f5b7-bd62-429b-a1cb-dea633ad3590___RS_L.Scorch 9984.JPG,quantity_skew,0.1,0.1,none,42,-1
Strawberry___Leaf_scorch/70e522da-fc11-4fd0-b82d-c177b593b299___RS_L.Scorch 0144.JPG,26,Strawberry___Leaf_scorch,3,train,partition::00035054,img::D:/university/do-an-tot-nghiep/train-gd-2/PlantVillage-Dataset/raw/color/Strawberry___Leaf_scorch/70e522da-fc11-4fd0-b82d-c177b593b299___RS_L.Scorch 0144.JPG,quantity_skew,0.1,0.1,none,42,-1
Strawberry___Leaf_scorch/71f8c314-ef34-4521-b575-e06f8455f449___RS_L.Scorch 9965.JPG,26,Strawberry___Leaf_scorch,3,train,partition::00035058,img::D:/university/do-an-tot-nghiep/train-gd-2/PlantVillage-Dataset/raw/color/Strawberry___Leaf_scorch/71f8c314-ef34-4521-b575-e06f8455f449___RS_L.Scorch 9965.JPG,quantity_skew,0.1,0.1,none,42,-1
Strawberry___Leaf_scorch/87483aae-1c8c-47fc-af2d-512336395b2f___RS_L.Scorch 9967.JPG,26,Strawberry___Leaf_scorch,3,train,partition::00035165,img::D:/university/do-an-tot-nghiep/train-gd-2/PlantVillage-Dataset/raw/color/Strawberry___Leaf_scorch/87483aae-1c8c-47fc-af2d-512336395b2f___RS_L.Scorch 9967.JPG,quantity_skew,0.1,0.1,none,42,-1
Strawberry___Leaf_scorch/90cf0ce4-93e5-424a-b769-dd04c1cf920f___RS_L.Scorch 0789.JPG,26,Strawberry___Leaf_scorch,3,train,partition::00035208,img::D:/university/do-an-tot-nghiep/train-gd-2/PlantVillage-Dataset/raw/color/Strawberry___Leaf_scorch/90cf0ce4-93e5-424a-b769-dd04c1cf920f___RS_L.Scorch 0789.JPG,quantity_skew,0.1,0.1,none,42,-1
Strawberry___Leaf_scorch/91f549dd-815c-436d-840e-30ef630b0ce3___RS_L.Scorch 1073.JPG,26,Strawberry___Leaf_scorch,3,train,partition::00035507,Strawberry___Leaf_scorch:::24,quantity_skew,0.1,0.1,none,42,-1
Strawberry___Leaf_scorch/96329fda-8989-4c84-8fda-98d335861bf7___RS_L.Scorch 0834.JPG,26,Strawberry___Leaf_scorch,3,train,partition::00035238,img::D:/university/do-an-tot-nghiep/train-gd-2/PlantVillage-Dataset/raw/color/Strawberry___Leaf_scorch/96329fda-8989-4c84-8fda-98d335861bf7___RS_L.Scorch 0834.JPG,quantity_skew,0.1,0.1,none,42,-1
Strawberry___Leaf_scorch/968c98c8-d748-4b1c-ab29-fc68f250da46___RS_L.Scorch 0024.JPG,26,Strawberry___Leaf_scorch,3,train,partition::00035241,img::D:/university/do-an-tot-nghiep/train-gd-2/PlantVillage-Dataset/raw/color/Strawberry___Leaf_scorch/968c98c8-d748-4b1c-ab29-fc68f250da46___RS_L.Scorch 0024.JPG,quantity_skew,0.1,0.1,none,42,-1
Strawberry___Leaf_scorch/9a29c345-efa4-4583-b3ba-2e1eadab4fb7___RS_L.Scorch 1076.JPG,26,Strawberry___Leaf_scorch,3,train,partition::00035507,Strawberry___Leaf_scorch:::24,quantity_skew,0.1,0.1,none,42,-1
Strawberry___Leaf_scorch/9c9af338-d0e6-4fe2-b403-c9706a6aff9b___RS_L.Scorch 0122.JPG,26,Strawberry___Leaf_scorch,3,train,partition::00035268,img::D:/university/do-an-tot-nghiep/train-gd-2/PlantVillage-Dataset/raw/color/Strawberry___Leaf_scorch/9c9af338-d0e6-4fe2-b403-c9706a6aff9b___RS_L.Scorch 0122.JPG,quantity_skew,0.1,0.1,none,42,-1
Strawberry___Leaf_scorch/ad48a0f5-3036-4d59-9d9b-27a5ea752131___RS_L.Scorch 9964.JPG,26,Strawberry___Leaf_scorch,3,train,partition::00035329,img::D:/university/do-an-tot-nghiep/train-gd-2/PlantVillage-Dataset/raw/color/Strawberry___Leaf_scorch/ad48a0f5-3036-4d59-9d9b-27a5ea752131___RS_L.Scorch 9964.JPG,quantity_skew,0.1,0.1,none,42,-1
Strawberry___Leaf_scorch/ae9c5e60-3ab8-4ea6-9688-9a07e74bc65e___RS_L.Scorch 1071.JPG,26,Strawberry___Leaf_scorch,3,train,partition::00035507,Strawberry___Leaf_scorch:::24,quantity_skew,0.1,0.1,none,42,-1
Strawberry___Leaf_scorch/b8b275fb-271c-4694-99d3-3558bb02c160___RS_L.Scorch 1078.JPG,26,Strawberry___Leaf_scorch,3,train,partition::00035507,Strawberry___Leaf_scorch:::24,quantity_skew,0.1,0.1,none,42,-1
Strawberry___Leaf_scorch/bdcb7650-7671-43e7-870d-d039fe4ec68f___RS_L.Scorch 0166.JPG,26,Strawberry___Leaf_scorch,3,train,partition::00035409,img::D:/university/do-an-tot-nghiep/train-gd-2/PlantVillage-Dataset/raw/color/Strawberry___Leaf_scorch/bdcb7650-7671-43e7-870d-d039fe4ec68f___RS_L.Scorch 0166.JPG,quantity_skew,0.1,0.1,none,42,-1
Strawberry___Leaf_scorch/c47ccf21-5249-4a95-8d33-0d640e3529f7___RS_L.Scorch 0158.JPG,26,Strawberry___Leaf_scorch,3,train,partition::00035440,img::D:/university/do-an-tot-nghiep/train-gd-2/PlantVillage-Dataset/raw/color/Strawberry___Leaf_scorch/c47ccf21-5249-4a95-8d33-0d640e3529f7___RS_L.Scorch 0158.JPG,quantity_skew,0.1,0.1,none,42,-1
Strawberry___Leaf_scorch/ca33c3f3-52d8-4401-8a6a-962a9b13f11d___RS_L.Scorch 9912.JPG,26,Strawberry___Leaf_scorch,3,train,partition::00035469,img::D:/university/do-an-tot-nghiep/train-gd-2/PlantVillage-Dataset/raw/color/Strawberry___Leaf_scorch/ca33c3f3-52d8-4401-8a6a-962a9b13f11d___RS_L.Scorch 9912.JPG,quantity_skew,0.1,0.1,none,42,-1
Strawberry___Leaf_scorch/d5a6d4da-85ae-4098-aaf5-aa4d3fe5249a___RS_L.Scorch 1074.JPG,26,Strawberry___Leaf_scorch,3,train,partition::00035507,Strawberry___Leaf_scorch:::24,quantity_skew,0.1,0.1,none,42,-1
Strawberry___Leaf_scorch/e51a5883-8774-419f-b155-c8c42dc4a93c___RS_L.Scorch 0825.JPG,26,Strawberry___Leaf_scorch,3,train,partition::00035575,img::D:/university/do-an-tot-nghiep/train-gd-2/PlantVillage-Dataset/raw/color/Strawberry___Leaf_scorch/e51a5883-8774-419f-b155-c8c42dc4a93c___RS_L.Scorch 0825.JPG,quantity_skew,0.1,0.1,none,42,-1
Strawberry___Leaf_scorch/f107935e-2a68-4365-a8b4-a9b9bf9724b1___RS_L.Scorch 0114.JPG,26,Strawberry___Leaf_scorch,3,train,partition::00035630,img::D:/university/do-an-tot-nghiep/train-gd-2/PlantVillage-Dataset/raw/color/Strawberry___Leaf_scorch/f107935e-2a68-4365-a8b4-a9b9bf9724b1___RS_L.Scorch 0114.JPG,quantity_skew,0.1,0.1,none,42,-1
Strawberry___healthy/2f8b9436-12dd-40d2-9301-3a14eff854dc___RS_HL 1733.JPG,27,Strawberry___healthy,3,train,partition::00036058,Strawberry___healthy:::13,quantity_skew,0.1,0.1,none,42,-1
Strawberry___healthy/58265359-4fa0-458c-9c5f-5774d94b3088___RS_HL 1737.JPG,27,Strawberry___healthy,3,train,partition::00036058,Strawberry___healthy:::13,quantity_skew,0.1,0.1,none,42,-1
Strawberry___healthy/640bb1de-c435-49a6-9784-30c1e0770a26___RS_HL 1685.JPG,27,Strawberry___healthy,3,train,partition::00036034,Strawberry___healthy:::7,quantity_skew,0.1,0.1,none,42,-1
Strawberry___healthy/73df294b-0578-4a9f-a874-05169a2a9b66___RS_HL 4560.JPG,27,Strawberry___healthy,3,train,partition::00036119,Strawberry___healthy:::85,quantity_skew,0.1,0.1,none,42,-1
Strawberry___healthy/b286b552-0eb4-437b-8837-ffc5b9e153be___RS_HL 4557.JPG,27,Strawberry___healthy,3,train,partition::00036119,Strawberry___healthy:::85,quantity_skew,0.1,0.1,none,42,-1
Strawberry___healthy/c00b240e-63b9-4b16-b7ba-958f0be960e4___RS_HL 1684.JPG,27,Strawberry___healthy,3,train,partition::00036034,Strawberry___healthy:::7,quantity_skew,0.1,0.1,none,42,-1
Strawberry___healthy/c9c97696-27f4-4f57-939f-b537ece8e668___RS_HL 4562.JPG,27,Strawberry___healthy,3,train,partition::00036119,Strawberry___healthy:::85,quantity_skew,0.1,0.1,none,42,-1
Strawberry___healthy/d07e9834-ac76-4390-9463-cbef9d0269da___RS_HL 1736.JPG,27,Strawberry___healthy,3,train,partition::00036058,Strawberry___healthy:::13,quantity_skew,0.1,0.1,none,42,-1
Strawberry___healthy/d3da328c-a91f-4fcc-93fb-2c58baacdeeb___RS_HL 1741.JPG,27,Strawberry___healthy,3,train,partition::00036058,Strawberry___healthy:::13,quantity_skew,0.1,0.1,none,42,-1
Strawberry___healthy/f3b01730-9365-4b94-a477-9b95d959ccd8___RS_HL 4555.JPG,27,Strawberry___healthy,3,train,partition::00036119,Strawberry___healthy:::85,quantity_skew,0.1,0.1,none,42,-1
Tomato___Bacterial_spot/0a6d40e4-75d6-4659-8bc1-22f47cdb2ca8___GCREC_Bact.Sp 6247.JPG,28,Tomato___Bacterial_spot,3,train,partition::00037769,Tomato___Bacterial_spot:::403,quantity_skew,0.1,0.1,none,42,-1
Tomato___Bacterial_spot/0ed4877b-be80-4b85-8754-ac13d794ca2f___GCREC_Bact.Sp 6198.JPG,28,Tomato___Bacterial_spot,3,train,partition::00037495,Tomato___Bacterial_spot:::391,quantity_skew,0.1,0.1,none,42,-1
Tomato___Bacterial_spot/113b3262-b784-450e-8fe7-6f35652f073d___GCREC_Bact.Sp 3153.JPG,28,Tomato___Bacterial_spot,3,train,partition::00038191,Tomato___Bacterial_spot:::52,quantity_skew,0.1,0.1,none,42,-1
Tomato___Bacterial_spot/25202a28-6a47-4ae0-aa2c-9907eb1be14d___GCREC_Bact.Sp 3681.JPG,28,Tomato___Bacterial_spot,3,train,partition::00038074,Tomato___Bacterial_spot:::184,quantity_skew,0.1,0.1,none,42,-1
Tomato___Bacterial_spot/291aa719-2698-4449-9e9c-095cfc04da6f___GCREC_Bact.Sp 6196.JPG,28,Tomato___Bacterial_spot,3,train,partition::00037495,Tomato___Bacterial_spot:::391,quantity_skew,0.1,0.1,none,42,-1
Tomato___Bacterial_spot/42aa518f-8005-40bc-9728-a990743c2d5e___GCREC_Bact.Sp 3151.JPG,28,Tomato___Bacterial_spot,3,train,partition::00038191,Tomato___Bacterial_spot:::52,quantity_skew,0.1,0.1,none,42,-1
Tomato___Bacterial_spot/4a9819e9-6651-480a-a524-74d149449538___GCREC_Bact.Sp 3748.JPG,28,Tomato___Bacterial_spot,3,train,partition::00037723,Tomato___Bacterial_spot:::200,quantity_skew,0.1,0.1,none,42,-1
Tomato___Bacterial_spot/4adf8989-4cc7-4145-a1be-834e2e3ca9a8___GCREC_Bact.Sp 5671.JPG,28,Tomato___Bacterial_spot,3,train,partition::00038190,Tomato___Bacterial_spot:::261,quantity_skew,0.1,0.1,none,42,-1
Tomato___Bacterial_spot/519d4cf8-cce5-47a8-b33e-39365fb0799f___GCREC_Bact.Sp 3844.JPG,28,Tomato___Bacterial_spot,3,train,partition::00038219,Tomato___Bacterial_spot:::224,quantity_skew,0.1,0.1,none,42,-1
Tomato___Bacterial_spot/599ab934-d68b-44ad-a922-872765d6f82f___GCREC_Bact.Sp 3152.JPG,28,Tomato___Bacterial_spot,3,train,partition::00038191,Tomato___Bacterial_spot:::52,quantity_skew,0.1,0.1,none,42,-1
Tomato___Bacterial_spot/5bc8227b-796d-40cb-8f9e-dc5b5a0fc055___GCREC_Bact.Sp 5664.JPG,28,Tomato___Bacterial_spot,3,train,partition::00038136,Tomato___Bacterial_spot:::259,quantity_skew,0.1,0.1,none,42,-1
Tomato___Bacterial_spot/6094d3ab-4af9-4b2e-b286-ab9a46a74097___GCREC_Bact.Sp 5961.JPG,28,Tomato___Bacterial_spot,3,train,partition::00038155,Tomato___Bacterial_spot:::332,quantity_skew,0.1,0.1,none,42,-1
Tomato___Bacterial_spot/641aa012-41e5-4e85-bac4-1d81bd67be58___GCREC_Bact.Sp 5665.JPG,28,Tomato___Bacterial_spot,3,train,partition::00038136,Tomato___Bacterial_spot:::259,quantity_skew,0.1,0.1,none,42,-1
Tomato___Bacterial_spot/67b25260-c72a-4ccc-a99b-1e65efbd861c___GCREC_Bact.Sp 6248.JPG,28,Tomato___Bacterial_spot,3,train,partition::00037769,Tomato___Bacterial_spot:::403,quantity_skew,0.1,0.1,none,42,-1
Tomato___Bacterial_spot/698d4680-5dca-497c-a8c9-9978d8e0052a___GCREC_Bact.Sp 6246.JPG,28,Tomato___Bacterial_spot,3,train,partition::00037769,Tomato___Bacterial_spot:::403,quantity_skew,0.1,0.1,none,42,-1
Tomato___Bacterial_spot/6a4a7ca5-06c2-44b6-b08c-073d94a01db4___GCREC_Bact.Sp 5960.JPG,28,Tomato___Bacterial_spot,3,train,partition::00038155,Tomato___Bacterial_spot:::332,quantity_skew,0.1,0.1,none,42,-1
Tomato___Bacterial_spot/833f13d8-0efb-4138-9d76-953ba4a88553___GCREC_Bact.Sp 5962.JPG,28,Tomato___Bacterial_spot,3,train,partition::00038155,Tomato___Bacterial_spot:::332,quantity_skew,0.1,0.1,none,42,-1
Tomato___Bacterial_spot/86e15a0a-ec2c-4fdc-8ffd-f11ddd200309___GCREC_Bact.Sp 3524.JPG,28,Tomato___Bacterial_spot,3,train,partition::00037950,Tomato___Bacterial_spot:::145,quantity_skew,0.1,0.1,none,42,-1
Tomato___Bacterial_spot/8c3a26fe-2c28-4f55-9a5b-3d8b2be54502___GCREC_Bact.Sp 3682.JPG,28,Tomato___Bacterial_spot,3,train,partition::00038074,Tomato___Bacterial_spot:::184,quantity_skew,0.1,0.1,none,42,-1
Tomato___Bacterial_spot/8dee1c17-ae17-4392-92c5-acee82c83c86___GCREC_Bact.Sp 3747.JPG,28,Tomato___Bacterial_spot,3,train,partition::00037723,Tomato___Bacterial_spot:::200,quantity_skew,0.1,0.1,none,42,-1
Tomato___Bacterial_spot/8f566d4c-a8b6-4ae0-a599-446cbbebecd4___GCREC_Bact.Sp 3405.JPG,28,Tomato___Bacterial_spot,3,train,partition::00037774,Tomato___Bacterial_spot:::115,quantity_skew,0.1,0.1,none,42,-1
Tomato___Bacterial_spot/970f1e35-eca5-4011-9d93-be6566f27389___GCREC_Bact.Sp 3525.JPG,28,Tomato___Bacterial_spot,3,train,partition::00037950,Tomato___Bacterial_spot:::145,quantity_skew,0.1,0.1,none,42,-1
Tomato___Bacterial_spot/984f7f9e-23ff-4a33-979a-5580b3fc5146___GCREC_Bact.Sp 3846.JPG,28,Tomato___Bacterial_spot,3,train,partition::00038219,Tomato___Bacterial_spot:::224,quantity_skew,0.1,0.1,none,42,-1
Tomato___Bacterial_spot/9c25e7f8-d28f-4884-b1e4-293584fca4cb___GCREC_Bact.Sp 6199.JPG,28,Tomato___Bacterial_spot,3,train,partition::00037495,Tomato___Bacterial_spot:::391,quantity_skew,0.1,0.1,none,42,-1
Tomato___Bacterial_spot/a0b883b2-3c90-41f0-a3fa-b47eac1f5812___UF.GRC_BS_Lab Leaf 9013.JPG,28,Tomato___Bacterial_spot,3,train,partition::00037910,Tomato___Bacterial_spot:::516,quantity_skew,0.1,0.1,none,42,-1
Tomato___Bacterial_spot/a1d8e2a7-c4c9-42d2-8a0d-bcf04053412f___GCREC_Bact.Sp 5672.JPG,28,Tomato___Bacterial_spot,3,train,partition::00038190,Tomato___Bacterial_spot:::261,quantity_skew,0.1,0.1,none,42,-1
Tomato___Bacterial_spot/a3085acc-b437-4987-997b-a2be5b5e9c0d___GCREC_Bact.Sp 3680.JPG,28,Tomato___Bacterial_spot,3,train,partition::00038074,Tomato___Bacterial_spot:::184,quantity_skew,0.1,0.1,none,42,-1
Tomato___Bacterial_spot/a4eb83fb-cf1e-4f5d-9966-da27478c697c___GCREC_Bact.Sp 6197.JPG,28,Tomato___Bacterial_spot,3,train,partition::00037495,Tomato___Bacterial_spot:::391,quantity_skew,0.1,0.1,none,42,-1
Tomato___Bacterial_spot/a91426e9-ff5c-4b53-8d08-b3a0e0fcb6e8___UF.GRC_BS_Lab Leaf 9004.JPG,28,Tomato___Bacterial_spot,3,train,partition::00037910,Tomato___Bacterial_spot:::516,quantity_skew,0.1,0.1,none,42,-1
Tomato___Bacterial_spot/b3c9f756-9328-46de-989b-a75859b40027___GCREC_Bact.Sp 3403.JPG,28,Tomato___Bacterial_spot,3,train,partition::00037774,Tomato___Bacterial_spot:::115,quantity_skew,0.1,0.1,none,42,-1
Tomato___Bacterial_spot/b5c376b6-3c0a-46d7-a053-2b3a57168897___UF.GRC_BS_Lab Leaf 9003.JPG,28,Tomato___Bacterial_spot,3,train,partition::00037910,Tomato___Bacterial_spot:::516,quantity_skew,0.1,0.1,none,42,-1
Tomato___Bacterial_spot/b8223dd9-c0f5-4e25-8057-1b0bbce7517f___GCREC_Bact.Sp 3402.JPG,28,Tomato___Bacterial_spot,3,train,partition::00037774,Tomato___Bacterial_spot:::115,quantity_skew,0.1,0.1,none,42,-1
Tomato___Bacterial_spot/beed8d22-757d-44fb-b53f-2aa274ef676b___GCREC_Bact.Sp 3749.JPG,28,Tomato___Bacterial_spot,3,train,partition::00037723,Tomato___Bacterial_spot:::200,quantity_skew,0.1,0.1,none,42,-1
Tomato___Bacterial_spot/c1cede9c-e0fe-429e-a62a-31f075b1fe28___GCREC_Bact.Sp 3746.JPG,28,Tomato___Bacterial_spot,3,train,partition::00037723,Tomato___Bacterial_spot:::200,quantity_skew,0.1,0.1,none,42,-1
Tomato___Bacterial_spot/c515ab18-07a3-4bdd-a5b6-140d65a185c4___GCREC_Bact.Sp 5674.JPG,28,Tomato___Bacterial_spot,3,train,partition::00038190,Tomato___Bacterial_spot:::261,quantity_skew,0.1,0.1,none,42,-1
Tomato___Bacterial_spot/c7b8365c-bb15-4afb-84e2-6b85f0f9cef5___GCREC_Bact.Sp 6245.JPG,28,Tomato___Bacterial_spot,3,train,partition::00037769,Tomato___Bacterial_spot:::403,quantity_skew,0.1,0.1,none,42,-1
Tomato___Bacterial_spot/c8393f84-d1e1-4165-ae4e-eaa196db9523___GCREC_Bact.Sp 3404.JPG,28,Tomato___Bacterial_spot,3,train,partition::00037774,Tomato___Bacterial_spot:::115,quantity_skew,0.1,0.1,none,42,-1
Tomato___Bacterial_spot/c9251133-b2c8-4227-9c29-f14857e83be1___GCREC_Bact.Sp 5692.JPG,28,Tomato___Bacterial_spot,3,train,partition::00038202,Tomato___Bacterial_spot:::266,quantity_skew,0.1,0.1,none,42,-1
Tomato___Bacterial_spot/d489099b-31cf-484f-a0d6-46f24e6875ab___GCREC_Bact.Sp 3523.JPG,28,Tomato___Bacterial_spot,3,train,partition::00037950,Tomato___Bacterial_spot:::145,quantity_skew,0.1,0.1,none,42,-1
Tomato___Bacterial_spot/d4f3d9f0-b02e-4632-bf9d-6aefdcd4bae3___GCREC_Bact.Sp 3843.JPG,28,Tomato___Bacterial_spot,3,train,partition::00038219,Tomato___Bacterial_spot:::224,quantity_skew,0.1,0.1,none,42,-1
Tomato___Bacterial_spot/d8b6f17a-5189-47ae-904f-be4a09dce0ad___UF.GRC_BS_Lab Leaf 9009.JPG,28,Tomato___Bacterial_spot,3,train,partition::00037910,Tomato___Bacterial_spot:::516,quantity_skew,0.1,0.1,none,42,-1
Tomato___Bacterial_spot/dcc6402f-a868-4766-9e4b-8578b0705f82___GCREC_Bact.Sp 3526.JPG,28,Tomato___Bacterial_spot,3,train,partition::00037950,Tomato___Bacterial_spot:::145,quantity_skew,0.1,0.1,none,42,-1
Tomato___Bacterial_spot/e6d642b7-1313-4b97-b58b-eab8a92cae64___GCREC_Bact.Sp 5694.JPG,28,Tomato___Bacterial_spot,3,train,partition::00038202,Tomato___Bacterial_spot:::266,quantity_skew,0.1,0.1,none,42,-1
Tomato___Bacterial_spot/eaf64b81-ac2a-4c85-8c15-da1986a12b7a___GCREC_Bact.Sp 3683.JPG,28,Tomato___Bacterial_spot,3,train,partition::00038074,Tomato___Bacterial_spot:::184,quantity_skew,0.1,0.1,none,42,-1
Tomato___Bacterial_spot/eed063ad-2337-413d-95be-3598f7a15942___GCREC_Bact.Sp 5663.JPG,28,Tomato___Bacterial_spot,3,train,partition::00038136,Tomato___Bacterial_spot:::259,quantity_skew,0.1,0.1,none,42,-1
Tomato___Bacterial_spot/f14c5648-4fde-4e6c-8937-6fb2e33aa95f___GCREC_Bact.Sp 5666.JPG,28,Tomato___Bacterial_spot,3,train,partition::00038136,Tomato___Bacterial_spot:::259,quantity_skew,0.1,0.1,none,42,-1
Tomato___Bacterial_spot/f2ea99a2-3e21-45ff-adf0-b7cfdd955d68___GCREC_Bact.Sp 5959.JPG,28,Tomato___Bacterial_spot,3,train,partition::00038155,Tomato___Bacterial_spot:::332,quantity_skew,0.1,0.1,none,42,-1
Tomato___Bacterial_spot/f58a3d12-29e7-4f43-a189-fa80df8f8e72___GCREC_Bact.Sp 5691.JPG,28,Tomato___Bacterial_spot,3,train,partition::00038202,Tomato___Bacterial_spot:::266,quantity_skew,0.1,0.1,none,42,-1
Tomato___Bacterial_spot/f666c0a8-9564-43af-aa93-14192a43816c___GCREC_Bact.Sp 5673.JPG,28,Tomato___Bacterial_spot,3,train,partition::00038190,Tomato___Bacterial_spot:::261,quantity_skew,0.1,0.1,none,42,-1
Tomato___Bacterial_spot/f675726b-1569-4147-9af2-23ac17a555ec___GCREC_Bact.Sp 3150.JPG,28,Tomato___Bacterial_spot,3,train,partition::00038191,Tomato___Bacterial_spot:::52,quantity_skew,0.1,0.1,none,42,-1
Tomato___Bacterial_spot/f834fa07-fd63-4ff6-8a17-e13c02ac4878___GCREC_Bact.Sp 5693.JPG,28,Tomato___Bacterial_spot,3,train,partition::00038202,Tomato___Bacterial_spot:::266,quantity_skew,0.1,0.1,none,42,-1
Tomato___Bacterial_spot/fa0a336a-ddda-4571-9fad-d0331280640a___GCREC_Bact.Sp 3845.JPG,28,Tomato___Bacterial_spot,3,train,partition::00038219,Tomato___Bacterial_spot:::224,quantity_skew,0.1,0.1,none,42,-1
Tomato___Early_blight/07324d80-17c5-4541-9702-62e9c744ac07___RS_Erly.B 7455.JPG,29,Tomato___Early_blight,3,train,partition::00039203,Tomato___Early_blight:::55,quantity_skew,0.1,0.1,none,42,-1
Tomato___Early_blight/1742dfdd-c687-46ff-b958-34194feb68e4___RS_Erly.B 7453.JPG,29,Tomato___Early_blight,3,train,partition::00039203,Tomato___Early_blight:::55,quantity_skew,0.1,0.1,none,42,-1
Tomato___Early_blight/18d8f15c-4948-4506-ae09-54169f95cf36___RS_Erly.B 7496.JPG,29,Tomato___Early_blight,3,train,partition::00039206,Tomato___Early_blight:::65,quantity_skew,0.1,0.1,none,42,-1
Tomato___Early_blight/29345423-647e-4e1b-81f4-16d8cfc0e137___RS_Erly.B 7422.JPG,29,Tomato___Early_blight,3,train,partition::00039188,Tomato___Early_blight:::49,quantity_skew,0.1,0.1,none,42,-1
Tomato___Early_blight/30c5bc48-7b5e-4bc0-9f0c-096042dacde2___RS_Erly.B 6333.JPG,29,Tomato___Early_blight,3,train,partition::00038833,Tomato___Early_blight:::1,quantity_skew,0.1,0.1,none,42,-1
Tomato___Early_blight/3205c4f9-9dd4-44ce-8e4c-0bd93405d60b___RS_Erly.B 6331.JPG,29,Tomato___Early_blight,3,train,partition::00038833,Tomato___Early_blight:::1,quantity_skew,0.1,0.1,none,42,-1
Tomato___Early_blight/3387fbf2-ee72-4601-b8de-c863eb96d181___RS_Erly.B 7452.JPG,29,Tomato___Early_blight,3,train,partition::00039203,Tomato___Early_blight:::55,quantity_skew,0.1,0.1,none,42,-1
Tomato___Early_blight/40b67c0a-5dd8-435c-80ed-764593d2147a___RS_Erly.B 7577.JPG,29,Tomato___Early_blight,3,train,partition::00038933,Tomato___Early_blight:::85,quantity_skew,0.1,0.1,none,42,-1
Tomato___Early_blight/4283992b-ab8a-41aa-baeb-17a5b0f75af1___RS_Erly.B 7621.JPG,29,Tomato___Early_blight,3,train,partition::00039268,Tomato___Early_blight:::96,quantity_skew,0.1,0.1,none,42,-1
Tomato___Early_blight/52082b15-4350-415a-be8c-bb0e0fc3ab88___RS_Erly.B 6332.JPG,29,Tomato___Early_blight,3,train,partition::00038833,Tomato___Early_blight:::1,quantity_skew,0.1,0.1,none,42,-1
Tomato___Early_blight/553d53a5-19f3-433e-9805-d3bf5a3804b1___RS_Erly.B 7580.JPG,29,Tomato___Early_blight,3,train,partition::00038933,Tomato___Early_blight:::85,quantity_skew,0.1,0.1,none,42,-1
Tomato___Early_blight/72e0c27a-891e-4864-a473-c44d578ad2ed___RS_Erly.B 7622.JPG,29,Tomato___Early_blight,3,train,partition::00039268,Tomato___Early_blight:::96,quantity_skew,0.1,0.1,none,42,-1
Tomato___Early_blight/74354e66-6888-4fac-8984-b8f887df2d86___RS_Erly.B 7578.JPG,29,Tomato___Early_blight,3,train,partition::00038933,Tomato___Early_blight:::85,quantity_skew,0.1,0.1,none,42,-1
Tomato___Early_blight/8d70db5b-7916-4397-836d-6a73a2faaead___RS_Erly.B 6330.JPG,29,Tomato___Early_blight,3,train,partition::00038833,Tomato___Early_blight:::1,quantity_skew,0.1,0.1,none,42,-1
Tomato___Early_blight/9b0106a7-eb90-4bb2-beec-6c9eb2d90d4b___RS_Erly.B 7424.JPG,29,Tomato___Early_blight,3,train,partition::00039188,Tomato___Early_blight:::49,quantity_skew,0.1,0.1,none,42,-1
Tomato___Early_blight/9e8f1cbd-f128-47f3-b90d-9c8dc1efcb78___RS_Erly.B 7425.JPG,29,Tomato___Early_blight,3,train,partition::00039188,Tomato___Early_blight:::49,quantity_skew,0.1,0.1,none,42,-1
Tomato___Early_blight/a7aac68f-92a8-42dd-ad5b-662c172fa594___RS_Erly.B 7579.JPG,29,Tomato___Early_blight,3,train,partition::00038933,Tomato___Early_blight:::85,quantity_skew,0.1,0.1,none,42,-1
Tomato___Early_blight/ad567130-1714-4f31-9735-9ffe4b373964___RS_Erly.B 7623.JPG,29,Tomato___Early_blight,3,train,partition::00039268,Tomato___Early_blight:::96,quantity_skew,0.1,0.1,none,42,-1
Tomato___Early_blight/c9fa82b3-776c-4a44-8309-a6faf88898e3___RS_Erly.B 7498.JPG,29,Tomato___Early_blight,3,train,partition::00039206,Tomato___Early_blight:::65,quantity_skew,0.1,0.1,none,42,-1
Tomato___Early_blight/df86b9f1-3871-4139-be7d-928bd3e6d642___RS_Erly.B 7497.JPG,29,Tomato___Early_blight,3,train,partition::00039206,Tomato___Early_blight:::65,quantity_skew,0.1,0.1,none,42,-1
Tomato___Early_blight/eb84cf99-aee8-4acc-8d3d-c5a24c672eb4___RS_Erly.B 7423.JPG,29,Tomato___Early_blight,3,train,partition::00039188,Tomato___Early_blight:::49,quantity_skew,0.1,0.1,none,42,-1
Tomato___Early_blight/ef7a2893-ca76-4f77-beb4-5bfcc729e324___RS_Erly.B 7454.JPG,29,Tomato___Early_blight,3,train,partition::00039203,Tomato___Early_blight:::55,quantity_skew,0.1,0.1,none,42,-1
Tomato___Early_blight/efe14014-c5b8-433b-a469-e10ca8d7c551___RS_Erly.B 7499.JPG,29,Tomato___Early_blight,3,train,partition::00039206,Tomato___Early_blight:::65,quantity_skew,0.1,0.1,none,42,-1
Tomato___Early_blight/fe856320-407c-4390-9960-a6a539371182___RS_Erly.B 7624.JPG,29,Tomato___Early_blight,3,train,partition::00039268,Tomato___Early_blight:::96,quantity_skew,0.1,0.1,none,42,-1
Tomato___Late_blight/014eee0c-8000-4762-b4b8-63ecc2fadc13___GHLB2ES Leaf 69.1.JPG,30,Tomato___Late_blight,3,train,partition::00039281,img::D:/university/do-an-tot-nghiep/train-gd-2/PlantVillage-Dataset/raw/color/Tomato___Late_blight/014eee0c-8000-4762-b4b8-63ecc2fadc13___GHLB2ES Leaf 69.1.JPG,quantity_skew,0.1,0.1,none,42,-1
Tomato___Late_blight/0893ac69-4004-4577-b4aa-496983116208___GHLB2 Leaf 8738.JPG,30,Tomato___Late_blight,3,train,partition::00039355,img::D:/university/do-an-tot-nghiep/train-gd-2/PlantVillage-Dataset/raw/color/Tomato___Late_blight/0893ac69-4004-4577-b4aa-496983116208___GHLB2 Leaf 8738.JPG,quantity_skew,0.1,0.1,none,42,-1
Tomato___Late_blight/08a723e4-6b51-4395-8013-b1f3f03709b8___GHLB2 Leaf 8967.JPG,30,Tomato___Late_blight,3,train,partition::00039356,img::D:/university/do-an-tot-nghiep/train-gd-2/PlantVillage-Dataset/raw/color/Tomato___Late_blight/08a723e4-6b51-4395-8013-b1f3f03709b8___GHLB2 Leaf 8967.JPG,quantity_skew,0.1,0.1,none,42,-1
Tomato___Late_blight/0ab172fa-ac7b-4a3e-90c8-0708703eb3bb___RS_Late.B 5572.JPG,30,Tomato___Late_blight,3,train,partition::00040953,Tomato___Late_blight:::111,quantity_skew,0.1,0.1,none,42,-1
Tomato___Late_blight/39061157-ee50-40a5-8e24-c083fb6725e7___GHLB2 Leaf 8873.JPG,30,Tomato___Late_blight,3,train,partition::00039702,img::D:/university/do-an-tot-nghiep/train-gd-2/PlantVillage-Dataset/raw/color/Tomato___Late_blight/39061157-ee50-40a5-8e24-c083fb6725e7___GHLB2 Leaf 8873.JPG,quantity_skew,0.1,0.1,none,42,-1
Tomato___Late_blight/3a3e6df4-6493-4be6-b652-2b02b4b02d33___GHLB2 Leaf 8921.JPG,30,Tomato___Late_blight,3,train,partition::00039715,img::D:/university/do-an-tot-nghiep/train-gd-2/PlantVillage-Dataset/raw/color/Tomato___Late_blight/3a3e6df4-6493-4be6-b652-2b02b4b02d33___GHLB2 Leaf 8921.JPG,quantity_skew,0.1,0.1,none,42,-1
Tomato___Late_blight/418ae33c-5f61-4531-82df-8608d82a7a90___RS_Late.B 5574.JPG,30,Tomato___Late_blight,3,train,partition::00040953,Tomato___Late_blight:::111,quantity_skew,0.1,0.1,none,42,-1
Tomato___Late_blight/41e1ea20-a4d0-4ef0-9362-b3756c8c06ec___GHLB2 Leaf 8755.JPG,30,Tomato___Late_blight,3,train,partition::00039767,img::D:/university/do-an-tot-nghiep/train-gd-2/PlantVillage-Dataset/raw/color/Tomato___Late_blight/41e1ea20-a4d0-4ef0-9362-b3756c8c06ec___GHLB2 Leaf 8755.JPG,quantity_skew,0.1,0.1,none,42,-1
Tomato___Late_blight/46ac1a7f-6529-4812-9d11-996a288a907b___GHLB2 Leaf 113.4.JPG,30,Tomato___Late_blight,3,train,partition::00039809,img::D:/university/do-an-tot-nghiep/train-gd-2/PlantVillage-Dataset/raw/color/Tomato___Late_blight/46ac1a7f-6529-4812-9d11-996a288a907b___GHLB2 Leaf 113.4.JPG,quantity_skew,0.1,0.1,none,42,-1
Tomato___Late_blight/5a7059b0-82e8-441e-8d8a-02521d0fa602___GHLB2 Leaf 9058.JPG,30,Tomato___Late_blight,3,train,partition::00039946,img::D:/university/do-an-tot-nghiep/train-gd-2/PlantVillage-Dataset/raw/color/Tomato___Late_blight/5a7059b0-82e8-441e-8d8a-02521d0fa602___GHLB2 Leaf 9058.JPG,quantity_skew,0.1,0.1,none,42,-1
Tomato___Late_blight/772e3007-0263-45ec-b7f2-fd283d3fcd90___RS_Late.B 5578.JPG,30,Tomato___Late_blight,3,train,partition::00041097,Tomato___Late_blight:::112,quantity_skew,0.1,0.1,none,42,-1
Tomato___Late_blight/77730acc-705a-4b8f-8e3a-dc70bd348d40___GHLB_PS Leaf 32 Day 13.jpg,30,Tomato___Late_blight,3,train,partition::00040138,img::D:/university/do-an-tot-nghiep/train-gd-2/PlantVillage-Dataset/raw/color/Tomato___Late_blight/77730acc-705a-4b8f-8e3a-dc70bd348d40___GHLB_PS Leaf 32 Day 13.jpg,quantity_skew,0.1,0.1,none,42,-1
Tomato___Late_blight/8224fe93-c0bc-47e1-8ef4-3572667de662___GHLB2 Leaf 8694.JPG,30,Tomato___Late_blight,3,train,partition::00040235,img::D:/university/do-an-tot-nghiep/train-gd-2/PlantVillage-Dataset/raw/color/Tomato___Late_blight/8224fe93-c0bc-47e1-8ef4-3572667de662___GHLB2 Leaf 8694.JPG,quantity_skew,0.1,0.1,none,42,-1
Tomato___Late_blight/854f717b-5d27-4d21-be89-29bf935b069a___GHLB2 Leaf 8650.JPG,30,Tomato___Late_blight,3,train,partition::00040252,img::D:/university/do-an-tot-nghiep/train-gd-2/PlantVillage-Dataset/raw/color/Tomato___Late_blight/854f717b-5d27-4d21-be89-29bf935b069a___GHLB2 Leaf 8650.JPG,quantity_skew,0.1,0.1,none,42,-1
Tomato___Late_blight/85d80245-6c80-4bb7-9497-c8612903b535___RS_Late.B 5576.JPG,30,Tomato___Late_blight,3,train,partition::00040953,Tomato___Late_blight:::111,quantity_skew,0.1,0.1,none,42,-1
Tomato___Late_blight/860b6c56-686a-4f21-8ae3-d7e45acd760b___GHLB_PS Leaf 25 Day 16.jpg,30,Tomato___Late_blight,3,train,partition::00040257,img::D:/university/do-an-tot-nghiep/train-gd-2/PlantVillage-Dataset/raw/color/Tomato___Late_blight/860b6c56-686a-4f21-8ae3-d7e45acd760b___GHLB_PS Leaf 25 Day 16.jpg,quantity_skew,0.1,0.1,none,42,-1
Tomato___Late_blight/86a83826-1cb7-458c-8999-91455fb9b4b0___GHLB2 Leaf 96.1.JPG,30,Tomato___Late_blight,3,train,partition::00040266,img::D:/university/do-an-tot-nghiep/train-gd-2/PlantVillage-Dataset/raw/color/Tomato___Late_blight/86a83826-1cb7-458c-8999-91455fb9b4b0___GHLB2 Leaf 96.1.JPG,quantity_skew,0.1,0.1,none,42,-1
Tomato___Late_blight/8e89b070-c8f0-47f5-a7c4-e28a92e0454b___GHLB2 Leaf 9097.JPG,30,Tomato___Late_blight,3,train,partition::00040313,img::D:/university/do-an-tot-nghiep/train-gd-2/PlantVillage-Dataset/raw/color/Tomato___Late_blight/8e89b070-c8f0-47f5-a7c4-e28a92e0454b___GHLB2 Leaf 9097.JPG,quantity_skew,0.1,0.1,none,42,-1
Tomato___Late_blight/8fa2b785-6eba-47c3-aeb3-139ebe284185___RS_Late.B 4954.JPG,30,Tomato___Late_blight,3,train,partition::00040865,Tomato___Late_blight:::23,quantity_skew,0.1,0.1,none,42,-1
Tomato___Late_blight/8fb69288-9a9a-429d-96ff-a425e9753cef___RS_Late.B 6913.JPG,30,Tomato___Late_blight,3,train,partition::00040740,Tomato___Late_blight:::204,quantity_skew,0.1,0.1,none,42,-1
Tomato___Late_blight/98288f42-3067-4117-9e1d-d4a6b88f16eb___RS_Late.B 5545.JPG,30,Tomato___Late_blight,3,train,partition::00040666,Tomato___Late_blight:::107,quantity_skew,0.1,0.1,none,42,-1
Tomato___Late_blight/993a04d9-3bfe-4cd2-8f89-981a0bb2405c___RS_Late.B 4956.JPG,30,Tomato___Late_blight,3,train,partition::00040865,Tomato___Late_blight:::23,quantity_skew,0.1,0.1,none,42,-1
Tomato___Late_blight/9a4627a2-053d-443b-9135-7c1a913b63c4___GHLB Leaf 25.1 Day 12.JPG,30,Tomato___Late_blight,3,train,partition::00040419,img::D:/university/do-an-tot-nghiep/train-gd-2/PlantVillage-Dataset/raw/color/Tomato___Late_blight/9a4627a2-053d-443b-9135-7c1a913b63c4___GHLB Leaf 25.1 Day 12.JPG,quantity_skew,0.1,0.1,none,42,-1
Tomato___Late_blight/9bd2db81-5615-49e0-8697-e38d34b5a2ca___GHLB_PS Leaf 24.2 Day 13.jpg,30,Tomato___Late_blight,3,train,partition::00040427,img::D:/university/do-an-tot-nghiep/train-gd-2/PlantVillage-Dataset/raw/color/Tomato___Late_blight/9bd2db81-5615-49e0-8697-e38d34b5a2ca___GHLB_PS Leaf 24.2 Day 13.jpg,quantity_skew,0.1,0.1,none,42,-1
Tomato___Late_blight/9c02c389-6bdc-45d6-96ca-bce46283d2ab___GHLB2 Leaf 8660.JPG,30,Tomato___Late_blight,3,train,partition::00040429,img::D:/university/do-an-tot-nghiep/train-gd-2/PlantVillage-Dataset/raw/color/Tomato___Late_blight/9c02c389-6bdc-45d6-96ca-bce46283d2ab___GHLB2 Leaf 8660.JPG,quantity_skew,0.1,0.1,none,42,-1
Tomato___Late_blight/a67418bb-f556-4b1d-ac63-839c4ea89b43___RS_Late.B 6914.JPG,30,Tomato___Late_blight,3,train,partition::00040740,Tomato___Late_blight:::204,quantity_skew,0.1,0.1,none,42,-1
Tomato___Late_blight/aa358a07-3140-4f44-861b-dcd99f943b09___RS_Late.B 5542.JPG,30,Tomato___Late_blight,3,train,partition::00040666,Tomato___Late_blight:::107,quantity_skew,0.1,0.1,none,42,-1
Tomato___Late_blight/b9478b81-3911-4589-b169-84c1e1971906___RS_Late.B 5579.JPG,30,Tomato___Late_blight,3,train,partition::00041097,Tomato___Late_blight:::112,quantity_skew,0.1,0.1,none,42,-1
Tomato___Late_blight/badd718d-0a43-411b-889c-d46a01834dba___RS_Late.B 5547.JPG,30,Tomato___Late_blight,3,train,partition::00040666,Tomato___Late_blight:::107,quantity_skew,0.1,0.1,none,42,-1
Tomato___Late_blight/bc5fd090-21b4-42d8-82b7-354a7697dc22___RS_Late.B 5546.JPG,30,Tomato___Late_blight,3,train,partition::00040666,Tomato___Late_blight:::107,quantity_skew,0.1,0.1,none,42,-1
Tomato___Late_blight/bceafbf0-d268-4ab1-b505-5a45c2fd0239___RS_Late.B 4953.JPG,30,Tomato___Late_blight,3,train,partition::00040865,Tomato___Late_blight:::23,quantity_skew,0.1,0.1,none,42,-1
Tomato___Late_blight/c47ca13e-af6a-4e74-bb38-12faeffd8eae___GHLB2 Leaf 163.1.JPG,30,Tomato___Late_blight,3,train,partition::00040727,img::D:/university/do-an-tot-nghiep/train-gd-2/PlantVillage-Dataset/raw/color/Tomato___Late_blight/c47ca13e-af6a-4e74-bb38-12faeffd8eae___GHLB2 Leaf 163.1.JPG,quantity_skew,0.1,0.1,none,42,-1
Tomato___Late_blight/c5150ba8-d8c4-47a3-9938-83715b767693___RS_Late.B 6912.JPG,30,Tomato___Late_blight,3,train,partition::00040740,Tomato___Late_blight:::204,quantity_skew,0.1,0.1,none,42,-1
Tomato___Late_blight/c5b2af5b-c27f-4ed3-83e5-e2bfe096f024___RS_Late.B 6918.JPG,30,Tomato___Late_blight,3,train,partition::00040740,Tomato___Late_blight:::204,quantity_skew,0.1,0.1,none,42,-1
Tomato___Late_blight/c933cfb7-d1c7-420b-88d0-7df28ae6ab2d___GHLB_PS Leaf 36.1 Day 13.jpg,30,Tomato___Late_blight,3,train,partition::00040766,img::D:/university/do-an-tot-nghiep/train-gd-2/PlantVillage-Dataset/raw/color/Tomato___Late_blight/c933cfb7-d1c7-420b-88d0-7df28ae6ab2d___GHLB_PS Leaf 36.1 Day 13.jpg,quantity_skew,0.1,0.1,none,42,-1
Tomato___Late_blight/cf21ccf7-0ad0-44cb-b541-a03d3921afcf___GHLB2 Leaf 8798.JPG,30,Tomato___Late_blight,3,train,partition::00040819,img::D:/university/do-an-tot-nghiep/train-gd-2/PlantVillage-Dataset/raw/color/Tomato___Late_blight/cf21ccf7-0ad0-44cb-b541-a03d3921afcf___GHLB2 Leaf 8798.JPG,quantity_skew,0.1,0.1,none,42,-1
Tomato___Late_blight/d3756978-23f4-48a2-a7e5-9b32c9453059___GHLB2 Leaf 160.3.JPG,30,Tomato___Late_blight,3,train,partition::00040848,img::D:/university/do-an-tot-nghiep/train-gd-2/PlantVillage-Dataset/raw/color/Tomato___Late_blight/d3756978-23f4-48a2-a7e5-9b32c9453059___GHLB2 Leaf 160.3.JPG,quantity_skew,0.1,0.1,none,42,-1
Tomato___Late_blight/d491156d-bcb8-47b9-b6b9-3f1d2dc1777f___GHLB2 Leaf 8779.JPG,30,Tomato___Late_blight,3,train,partition::00040857,img::D:/university/do-an-tot-nghiep/train-gd-2/PlantVillage-Dataset/raw/color/Tomato___Late_blight/d491156d-bcb8-47b9-b6b9-3f1d2dc1777f___GHLB2 Leaf 8779.JPG,quantity_skew,0.1,0.1,none,42,-1
Tomato___Late_blight/d5b8a6e0-d0f6-4271-9d20-2e2d98834b8e___RS_Late.B 4952.JPG,30,Tomato___Late_blight,3,train,partition::00040865,Tomato___Late_blight:::23,quantity_skew,0.1,0.1,none,42,-1
Tomato___Late_blight/d8674a0f-a63f-4d10-852a-4913ba977823___GHLB2 Leaf 8568.JPG,30,Tomato___Late_blight,3,train,partition::00040895,img::D:/university/do-an-tot-nghiep/train-gd-2/PlantVillage-Dataset/raw/color/Tomato___Late_blight/d8674a0f-a63f-4d10-852a-4913ba977823___GHLB2 Leaf 8568.JPG,quantity_skew,0.1,0.1,none,42,-1
Tomato___Late_blight/e09b337d-7ad9-42c8-9ca4-8c782ff942b1___RS_Late.B 5575.JPG,30,Tomato___Late_blight,3,train,partition::00040953,Tomato___Late_blight:::111,quantity_skew,0.1,0.1,none,42,-1
Tomato___Late_blight/e7ad9c9f-d300-4246-8e98-4e364eb4d7b6___GHLB Leaf 23.1 Day 18.JPG,30,Tomato___Late_blight,3,train,partition::00041017,img::D:/university/do-an-tot-nghiep/train-gd-2/PlantVillage-Dataset/raw/color/Tomato___Late_blight/e7ad9c9f-d300-4246-8e98-4e364eb4d7b6___GHLB Leaf 23.1 Day 18.JPG,quantity_skew,0.1,0.1,none,42,-1
Tomato___Late_blight/edab4e30-5e08-4bf9-92eb-695d4472add6___RS_Late.B 5582.JPG,30,Tomato___Late_blight,3,train,partition::00041097,Tomato___Late_blight:::112,quantity_skew,0.1,0.1,none,42,-1
Tomato___Late_blight/f2f22a54-7995-4b43-83bf-5a0fba777466___RS_Late.B 5583.JPG,30,Tomato___Late_blight,3,train,partition::00041097,Tomato___Late_blight:::112,quantity_skew,0.1,0.1,none,42,-1
Tomato___Late_blight/fabba25a-e191-47c5-a468-6acf744312e1___GHLB2 Leaf 8835.JPG,30,Tomato___Late_blight,3,train,partition::00041152,img::D:/university/do-an-tot-nghiep/train-gd-2/PlantVillage-Dataset/raw/color/Tomato___Late_blight/fabba25a-e191-47c5-a468-6acf744312e1___GHLB2 Leaf 8835.JPG,quantity_skew,0.1,0.1,none,42,-1
Tomato___Leaf_Mold/092442ed-3ad2-4195-8cd5-cc2ba74469e1___Crnl_L.Mold 6578.JPG,31,Tomato___Leaf_Mold,3,train,partition::00041935,Tomato___Leaf_Mold:::17,quantity_skew,0.1,0.1,none,42,-1
Tomato___Leaf_Mold/0e508a3f-af06-4c8a-be78-5c38d2d4fb68___Crnl_L.Mold 6775.JPG,31,Tomato___Leaf_Mold,3,train,partition::00042126,Tomato___Leaf_Mold:::55,quantity_skew,0.1,0.1,none,42,-1
Tomato___Leaf_Mold/1d25cb12-499f-453f-9a62-dbc3fd20b220___Crnl_L.Mold 7061.JPG,31,Tomato___Leaf_Mold,3,train,partition::00041892,Tomato___Leaf_Mold:::109,quantity_skew,0.1,0.1,none,42,-1
Tomato___Leaf_Mold/20bfb40a-3fac-43d0-8864-feb28b97b9cd___Crnl_L.Mold 6849.JPG,31,Tomato___Leaf_Mold,3,train,partition::00042042,Tomato___Leaf_Mold:::69,quantity_skew,0.1,0.1,none,42,-1
Tomato___Leaf_Mold/273b19fa-2701-4679-a994-8a37040ac343___Crnl_L.Mold 6577.JPG,31,Tomato___Leaf_Mold,3,train,partition::00041935,Tomato___Leaf_Mold:::17,quantity_skew,0.1,0.1,none,42,-1
Tomato___Leaf_Mold/4375c98f-8986-4680-9432-afb29f839d7b___Crnl_L.Mold 6847.JPG,31,Tomato___Leaf_Mold,3,train,partition::00042042,Tomato___Leaf_Mold:::69,quantity_skew,0.1,0.1,none,42,-1
Tomato___Leaf_Mold/55cc7d97-c88a-4053-8691-288e94bf96b0___Crnl_L.Mold 9182.JPG,31,Tomato___Leaf_Mold,3,train,partition::00042049,Tomato___Leaf_Mold:::238,quantity_skew,0.1,0.1,none,42,-1
Tomato___Leaf_Mold/6371bae8-f9d4-4b4c-88d7-96de89c4c14a___Crnl_L.Mold 7058.JPG,31,Tomato___Leaf_Mold,3,train,partition::00041892,Tomato___Leaf_Mold:::109,quantity_skew,0.1,0.1,none,42,-1
Tomato___Leaf_Mold/6e2b61bf-f35d-4e8a-a64c-c3cfed5db42e___Crnl_L.Mold 9008.JPG,31,Tomato___Leaf_Mold,3,train,partition::00042037,Tomato___Leaf_Mold:::204,quantity_skew,0.1,0.1,none,42,-1
Tomato___Leaf_Mold/6e7e78fc-dc40-4175-9513-272ab0d98d01___Crnl_L.Mold 9007.JPG,31,Tomato___Leaf_Mold,3,train,partition::00042037,Tomato___Leaf_Mold:::204,quantity_skew,0.1,0.1,none,42,-1
Tomato___Leaf_Mold/7922fafa-294f-4a34-999a-040d1a1a1d44___Crnl_L.Mold 6771.JPG,31,Tomato___Leaf_Mold,3,train,partition::00042126,Tomato___Leaf_Mold:::55,quantity_skew,0.1,0.1,none,42,-1
Tomato___Leaf_Mold/7c9ac47e-ec96-457c-96d7-8aefdace978f___Crnl_L.Mold 6850.JPG,31,Tomato___Leaf_Mold,3,train,partition::00042042,Tomato___Leaf_Mold:::69,quantity_skew,0.1,0.1,none,42,-1
Tomato___Leaf_Mold/93608d6e-7511-4388-88c1-ef45b754e9c2___Crnl_L.Mold 6580.JPG,31,Tomato___Leaf_Mold,3,train,partition::00041935,Tomato___Leaf_Mold:::17,quantity_skew,0.1,0.1,none,42,-1
Tomato___Leaf_Mold/974bc246-0ab0-4a54-95c8-dd0b557f676b___Crnl_L.Mold 7059.JPG,31,Tomato___Leaf_Mold,3,train,partition::00041892,Tomato___Leaf_Mold:::109,quantity_skew,0.1,0.1,none,42,-1
Tomato___Leaf_Mold/a7aba5e4-a78a-459a-9caa-77f0f98ef2d5___Crnl_L.Mold 9012.JPG,31,Tomato___Leaf_Mold,3,train,partition::00042037,Tomato___Leaf_Mold:::204,quantity_skew,0.1,0.1,none,42,-1
Tomato___Leaf_Mold/bb64a6b2-b479-4cff-a101-7d0d98ac62c9___Crnl_L.Mold 9183.JPG,31,Tomato___Leaf_Mold,3,train,partition::00042049,Tomato___Leaf_Mold:::238,quantity_skew,0.1,0.1,none,42,-1
Tomato___Leaf_Mold/bc374eed-3802-4ffe-9339-47e04a74a648___Crnl_L.Mold 9181.JPG,31,Tomato___Leaf_Mold,3,train,partition::00042049,Tomato___Leaf_Mold:::238,quantity_skew,0.1,0.1,none,42,-1
Tomato___Leaf_Mold/bf40a7f6-0b81-4d33-88fa-1405dcd35f3a___Crnl_L.Mold 7060.JPG,31,Tomato___Leaf_Mold,3,train,partition::00041892,Tomato___Leaf_Mold:::109,quantity_skew,0.1,0.1,none,42,-1
Tomato___Leaf_Mold/cabcabd6-628c-444d-a7cd-49f44ddbb3e9___Crnl_L.Mold 6579.JPG,31,Tomato___Leaf_Mold,3,train,partition::00041935,Tomato___Leaf_Mold:::17,quantity_skew,0.1,0.1,none,42,-1
Tomato___Leaf_Mold/e52d4992-f924-4b08-afea-8bbdb4766089___Crnl_L.Mold 9010.JPG,31,Tomato___Leaf_Mold,3,train,partition::00042037,Tomato___Leaf_Mold:::204,quantity_skew,0.1,0.1,none,42,-1
Tomato___Leaf_Mold/e710a5d8-3d50-4382-9786-931ca51ba797___Crnl_L.Mold 6851.JPG,31,Tomato___Leaf_Mold,3,train,partition::00042042,Tomato___Leaf_Mold:::69,quantity_skew,0.1,0.1,none,42,-1
Tomato___Leaf_Mold/e98c3ab2-eb39-48a5-8beb-d11995a55015___Crnl_L.Mold 9185.JPG,31,Tomato___Leaf_Mold,3,train,partition::00042049,Tomato___Leaf_Mold:::238,quantity_skew,0.1,0.1,none,42,-1
Tomato___Leaf_Mold/eab7f198-a04b-4e25-b329-41e7666d1fde___Crnl_L.Mold 6773.JPG,31,Tomato___Leaf_Mold,3,train,partition::00042126,Tomato___Leaf_Mold:::55,quantity_skew,0.1,0.1,none,42,-1
Tomato___Leaf_Mold/fe52f026-be65-43bf-823e-d5fc9a9b0340___Crnl_L.Mold 6774.JPG,31,Tomato___Leaf_Mold,3,train,partition::00042126,Tomato___Leaf_Mold:::55,quantity_skew,0.1,0.1,none,42,-1
Tomato___Septoria_leaf_spot/0b23b869-cfa6-40d7-a683-f4637d91ebff___Matt.S_CG 1286.JPG,32,Tomato___Septoria_leaf_spot,3,train,partition::00043899,Tomato___Septoria_leaf_spot:::43,quantity_skew,0.1,0.1,none,42,-1
Tomato___Septoria_leaf_spot/0bcb24a9-bf45-4008-b9df-1c729f977b17___Matt.S_CG 7835.JPG,32,Tomato___Septoria_leaf_spot,3,train,partition::00043363,Tomato___Septoria_leaf_spot:::246,quantity_skew,0.1,0.1,none,42,-1
Tomato___Septoria_leaf_spot/0c48052c-232b-4ea7-b77d-322f5f642612___Matt.S_CG 7724.JPG,32,Tomato___Septoria_leaf_spot,3,train,partition::00043867,Tomato___Septoria_leaf_spot:::230,quantity_skew,0.1,0.1,none,42,-1
Tomato___Septoria_leaf_spot/115872f2-53a2-4ed9-a394-01882a0d30db___Keller.St_CG 1914.JPG,32,Tomato___Septoria_leaf_spot,3,train,partition::00042232,img::D:/university/do-an-tot-nghiep/train-gd-2/PlantVillage-Dataset/raw/color/Tomato___Septoria_leaf_spot/115872f2-53a2-4ed9-a394-01882a0d30db___Keller.St_CG 1914.JPG,quantity_skew,0.1,0.1,none,42,-1
Tomato___Septoria_leaf_spot/12703385-4e74-4e56-b90a-fede2827fbf2___Matt.S_CG 6039.JPG,32,Tomato___Septoria_leaf_spot,3,train,partition::00043731,Tomato___Septoria_leaf_spot:::109,quantity_skew,0.1,0.1,none,42,-1
Tomato___Septoria_leaf_spot/13bc2fc9-24ab-44c5-bf5d-ea0d1a68798f___Matt.S_CG 0980.JPG,32,Tomato___Septoria_leaf_spot,3,train,partition::00043246,Tomato___Septoria_leaf_spot:::27,quantity_skew,0.1,0.1,none,42,-1
Tomato___Septoria_leaf_spot/13d82f96-ac84-4176-abf9-f1fbaac4aabd___Matt.S_CG 0989.JPG,32,Tomato___Septoria_leaf_spot,3,train,partition::00043246,Tomato___Septoria_leaf_spot:::27,quantity_skew,0.1,0.1,none,42,-1
Tomato___Septoria_leaf_spot/144f0195-69a2-4bdb-aebb-70f62b2bcff4___Matt.S_CG 7547.JPG,32,Tomato___Septoria_leaf_spot,3,train,partition::00043880,Tomato___Septoria_leaf_spot:::202,quantity_skew,0.1,0.1,none,42,-1
Tomato___Septoria_leaf_spot/25b6cc2a-d883-4e3f-9caa-738e5ec35e30___JR_Sept.L.S 8465.JPG,32,Tomato___Septoria_leaf_spot,3,train,partition::00042364,img::D:/university/do-an-tot-nghiep/train-gd-2/PlantVillage-Dataset/raw/color/Tomato___Septoria_leaf_spot/25b6cc2a-d883-4e3f-9caa-738e5ec35e30___JR_Sept.L.S 8465.JPG,quantity_skew,0.1,0.1,none,42,-1
Tomato___Septoria_leaf_spot/2a803f39-ff07-4e5d-aabc-4941aaa81472___JR_Sept.L.S 2458.JPG,32,Tomato___Septoria_leaf_spot,3,train,partition::00042399,img::D:/university/do-an-tot-nghiep/train-gd-2/PlantVillage-Dataset/raw/color/Tomato___Septoria_leaf_spot/2a803f39-ff07-4e5d-aabc-4941aaa81472___JR_Sept.L.S 2458.JPG,quantity_skew,0.1,0.1,none,42,-1
Tomato___Septoria_leaf_spot/2aeb1e96-7755-4378-b423-2f2116e56db6___JR_Sept.L.S 2570.JPG,32,Tomato___Septoria_leaf_spot,3,train,partition::00042400,img::D:/university/do-an-tot-nghiep/train-gd-2/PlantVillage-Dataset/raw/color/Tomato___Septoria_leaf_spot/2aeb1e96-7755-4378-b423-2f2116e56db6___JR_Sept.L.S 2570.JPG,quantity_skew,0.1,0.1,none,42,-1
Tomato___Septoria_leaf_spot/2e129fc6-f9d3-41d3-a562-c69e72871006___Matt.S_CG 0982.JPG,32,Tomato___Septoria_leaf_spot,3,train,partition::00043246,Tomato___Septoria_leaf_spot:::27,quantity_skew,0.1,0.1,none,42,-1
Tomato___Septoria_leaf_spot/32106b67-e151-43ea-9ef1-63515e971e90___Matt.S_CG 7834.JPG,32,Tomato___Septoria_leaf_spot,3,train,partition::00043363,Tomato___Septoria_leaf_spot:::246,quantity_skew,0.1,0.1,none,42,-1
Tomato___Septoria_leaf_spot/3ed40b55-9410-41c7-91cd-1e2f771d5888___Matt.S_CG 7723.JPG,32,Tomato___Septoria_leaf_spot,3,train,partition::00043867,Tomato___Septoria_leaf_spot:::230,quantity_skew,0.1,0.1,none,42,-1
Tomato___Septoria_leaf_spot/3ff747b1-7cec-42e2-a938-9af10afeab8c___Matt.S_CG 1285.JPG,32,Tomato___Septoria_leaf_spot,3,train,partition::00043899,Tomato___Septoria_leaf_spot:::43,quantity_skew,0.1,0.1,none,42,-1
Tomato___Septoria_leaf_spot/4467daac-1e75-4b6f-868d-9dcb5016bd1e___Matt.S_CG 7436.JPG,32,Tomato___Septoria_leaf_spot,3,train,partition::00043534,Tomato___Septoria_leaf_spot:::182,quantity_skew,0.1,0.1,none,42,-1
Tomato___Septoria_leaf_spot/4d4d398a-daf4-4013-9f92-f39dd34abf35___Keller.St_CG 2010.JPG,32,Tomato___Septoria_leaf_spot,3,train,partition::00042626,img::D:/university/do-an-tot-nghiep/train-gd-2/PlantVillage-Dataset/raw/color/Tomato___Septoria_leaf_spot/4d4d398a-daf4-4013-9f92-f39dd34abf35___Keller.St_CG 2010.JPG,quantity_skew,0.1,0.1,none,42,-1
Tomato___Septoria_leaf_spot/583887a3-a071-4735-8d92-821d1f2e5ef0___Matt.S_CG 6045.JPG,32,Tomato___Septoria_leaf_spot,3,train,partition::00043731,Tomato___Septoria_leaf_spot:::109,quantity_skew,0.1,0.1,none,42,-1
Tomato___Septoria_leaf_spot/655548d9-468b-4075-88b6-ba187d4035ec___Matt.S_CG 7549.JPG,32,Tomato___Septoria_leaf_spot,3,train,partition::00043880,Tomato___Septoria_leaf_spot:::202,quantity_skew,0.1,0.1,none,42,-1
Tomato___Septoria_leaf_spot/6aad1489-2ff3-4b26-a037-45e56f572ad7___JR_Sept.L.S 2690.JPG,32,Tomato___Septoria_leaf_spot,3,train,partition::00042819,img::D:/university/do-an-tot-nghiep/train-gd-2/PlantVillage-Dataset/raw/color/Tomato___Septoria_leaf_spot/6aad1489-2ff3-4b26-a037-45e56f572ad7___JR_Sept.L.S 2690.JPG,quantity_skew,0.1,0.1,none,42,-1
Tomato___Septoria_leaf_spot/71d8607e-536c-4384-a9c5-db2dcd3e149d___JR_Sept.L.S 2641.JPG,32,Tomato___Septoria_leaf_spot,3,train,partition::00042870,img::D:/university/do-an-tot-nghiep/train-gd-2/PlantVillage-Dataset/raw/color/Tomato___Septoria_leaf_spot/71d8607e-536c-4384-a9c5-db2dcd3e149d___JR_Sept.L.S 2641.JPG,quantity_skew,0.1,0.1,none,42,-1
Tomato___Septoria_leaf_spot/7e5e84fb-af42-40b6-b2aa-d7e6bc569b1f___Matt.S_CG 7435.JPG,32,Tomato___Septoria_leaf_spot,3,train,partition::00043534,Tomato___Septoria_leaf_spot:::182,quantity_skew,0.1,0.1,none,42,-1
Tomato___Septoria_leaf_spot/8ea5ab78-1e1f-4f6b-97b0-84550af26040___Keller.St_CG 2039.JPG,32,Tomato___Septoria_leaf_spot,3,train,partition::00043073,img::D:/university/do-an-tot-nghiep/train-gd-2/PlantVillage-Dataset/raw/color/Tomato___Septoria_leaf_spot/8ea5ab78-1e1f-4f6b-97b0-84550af26040___Keller.St_CG 2039.JPG,quantity_skew,0.1,0.1,none,42,-1
Tomato___Septoria_leaf_spot/8f8c3234-855a-4841-8ec0-5d644ba8743a___JR_Sept.L.S 8506.JPG,32,Tomato___Septoria_leaf_spot,3,train,partition::00043081,img::D:/university/do-an-tot-nghiep/train-gd-2/PlantVillage-Dataset/raw/color/Tomato___Septoria_leaf_spot/8f8c3234-855a-4841-8ec0-5d644ba8743a___JR_Sept.L.S 8506.JPG,quantity_skew,0.1,0.1,none,42,-1
Tomato___Septoria_leaf_spot/971a3e79-1c8e-43fb-8734-35172df9272a___JR_Sept.L.S 8394.JPG,32,Tomato___Septoria_leaf_spot,3,train,partition::00043139,img::D:/university/do-an-tot-nghiep/train-gd-2/PlantVillage-Dataset/raw/color/Tomato___Septoria_leaf_spot/971a3e79-1c8e-43fb-8734-35172df9272a___JR_Sept.L.S 8394.JPG,quantity_skew,0.1,0.1,none,42,-1
Tomato___Septoria_leaf_spot/9b24d726-394f-4db4-b87d-a87a4def7b85___JR_Sept.L.S 2594.JPG,32,Tomato___Septoria_leaf_spot,3,train,partition::00043166,img::D:/university/do-an-tot-nghiep/train-gd-2/PlantVillage-Dataset/raw/color/Tomato___Septoria_leaf_spot/9b24d726-394f-4db4-b87d-a87a4def7b85___JR_Sept.L.S 2594.JPG,quantity_skew,0.1,0.1,none,42,-1
Tomato___Septoria_leaf_spot/a7c4ec00-e9fb-4f44-af56-5bb6e7b73e3c___Matt.S_CG 0978.JPG,32,Tomato___Septoria_leaf_spot,3,train,partition::00043246,Tomato___Septoria_leaf_spot:::27,quantity_skew,0.1,0.1,none,42,-1
Tomato___Septoria_leaf_spot/a88b5b36-20f8-4a92-82c7-4f0fa1775ba6___Matt.S_CG 7438.JPG,32,Tomato___Septoria_leaf_spot,3,train,partition::00043534,Tomato___Septoria_leaf_spot:::182,quantity_skew,0.1,0.1,none,42,-1
Tomato___Septoria_leaf_spot/afe64b64-8d22-4a85-86eb-f6963418a31c___Matt.S_CG 7833.JPG,32,Tomato___Septoria_leaf_spot,3,train,partition::00043363,Tomato___Septoria_leaf_spot:::246,quantity_skew,0.1,0.1,none,42,-1
Tomato___Septoria_leaf_spot/b36baca9-7ebc-4abc-b0fd-a05871925c6e___Matt.S_CG 7725.JPG,32,Tomato___Septoria_leaf_spot,3,train,partition::00043867,Tomato___Septoria_leaf_spot:::230,quantity_skew,0.1,0.1,none,42,-1
Tomato___Septoria_leaf_spot/b520d4fe-79ec-47a3-814c-bc1c5b74efb3___Keller.St_CG 1922.JPG,32,Tomato___Septoria_leaf_spot,3,train,partition::00043343,img::D:/university/do-an-tot-nghiep/train-gd-2/PlantVillage-Dataset/raw/color/Tomato___Septoria_leaf_spot/b520d4fe-79ec-47a3-814c-bc1c5b74efb3___Keller.St_CG 1922.JPG,quantity_skew,0.1,0.1,none,42,-1
Tomato___Septoria_leaf_spot/b6905f0b-a167-4b6c-a72b-3c6c187d8032___Matt.S_CG 6046.JPG,32,Tomato___Septoria_leaf_spot,3,train,partition::00043731,Tomato___Septoria_leaf_spot:::109,quantity_skew,0.1,0.1,none,42,-1
Tomato___Septoria_leaf_spot/b7eb3cc5-5960-4751-9722-56d41c5e7042___Matt.S_CG 7830.JPG,32,Tomato___Septoria_leaf_spot,3,train,partition::00043363,Tomato___Septoria_leaf_spot:::246,quantity_skew,0.1,0.1,none,42,-1
Tomato___Septoria_leaf_spot/bb541e5c-bb48-4f8b-8557-98d8a60a41d6___JR_Sept.L.S 2550.JPG,32,Tomato___Septoria_leaf_spot,3,train,partition::00043388,img::D:/university/do-an-tot-nghiep/train-gd-2/PlantVillage-Dataset/raw/color/Tomato___Septoria_leaf_spot/bb541e5c-bb48-4f8b-8557-98d8a60a41d6___JR_Sept.L.S 2550.JPG,quantity_skew,0.1,0.1,none,42,-1
Tomato___Septoria_leaf_spot/cdf046be-8d54-4e89-babf-425b7f7ac27c___Matt.S_CG 7437.JPG,32,Tomato___Septoria_leaf_spot,3,train,partition::00043534,Tomato___Septoria_leaf_spot:::182,quantity_skew,0.1,0.1,none,42,-1
Tomato___Septoria_leaf_spot/d34bb16c-4890-499a-8bcd-7fbd6c540a91___Matt.S_CG 7546.JPG,32,Tomato___Septoria_leaf_spot,3,train,partition::00043880,Tomato___Septoria_leaf_spot:::202,quantity_skew,0.1,0.1,none,42,-1
Tomato___Septoria_leaf_spot/e3d02dab-319f-45fe-97ec-5b41a060c041___Matt.S_CG 1290.JPG,32,Tomato___Septoria_leaf_spot,3,train,partition::00043899,Tomato___Septoria_leaf_spot:::43,quantity_skew,0.1,0.1,none,42,-1
Tomato___Septoria_leaf_spot/e8b454fe-dc1c-490b-9bd7-15052a2b72b4___JR_Sept.L.S 2567.JPG,32,Tomato___Septoria_leaf_spot,3,train,partition::00043720,img::D:/university/do-an-tot-nghiep/train-gd-2/PlantVillage-Dataset/raw/color/Tomato___Septoria_leaf_spot/e8b454fe-dc1c-490b-9bd7-15052a2b72b4___JR_Sept.L.S 2567.JPG,quantity_skew,0.1,0.1,none,42,-1
Tomato___Septoria_leaf_spot/ea76488a-600f-477a-9d0a-17e1bb368987___Matt.S_CG 6048.JPG,32,Tomato___Septoria_leaf_spot,3,train,partition::00043731,Tomato___Septoria_leaf_spot:::109,quantity_skew,0.1,0.1,none,42,-1
Tomato___Septoria_leaf_spot/fb7b3818-043c-499d-895c-6e12f1de732f___JR_Sept.L.S 8526.JPG,32,Tomato___Septoria_leaf_spot,3,train,partition::00043862,img::D:/university/do-an-tot-nghiep/train-gd-2/PlantVillage-Dataset/raw/color/Tomato___Septoria_leaf_spot/fb7b3818-043c-499d-895c-6e12f1de732f___JR_Sept.L.S 8526.JPG,quantity_skew,0.1,0.1,none,42,-1
Tomato___Septoria_leaf_spot/fbbb8eca-408d-476e-b9a0-b0162f66506c___Matt.S_CG 7728.JPG,32,Tomato___Septoria_leaf_spot,3,train,partition::00043867,Tomato___Septoria_leaf_spot:::230,quantity_skew,0.1,0.1,none,42,-1
Tomato___Septoria_leaf_spot/fcda5137-4f0a-4734-89a5-13d5bd119942___Matt.S_CG 7550.JPG,32,Tomato___Septoria_leaf_spot,3,train,partition::00043880,Tomato___Septoria_leaf_spot:::202,quantity_skew,0.1,0.1,none,42,-1
Tomato___Septoria_leaf_spot/ffbb4b17-6760-48fd-bbfa-70120a53db86___Matt.S_CG 1284.JPG,32,Tomato___Septoria_leaf_spot,3,train,partition::00043899,Tomato___Septoria_leaf_spot:::43,quantity_skew,0.1,0.1,none,42,-1
Tomato___Spider_mites Two-spotted_spider_mite/01720a27-7595-496b-bf53-dbe5c8c1e2c3___Com.G_SpM_FL 8476.JPG,33,Tomato___Spider_mites Two-spotted_spider_mite,3,train,partition::00045422,Tomato___Spider_mites Two-spotted_spider_mite:::178,quantity_skew,0.1,0.1,none,42,-1
Tomato___Spider_mites Two-spotted_spider_mite/06c29099-98e3-46ae-88f9-7160c74dafea___Com.G_SpM_FL 9427.JPG,33,Tomato___Spider_mites Two-spotted_spider_mite,3,train,partition::00044527,Tomato___Spider_mites Two-spotted_spider_mite:::362,quantity_skew,0.1,0.1,none,42,-1
Tomato___Spider_mites Two-spotted_spider_mite/1513f896-fb53-4f0f-9b11-a31a01196221___Com.G_SpM_FL 8995.JPG,33,Tomato___Spider_mites Two-spotted_spider_mite,3,train,partition::00044581,Tomato___Spider_mites Two-spotted_spider_mite:::307,quantity_skew,0.1,0.1,none,42,-1
Tomato___Spider_mites Two-spotted_spider_mite/174d0b38-319e-465d-bdaa-4e32693d0e91___Com.G_SpM_FL 1221.JPG,33,Tomato___Spider_mites Two-spotted_spider_mite,3,train,partition::00045446,Tomato___Spider_mites Two-spotted_spider_mite:::23,quantity_skew,0.1,0.1,none,42,-1
Tomato___Spider_mites Two-spotted_spider_mite/1b184d8e-69bf-4af8-bdb5-22f477d587c0___Com.G_SpM_FL 8993.JPG,33,Tomato___Spider_mites Two-spotted_spider_mite,3,train,partition::00044581,Tomato___Spider_mites Two-spotted_spider_mite:::307,quantity_skew,0.1,0.1,none,42,-1
Tomato___Spider_mites Two-spotted_spider_mite/1e09bb35-ef0d-4efb-b3eb-320a976a5e13___Com.G_SpM_FL 1529.JPG,33,Tomato___Spider_mites Two-spotted_spider_mite,3,train,partition::00045194,Tomato___Spider_mites Two-spotted_spider_mite:::99,quantity_skew,0.1,0.1,none,42,-1
Tomato___Spider_mites Two-spotted_spider_mite/221d4e4f-36f9-4dd8-8204-b2551aa1d96a___Com.G_SpM_FL 8994.JPG,33,Tomato___Spider_mites Two-spotted_spider_mite,3,train,partition::00044581,Tomato___Spider_mites Two-spotted_spider_mite:::307,quantity_skew,0.1,0.1,none,42,-1
Tomato___Spider_mites Two-spotted_spider_mite/27e28fcf-bc3e-4c0e-96c7-a0d845064dc2___Com.G_SpM_FL 8478.JPG,33,Tomato___Spider_mites Two-spotted_spider_mite,3,train,partition::00045422,Tomato___Spider_mites Two-spotted_spider_mite:::178,quantity_skew,0.1,0.1,none,42,-1
Tomato___Spider_mites Two-spotted_spider_mite/2885962a-dc26-4951-a934-34c726bc32a5___Com.G_SpM_FL 8657.JPG,33,Tomato___Spider_mites Two-spotted_spider_mite,3,train,partition::00045579,Tomato___Spider_mites Two-spotted_spider_mite:::223,quantity_skew,0.1,0.1,none,42,-1
Tomato___Spider_mites Two-spotted_spider_mite/340c0ead-05e3-4900-94c3-56bcba8293e6___Com.G_SpM_FL 9425.JPG,33,Tomato___Spider_mites Two-spotted_spider_mite,3,train,partition::00044527,Tomato___Spider_mites Two-spotted_spider_mite:::362,quantity_skew,0.1,0.1,none,42,-1
Tomato___Spider_mites Two-spotted_spider_mite/3cf4bee8-cd23-461c-b1c4-1d857b37ad76___Com.G_SpM_FL 1223.JPG,33,Tomato___Spider_mites Two-spotted_spider_mite,3,train,partition::00045446,Tomato___Spider_mites Two-spotted_spider_mite:::23,quantity_skew,0.1,0.1,none,42,-1
Tomato___Spider_mites Two-spotted_spider_mite/42aab48c-ad58-42b6-adaa-2dc72364288a___Com.G_SpM_FL 1222.JPG,33,Tomato___Spider_mites Two-spotted_spider_mite,3,train,partition::00045446,Tomato___Spider_mites Two-spotted_spider_mite:::23,quantity_skew,0.1,0.1,none,42,-1
Tomato___Spider_mites Two-spotted_spider_mite/4457d445-c255-47ae-8856-6975d6941db6___Com.G_SpM_FL 1527.JPG,33,Tomato___Spider_mites Two-spotted_spider_mite,3,train,partition::00045194,Tomato___Spider_mites Two-spotted_spider_mite:::99,quantity_skew,0.1,0.1,none,42,-1
Tomato___Spider_mites Two-spotted_spider_mite/486a0017-35ff-4326-9f2a-f33edc9fc31c___Com.G_SpM_FL 8426.JPG,33,Tomato___Spider_mites Two-spotted_spider_mite,3,train,partition::00044947,Tomato___Spider_mites Two-spotted_spider_mite:::165,quantity_skew,0.1,0.1,none,42,-1
Tomato___Spider_mites Two-spotted_spider_mite/4991eaa2-e553-4132-834d-628a9dae9a0d___Com.G_SpM_FL 1528.JPG,33,Tomato___Spider_mites Two-spotted_spider_mite,3,train,partition::00045194,Tomato___Spider_mites Two-spotted_spider_mite:::99,quantity_skew,0.1,0.1,none,42,-1
Tomato___Spider_mites Two-spotted_spider_mite/4b945a1f-7fed-4ca6-8a8c-5a08f4235fe7___Com.G_SpM_FL 9428.JPG,33,Tomato___Spider_mites Two-spotted_spider_mite,3,train,partition::00044527,Tomato___Spider_mites Two-spotted_spider_mite:::362,quantity_skew,0.1,0.1,none,42,-1
Tomato___Spider_mites Two-spotted_spider_mite/4d794f1e-199b-4689-bade-d6dca0160883___Com.G_SpM_FL 8483.JPG,33,Tomato___Spider_mites Two-spotted_spider_mite,3,train,partition::00045481,Tomato___Spider_mites Two-spotted_spider_mite:::179,quantity_skew,0.1,0.1,none,42,-1
Tomato___Spider_mites Two-spotted_spider_mite/53884dab-82f0-4f78-b28e-c0fe64805316___Com.G_SpM_FL 9630.JPG,33,Tomato___Spider_mites Two-spotted_spider_mite,3,train,partition::00045467,Tomato___Spider_mites Two-spotted_spider_mite:::412,quantity_skew,0.1,0.1,none,42,-1
Tomato___Spider_mites Two-spotted_spider_mite/5baec3fa-4a77-4bee-96b3-330696b48f8a___Com.G_SpM_FL 8658.JPG,33,Tomato___Spider_mites Two-spotted_spider_mite,3,train,partition::00045579,Tomato___Spider_mites Two-spotted_spider_mite:::223,quantity_skew,0.1,0.1,none,42,-1
Tomato___Spider_mites Two-spotted_spider_mite/5f8b820c-70d5-42b9-8844-a1b3dc4aecd1___Com.G_SpM_FL 9426.JPG,33,Tomato___Spider_mites Two-spotted_spider_mite,3,train,partition::00044527,Tomato___Spider_mites Two-spotted_spider_mite:::362,quantity_skew,0.1,0.1,none,42,-1
Tomato___Spider_mites Two-spotted_spider_mite/61563795-d070-46c1-99ad-2ed3cde171f7___Com.G_SpM_FL 9556.JPG,33,Tomato___Spider_mites Two-spotted_spider_mite,3,train,partition::00045285,Tomato___Spider_mites Two-spotted_spider_mite:::394,quantity_skew,0.1,0.1,none,42,-1
Tomato___Spider_mites Two-spotted_spider_mite/61d5d387-804b-4257-99fe-07d32a205f14___Com.G_SpM_FL 9554.JPG,33,Tomato___Spider_mites Two-spotted_spider_mite,3,train,partition::00045285,Tomato___Spider_mites Two-spotted_spider_mite:::394,quantity_skew,0.1,0.1,none,42,-1
Tomato___Spider_mites Two-spotted_spider_mite/68a2486d-c010-4a35-938a-1237ad28ad7a___Com.G_SpM_FL 8992.JPG,33,Tomato___Spider_mites Two-spotted_spider_mite,3,train,partition::00044581,Tomato___Spider_mites Two-spotted_spider_mite:::307,quantity_skew,0.1,0.1,none,42,-1
Tomato___Spider_mites Two-spotted_spider_mite/81a64bc5-d1d1-49bb-b9a7-0981f75613ce___Com.G_SpM_FL 8477.JPG,33,Tomato___Spider_mites Two-spotted_spider_mite,3,train,partition::00045422,Tomato___Spider_mites Two-spotted_spider_mite:::178,quantity_skew,0.1,0.1,none,42,-1
Tomato___Spider_mites Two-spotted_spider_mite/82b74161-fb08-43fd-b3b9-7f4f0d90a8a9___Com.G_SpM_FL 8425.JPG,33,Tomato___Spider_mites Two-spotted_spider_mite,3,train,partition::00044947,Tomato___Spider_mites Two-spotted_spider_mite:::165,quantity_skew,0.1,0.1,none,42,-1
Tomato___Spider_mites Two-spotted_spider_mite/87bfaf7d-a4ab-4303-915f-c1dc41663415___Com.G_SpM_FL 8480.JPG,33,Tomato___Spider_mites Two-spotted_spider_mite,3,train,partition::00045481,Tomato___Spider_mites Two-spotted_spider_mite:::179,quantity_skew,0.1,0.1,none,42,-1
Tomato___Spider_mites Two-spotted_spider_mite/8f4b78fa-aae1-493b-b132-6b00f03a32fe___Com.G_SpM_FL 8482.JPG,33,Tomato___Spider_mites Two-spotted_spider_mite,3,train,partition::00045481,Tomato___Spider_mites Two-spotted_spider_mite:::179,quantity_skew,0.1,0.1,none,42,-1
Tomato___Spider_mites Two-spotted_spider_mite/95ed6d10-20c2-4b45-9d3e-73b7bea122dc___Com.G_SpM_FL 8423.JPG,33,Tomato___Spider_mites Two-spotted_spider_mite,3,train,partition::00044947,Tomato___Spider_mites Two-spotted_spider_mite:::165,quantity_skew,0.1,0.1,none,42,-1
Tomato___Spider_mites Two-spotted_spider_mite/97148730-7d8d-490d-9f90-1e0afafce2a4___Com.G_SpM_FL 9631.JPG,33,Tomato___Spider_mites Two-spotted_spider_mite,3,train,partition::00045467,Tomato___Spider_mites Two-spotted_spider_mite:::412,quantity_skew,0.1,0.1,none,42,-1
Tomato___Spider_mites Two-spotted_spider_mite/a2b2e11f-9078-4fad-9629-e1f94e66611a___Com.G_SpM_FL 8424.JPG,33,Tomato___Spider_mites Two-spotted_spider_mite,3,train,partition::00044947,Tomato___Spider_mites Two-spotted_spider_mite:::165,quantity_skew,0.1,0.1,none,42,-1
Tomato___Spider_mites Two-spotted_spider_mite/bb0f729a-0e44-41fd-b696-6c4219bbdf04___Com.G_SpM_FL 9553.JPG,33,Tomato___Spider_mites Two-spotted_spider_mite,3,train,partition::00045285,Tomato___Spider_mites Two-spotted_spider_mite:::394,quantity_skew,0.1,0.1,none,42,-1
Tomato___Spider_mites Two-spotted_spider_mite/c7f52fd0-9e7e-4b53-abfe-cf6cd7a21ca2___Com.G_SpM_FL 1530.JPG,33,Tomato___Spider_mites Two-spotted_spider_mite,3,train,partition::00045194,Tomato___Spider_mites Two-spotted_spider_mite:::99,quantity_skew,0.1,0.1,none,42,-1
Tomato___Spider_mites Two-spotted_spider_mite/d56e9013-62c8-4678-95ae-6b9f7e2e16bf___Com.G_SpM_FL 9627.JPG,33,Tomato___Spider_mites Two-spotted_spider_mite,3,train,partition::00045467,Tomato___Spider_mites Two-spotted_spider_mite:::412,quantity_skew,0.1,0.1,none,42,-1
Tomato___Spider_mites Two-spotted_spider_mite/d60456fc-4596-45b6-97bf-ea1c5855297e___Com.G_SpM_FL 9555.JPG,33,Tomato___Spider_mites Two-spotted_spider_mite,3,train,partition::00045285,Tomato___Spider_mites Two-spotted_spider_mite:::394,quantity_skew,0.1,0.1,none,42,-1
Tomato___Spider_mites Two-spotted_spider_mite/decfa616-56e5-472d-b1a3-cc9681f3676c___Com.G_SpM_FL 8659.JPG,33,Tomato___Spider_mites Two-spotted_spider_mite,3,train,partition::00045579,Tomato___Spider_mites Two-spotted_spider_mite:::223,quantity_skew,0.1,0.1,none,42,-1
Tomato___Spider_mites Two-spotted_spider_mite/e8eacb74-00fe-4e44-beec-f29c4bb58c58___Com.G_SpM_FL 8479.JPG,33,Tomato___Spider_mites Two-spotted_spider_mite,3,train,partition::00045422,Tomato___Spider_mites Two-spotted_spider_mite:::178,quantity_skew,0.1,0.1,none,42,-1
Tomato___Spider_mites Two-spotted_spider_mite/ece69769-eef6-41b8-9dd3-637ca99044ef___Com.G_SpM_FL 1224.JPG,33,Tomato___Spider_mites Two-spotted_spider_mite,3,train,partition::00045446,Tomato___Spider_mites Two-spotted_spider_mite:::23,quantity_skew,0.1,0.1,none,42,-1
Tomato___Spider_mites Two-spotted_spider_mite/f0dcd911-4ac9-40c5-b430-e4522ae6e82b___Com.G_SpM_FL 9629.JPG,33,Tomato___Spider_mites Two-spotted_spider_mite,3,train,partition::00045467,Tomato___Spider_mites Two-spotted_spider_mite:::412,quantity_skew,0.1,0.1,none,42,-1
Tomato___Spider_mites Two-spotted_spider_mite/f34c4c14-fa28-4761-aeb3-7d00fa139bef___Com.G_SpM_FL 8481.JPG,33,Tomato___Spider_mites Two-spotted_spider_mite,3,train,partition::00045481,Tomato___Spider_mites Two-spotted_spider_mite:::179,quantity_skew,0.1,0.1,none,42,-1
Tomato___Spider_mites Two-spotted_spider_mite/fff8949b-3721-4f42-a489-8d39753fe7bb___Com.G_SpM_FL 8656.JPG,33,Tomato___Spider_mites Two-spotted_spider_mite,3,train,partition::00045579,Tomato___Spider_mites Two-spotted_spider_mite:::223,quantity_skew,0.1,0.1,none,42,-1
Tomato___Target_Spot/0118ed61-b135-45be-ad81-7e2d54203be4___Com.G_TgS_FL 8241.JPG,34,Tomato___Target_Spot,3,train,partition::00045586,img::D:/university/do-an-tot-nghiep/train-gd-2/PlantVillage-Dataset/raw/color/Tomato___Target_Spot/0118ed61-b135-45be-ad81-7e2d54203be4___Com.G_TgS_FL 8241.JPG,quantity_skew,0.1,0.1,none,42,-1
Tomato___Target_Spot/021dbc57-a5cc-4fc9-a3cf-e64b92df20bc___Com.G_TgS_FL 9916.JPG,34,Tomato___Target_Spot,3,train,partition::00045591,img::D:/university/do-an-tot-nghiep/train-gd-2/PlantVillage-Dataset/raw/color/Tomato___Target_Spot/021dbc57-a5cc-4fc9-a3cf-e64b92df20bc___Com.G_TgS_FL 9916.JPG,quantity_skew,0.1,0.1,none,42,-1
Tomato___Target_Spot/0c91af09-0ad7-46a1-844b-edfd6af34df2___Com.G_TgS_FL 9776.JPG,34,Tomato___Target_Spot,3,train,partition::00045640,img::D:/university/do-an-tot-nghiep/train-gd-2/PlantVillage-Dataset/raw/color/Tomato___Target_Spot/0c91af09-0ad7-46a1-844b-edfd6af34df2___Com.G_TgS_FL 9776.JPG,quantity_skew,0.1,0.1,none,42,-1
Tomato___Target_Spot/10d8b093-8309-4a2c-b801-4be4809aad2e___Com.G_TgS_FL 1034.JPG,34,Tomato___Target_Spot,3,train,partition::00045668,img::D:/university/do-an-tot-nghiep/train-gd-2/PlantVillage-Dataset/raw/color/Tomato___Target_Spot/10d8b093-8309-4a2c-b801-4be4809aad2e___Com.G_TgS_FL 1034.JPG,quantity_skew,0.1,0.1,none,42,-1
Tomato___Target_Spot/17975abb-ad00-4e50-bf84-7e5d5dd07880___Com.G_TgS_FL 0769.JPG,34,Tomato___Target_Spot,3,train,partition::00045707,img::D:/university/do-an-tot-nghiep/train-gd-2/PlantVillage-Dataset/raw/color/Tomato___Target_Spot/17975abb-ad00-4e50-bf84-7e5d5dd07880___Com.G_TgS_FL 0769.JPG,quantity_skew,0.1,0.1,none,42,-1
Tomato___Target_Spot/2696085e-81f7-41d9-a9a3-1780938f0e87___Com.G_TgS_FL 0994.JPG,34,Tomato___Target_Spot,3,train,partition::00045782,img::D:/university/do-an-tot-nghiep/train-gd-2/PlantVillage-Dataset/raw/color/Tomato___Target_Spot/2696085e-81f7-41d9-a9a3-1780938f0e87___Com.G_TgS_FL 0994.JPG,quantity_skew,0.1,0.1,none,42,-1
Tomato___Target_Spot/359abcae-1893-4382-9d85-994affce4d66___Com.G_TgS_FL 8231.JPG,34,Tomato___Target_Spot,3,train,partition::00045850,img::D:/university/do-an-tot-nghiep/train-gd-2/PlantVillage-Dataset/raw/color/Tomato___Target_Spot/359abcae-1893-4382-9d85-994affce4d66___Com.G_TgS_FL 8231.JPG,quantity_skew,0.1,0.1,none,42,-1
Tomato___Target_Spot/4e0ced8b-16a8-45e9-8c2f-b39000230d90___Com.G_TgS_FL 0902.JPG,34,Tomato___Target_Spot,3,train,partition::00045973,img::D:/university/do-an-tot-nghiep/train-gd-2/PlantVillage-Dataset/raw/color/Tomato___Target_Spot/4e0ced8b-16a8-45e9-8c2f-b39000230d90___Com.G_TgS_FL 0902.JPG,quantity_skew,0.1,0.1,none,42,-1
Tomato___Target_Spot/557f4be7-2557-447e-9235-b41b15f93eca___Com.G_TgS_FL 8267.JPG,34,Tomato___Target_Spot,3,train,partition::00046007,img::D:/university/do-an-tot-nghiep/train-gd-2/PlantVillage-Dataset/raw/color/Tomato___Target_Spot/557f4be7-2557-447e-9235-b41b15f93eca___Com.G_TgS_FL 8267.JPG,quantity_skew,0.1,0.1,none,42,-1
Tomato___Target_Spot/586a0ee5-3dec-49b2-b1d0-0eb71b166f9e___Com.G_TgS_FL 0681.JPG,34,Tomato___Target_Spot,3,train,partition::00046021,img::D:/university/do-an-tot-nghiep/train-gd-2/PlantVillage-Dataset/raw/color/Tomato___Target_Spot/586a0ee5-3dec-49b2-b1d0-0eb71b166f9e___Com.G_TgS_FL 0681.JPG,quantity_skew,0.1,0.1,none,42,-1
Tomato___Target_Spot/65fc846a-ffd1-49ca-9f1e-1050ac94c196___Com.G_TgS_FL 8093.JPG,34,Tomato___Target_Spot,3,train,partition::00046095,img::D:/university/do-an-tot-nghiep/train-gd-2/PlantVillage-Dataset/raw/color/Tomato___Target_Spot/65fc846a-ffd1-49ca-9f1e-1050ac94c196___Com.G_TgS_FL 8093.JPG,quantity_skew,0.1,0.1,none,42,-1
Tomato___Target_Spot/6693c3e5-2445-4c53-80a1-b3a048b9ba7a___Com.G_TgS_FL 0955.JPG,34,Tomato___Target_Spot,3,train,partition::00046097,img::D:/university/do-an-tot-nghiep/train-gd-2/PlantVillage-Dataset/raw/color/Tomato___Target_Spot/6693c3e5-2445-4c53-80a1-b3a048b9ba7a___Com.G_TgS_FL 0955.JPG,quantity_skew,0.1,0.1,none,42,-1
Tomato___Target_Spot/69d0f54b-059c-4a3a-97a9-43089e661cb0___Com.G_TgS_FL 9835.JPG,34,Tomato___Target_Spot,3,train,partition::00046118,img::D:/university/do-an-tot-nghiep/train-gd-2/PlantVillage-Dataset/raw/color/Tomato___Target_Spot/69d0f54b-059c-4a3a-97a9-43089e661cb0___Com.G_TgS_FL 9835.JPG,quantity_skew,0.1,0.1,none,42,-1
Tomato___Target_Spot/6d8f062f-f709-4e70-bf98-1d6a9bad6671___Com.G_TgS_FL 9809.JPG,34,Tomato___Target_Spot,3,train,partition::00046135,img::D:/university/do-an-tot-nghiep/train-gd-2/PlantVillage-Dataset/raw/color/Tomato___Target_Spot/6d8f062f-f709-4e70-bf98-1d6a9bad6671___Com.G_TgS_FL 9809.JPG,quantity_skew,0.1,0.1,none,42,-1
Tomato___Target_Spot/738c4266-37fa-4119-a454-7175d253da44___Com.G_TgS_FL 0962.JPG,34,Tomato___Target_Spot,3,train,partition::00046178,img::D:/university/do-an-tot-nghiep/train-gd-2/PlantVillage-Dataset/raw/color/Tomato___Target_Spot/738c4266-37fa-4119-a454-7175d253da44___Com.G_TgS_FL 0962.JPG,quantity_skew,0.1,0.1,none,42,-1
Tomato___Target_Spot/74291371-261f-4908-b791-79af20fae776___Com.G_TgS_FL 8212.JPG,34,Tomato___Target_Spot,3,train,partition::00046186,img::D:/university/do-an-tot-nghiep/train-gd-2/PlantVillage-Dataset/raw/color/Tomato___Target_Spot/74291371-261f-4908-b791-79af20fae776___Com.G_TgS_FL 8212.JPG,quantity_skew,0.1,0.1,none,42,-1
Tomato___Target_Spot/7a154040-f4a1-4821-989c-d1904eaccf4d___Com.G_TgS_FL 8109.JPG,34,Tomato___Target_Spot,3,train,partition::00046210,img::D:/university/do-an-tot-nghiep/train-gd-2/PlantVillage-Dataset/raw/color/Tomato___Target_Spot/7a154040-f4a1-4821-989c-d1904eaccf4d___Com.G_TgS_FL 8109.JPG,quantity_skew,0.1,0.1,none,42,-1
Tomato___Target_Spot/812b8afb-6513-4eb3-aa8e-76270cd261df___Com.G_TgS_FL 0880.JPG,34,Tomato___Target_Spot,3,train,partition::00046253,img::D:/university/do-an-tot-nghiep/train-gd-2/PlantVillage-Dataset/raw/color/Tomato___Target_Spot/812b8afb-6513-4eb3-aa8e-76270cd261df___Com.G_TgS_FL 0880.JPG,quantity_skew,0.1,0.1,none,42,-1
Tomato___Target_Spot/83fc02cd-8d12-4c82-92fa-ec58feb5a17f___Com.G_TgS_FL 1004.JPG,34,Tomato___Target_Spot,3,train,partition::00046273,img::D:/university/do-an-tot-nghiep/train-gd-2/PlantVillage-Dataset/raw/color/Tomato___Target_Spot/83fc02cd-8d12-4c82-92fa-ec58feb5a17f___Com.G_TgS_FL 1004.JPG,quantity_skew,0.1,0.1,none,42,-1
Tomato___Target_Spot/8ce8a9a0-3f3a-4a42-b5b0-1b2221af3d2a___Com.G_TgS_FL 9811.JPG,34,Tomato___Target_Spot,3,train,partition::00046328,img::D:/university/do-an-tot-nghiep/train-gd-2/PlantVillage-Dataset/raw/color/Tomato___Target_Spot/8ce8a9a0-3f3a-4a42-b5b0-1b2221af3d2a___Com.G_TgS_FL 9811.JPG,quantity_skew,0.1,0.1,none,42,-1
Tomato___Target_Spot/9b765f2f-189e-4c9f-9c15-905f9185b3cf___Com.G_TgS_FL 8092.JPG,34,Tomato___Target_Spot,3,train,partition::00046414,img::D:/university/do-an-tot-nghiep/train-gd-2/PlantVillage-Dataset/raw/color/Tomato___Target_Spot/9b765f2f-189e-4c9f-9c15-905f9185b3cf___Com.G_TgS_FL 8092.JPG,quantity_skew,0.1,0.1,none,42,-1
Tomato___Target_Spot/9d6a295a-f083-49df-875d-d1a6d49f352f___Com.G_TgS_FL 9837.JPG,34,Tomato___Target_Spot,3,train,partition::00046426,img::D:/university/do-an-tot-nghiep/train-gd-2/PlantVillage-Dataset/raw/color/Tomato___Target_Spot/9d6a295a-f083-49df-875d-d1a6d49f352f___Com.G_TgS_FL 9837.JPG,quantity_skew,0.1,0.1,none,42,-1
Tomato___Target_Spot/ad49cc13-6cea-41cf-a3c1-2a5c55db56dd___Com.G_TgS_FL 9893.JPG,34,Tomato___Target_Spot,3,train,partition::00046504,img::D:/university/do-an-tot-nghiep/train-gd-2/PlantVillage-Dataset/raw/color/Tomato___Target_Spot/ad49cc13-6cea-41cf-a3c1-2a5c55db56dd___Com.G_TgS_FL 9893.JPG,quantity_skew,0.1,0.1,none,42,-1
Tomato___Target_Spot/b5a65c31-c375-4c50-b18d-7e2691c5bfa3___Com.G_TgS_FL 9959.JPG,34,Tomato___Target_Spot,3,train,partition::00046546,img::D:/university/do-an-tot-nghiep/train-gd-2/PlantVillage-Dataset/raw/color/Tomato___Target_Spot/b5a65c31-c375-4c50-b18d-7e2691c5bfa3___Com.G_TgS_FL 9959.JPG,quantity_skew,0.1,0.1,none,42,-1
Tomato___Target_Spot/bf3f10ee-b48d-4a5c-ab65-75fd99cd0bdf___Com.G_TgS_FL 8146.JPG,34,Tomato___Target_Spot,3,train,partition::00046592,img::D:/university/do-an-tot-nghiep/train-gd-2/PlantVillage-Dataset/raw/color/Tomato___Target_Spot/bf3f10ee-b48d-4a5c-ab65-75fd99cd0bdf___Com.G_TgS_FL 8146.JPG,quantity_skew,0.1,0.1,none,42,-1
Tomato___Target_Spot/c40646bd-ba9b-4f8b-a922-2694ee148482___Com.G_TgS_FL 8233.JPG,34,Tomato___Target_Spot,3,train,partition::00046616,img::D:/university/do-an-tot-nghiep/train-gd-2/PlantVillage-Dataset/raw/color/Tomato___Target_Spot/c40646bd-ba9b-4f8b-a922-2694ee148482___Com.G_TgS_FL 8233.JPG,quantity_skew,0.1,0.1,none,42,-1
Tomato___Target_Spot/c6fc37bf-8462-49c9-ac5c-a5f078e34ea4___Com.G_TgS_FL 7958.JPG,34,Tomato___Target_Spot,3,train,partition::00046641,img::D:/university/do-an-tot-nghiep/train-gd-2/PlantVillage-Dataset/raw/color/Tomato___Target_Spot/c6fc37bf-8462-49c9-ac5c-a5f078e34ea4___Com.G_TgS_FL 7958.JPG,quantity_skew,0.1,0.1,none,42,-1
Tomato___Target_Spot/ca7de317-7f03-4223-a880-b4e37f5be25a___Com.G_TgS_FL 8203.JPG,34,Tomato___Target_Spot,3,train,partition::00046663,img::D:/university/do-an-tot-nghiep/train-gd-2/PlantVillage-Dataset/raw/color/Tomato___Target_Spot/ca7de317-7f03-4223-a880-b4e37f5be25a___Com.G_TgS_FL 8203.JPG,quantity_skew,0.1,0.1,none,42,-1
Tomato___Target_Spot/d7568e5a-2ce8-4851-85db-bcf229d1ab5f___Com.G_TgS_FL 9961.JPG,34,Tomato___Target_Spot,3,train,partition::00046733,img::D:/university/do-an-tot-nghiep/train-gd-2/PlantVillage-Dataset/raw/color/Tomato___Target_Spot/d7568e5a-2ce8-4851-85db-bcf229d1ab5f___Com.G_TgS_FL 9961.JPG,quantity_skew,0.1,0.1,none,42,-1
Tomato___Target_Spot/dd0cd0ec-6277-44a7-a7b4-3e8ab5ea864c___Com.G_TgS_FL 8304.JPG,34,Tomato___Target_Spot,3,train,partition::00046775,img::D:/university/do-an-tot-nghiep/train-gd-2/PlantVillage-Dataset/raw/color/Tomato___Target_Spot/dd0cd0ec-6277-44a7-a7b4-3e8ab5ea864c___Com.G_TgS_FL 8304.JPG,quantity_skew,0.1,0.1,none,42,-1
Tomato___Target_Spot/e0305b9d-488b-4fe0-8472-8bbd9dfe6bc4___Com.G_TgS_FL 7895.JPG,34,Tomato___Target_Spot,3,train,partition::00046790,img::D:/university/do-an-tot-nghiep/train-gd-2/PlantVillage-Dataset/raw/color/Tomato___Target_Spot/e0305b9d-488b-4fe0-8472-8bbd9dfe6bc4___Com.G_TgS_FL 7895.JPG,quantity_skew,0.1,0.1,none,42,-1
Tomato___Target_Spot/e0c87a77-8444-4ef8-bb83-5232c0deea03___Com.G_TgS_FL 8202.JPG,34,Tomato___Target_Spot,3,train,partition::00046794,img::D:/university/do-an-tot-nghiep/train-gd-2/PlantVillage-Dataset/raw/color/Tomato___Target_Spot/e0c87a77-8444-4ef8-bb83-5232c0deea03___Com.G_TgS_FL 8202.JPG,quantity_skew,0.1,0.1,none,42,-1
Tomato___Target_Spot/e661d207-6a91-4e16-8613-c5d62ecde7d7___Com.G_TgS_FL 8041.JPG,34,Tomato___Target_Spot,3,train,partition::00046823,img::D:/university/do-an-tot-nghiep/train-gd-2/PlantVillage-Dataset/raw/color/Tomato___Target_Spot/e661d207-6a91-4e16-8613-c5d62ecde7d7___Com.G_TgS_FL 8041.JPG,quantity_skew,0.1,0.1,none,42,-1
Tomato___Target_Spot/fd5fba19-588d-4053-beef-c77be7b3db95___Com.G_TgS_FL 8044.JPG,34,Tomato___Target_Spot,3,train,partition::00046974,img::D:/university/do-an-tot-nghiep/train-gd-2/PlantVillage-Dataset/raw/color/Tomato___Target_Spot/fd5fba19-588d-4053-beef-c77be7b3db95___Com.G_TgS_FL 8044.JPG,quantity_skew,0.1,0.1,none,42,-1
Tomato___Tomato_Yellow_Leaf_Curl_Virus/015f38c2-b5c3-47da-8130-87c810f2516c___YLCV_GCREC 2372.JPG,35,Tomato___Tomato_Yellow_Leaf_Curl_Virus,3,train,partition::00049782,Tomato___Tomato_Yellow_Leaf_Curl_Virus:::119,quantity_skew,0.1,0.1,none,42,-1
Tomato___Tomato_Yellow_Leaf_Curl_Virus/044ac80b-046b-4571-a43b-7d179f1610bc___UF.GRC_YLCV_Lab 01310.JPG,35,Tomato___Tomato_Yellow_Leaf_Curl_Virus,3,train,partition::00047061,img::D:/university/do-an-tot-nghiep/train-gd-2/PlantVillage-Dataset/raw/color/Tomato___Tomato_Yellow_Leaf_Curl_Virus/044ac80b-046b-4571-a43b-7d179f1610bc___UF.GRC_YLCV_Lab 01310.JPG,quantity_skew,0.1,0.1,none,42,-1
Tomato___Tomato_Yellow_Leaf_Curl_Virus/0500c04e-5514-4ce1-a9e9-e4069d2b57e2___YLCV_GCREC 2630.JPG,35,Tomato___Tomato_Yellow_Leaf_Curl_Virus,3,train,partition::00051398,Tomato___Tomato_Yellow_Leaf_Curl_Virus:::184,quantity_skew,0.1,0.1,none,42,-1
Tomato___Tomato_Yellow_Leaf_Curl_Virus/057bc3cc-7742-4aea-a79c-e1f3d5b7e7ee___UF.GRC_YLCV_Lab 02000.JPG,35,Tomato___Tomato_Yellow_Leaf_Curl_Virus,3,train,partition::00047083,img::D:/university/do-an-tot-nghiep/train-gd-2/PlantVillage-Dataset/raw/color/Tomato___Tomato_Yellow_Leaf_Curl_Virus/057bc3cc-7742-4aea-a79c-e1f3d5b7e7ee___UF.GRC_YLCV_Lab 02000.JPG,quantity_skew,0.1,0.1,none,42,-1
Tomato___Tomato_Yellow_Leaf_Curl_Virus/08222fef-0e15-4e09-b0d7-931fda2af1b5___UF.GRC_YLCV_Lab 02691.JPG,35,Tomato___Tomato_Yellow_Leaf_Curl_Virus,3,train,partition::00047141,img::D:/university/do-an-tot-nghiep/train-gd-2/PlantVillage-Dataset/raw/color/Tomato___Tomato_Yellow_Leaf_Curl_Virus/08222fef-0e15-4e09-b0d7-931fda2af1b5___UF.GRC_YLCV_Lab 02691.JPG,quantity_skew,0.1,0.1,none,42,-1
Tomato___Tomato_Yellow_Leaf_Curl_Virus/0b33ec9a-3f2e-4fee-b663-472c143e3951___YLCV_GCREC 2631.JPG,35,Tomato___Tomato_Yellow_Leaf_Curl_Virus,3,train,partition::00051398,Tomato___Tomato_Yellow_Leaf_Curl_Virus:::184,quantity_skew,0.1,0.1,none,42,-1
Tomato___Tomato_Yellow_Leaf_Curl_Virus/0ce66ec5-0bb7-4fde-9c61-750a1a150f75___UF.GRC_YLCV_Lab 02219.JPG,35,Tomato___Tomato_Yellow_Leaf_Curl_Virus,3,train,partition::00047256,img::D:/university/do-an-tot-nghiep/train-gd-2/PlantVillage-Dataset/raw/color/Tomato___Tomato_Yellow_Leaf_Curl_Virus/0ce66ec5-0bb7-4fde-9c61-750a1a150f75___UF.GRC_YLCV_Lab 02219.JPG,quantity_skew,0.1,0.1,none,42,-1
Tomato___Tomato_Yellow_Leaf_Curl_Virus/0d07c65d-0a4f-4a0b-8e5a-ade16407928a___UF.GRC_YLCV_Lab 02450.JPG,35,Tomato___Tomato_Yellow_Leaf_Curl_Virus,3,train,partition::00047257,img::D:/university/do-an-tot-nghiep/train-gd-2/PlantVillage-Dataset/raw/color/Tomato___Tomato_Yellow_Leaf_Curl_Virus/0d07c65d-0a4f-4a0b-8e5a-ade16407928a___UF.GRC_YLCV_Lab 02450.JPG,quantity_skew,0.1,0.1,none,42,-1
Tomato___Tomato_Yellow_Leaf_Curl_Virus/0fb17853-7286-4d25-84a2-9c991db63ae5___UF.GRC_YLCV_Lab 02745.JPG,35,Tomato___Tomato_Yellow_Leaf_Curl_Virus,3,train,partition::00047308,img::D:/university/do-an-tot-nghiep/train-gd-2/PlantVillage-Dataset/raw/color/Tomato___Tomato_Yellow_Leaf_Curl_Virus/0fb17853-7286-4d25-84a2-9c991db63ae5___UF.GRC_YLCV_Lab 02745.JPG,quantity_skew,0.1,0.1,none,42,-1
Tomato___Tomato_Yellow_Leaf_Curl_Virus/1046b5f1-84fb-4c0f-8c7f-6c3584fa2023___YLCV_NREC 2008.JPG,35,Tomato___Tomato_Yellow_Leaf_Curl_Virus,3,train,partition::00050880,Tomato___Tomato_Yellow_Leaf_Curl_Virus:::440,quantity_skew,0.1,0.1,none,42,-1
Tomato___Tomato_Yellow_Leaf_Curl_Virus/15fedefd-8147-4e84-9706-0d4cc084d1ef___UF.GRC_YLCV_Lab 02253.JPG,35,Tomato___Tomato_Yellow_Leaf_Curl_Virus,3,train,partition::00047448,img::D:/university/do-an-tot-nghiep/train-gd-2/PlantVillage-Dataset/raw/color/Tomato___Tomato_Yellow_Leaf_Curl_Virus/15fedefd-8147-4e84-9706-0d4cc084d1ef___UF.GRC_YLCV_Lab 02253.JPG,quantity_skew,0.1,0.1,none,42,-1
Tomato___Tomato_Yellow_Leaf_Curl_Virus/1b951a13-a6af-48f7-8d4c-fbdf2d4d0c7c___UF.GRC_YLCV_Lab 02208.JPG,35,Tomato___Tomato_Yellow_Leaf_Curl_Virus,3,train,partition::00047571,img::D:/university/do-an-tot-nghiep/train-gd-2/PlantVillage-Dataset/raw/color/Tomato___Tomato_Yellow_Leaf_Curl_Virus/1b951a13-a6af-48f7-8d4c-fbdf2d4d0c7c___UF.GRC_YLCV_Lab 02208.JPG,quantity_skew,0.1,0.1,none,42,-1
Tomato___Tomato_Yellow_Leaf_Curl_Virus/1d1f8ce2-c216-45b0-910d-07382bd1d27a___UF.GRC_YLCV_Lab 01353.JPG,35,Tomato___Tomato_Yellow_Leaf_Curl_Virus,3,train,partition::00047608,img::D:/university/do-an-tot-nghiep/train-gd-2/PlantVillage-Dataset/raw/color/Tomato___Tomato_Yellow_Leaf_Curl_Virus/1d1f8ce2-c216-45b0-910d-07382bd1d27a___UF.GRC_YLCV_Lab 01353.JPG,quantity_skew,0.1,0.1,none,42,-1
Tomato___Tomato_Yellow_Leaf_Curl_Virus/1d389f4a-ac40-4233-8b73-5bbf4428fda2___UF.GRC_YLCV_Lab 01279.JPG,35,Tomato___Tomato_Yellow_Leaf_Curl_Virus,3,train,partition::00047614,img::D:/university/do-an-tot-nghiep/train-gd-2/PlantVillage-Dataset/raw/color/Tomato___Tomato_Yellow_Leaf_Curl_Virus/1d389f4a-ac40-4233-8b73-5bbf4428fda2___UF.GRC_YLCV_Lab 01279.JPG,quantity_skew,0.1,0.1,none,42,-1
Tomato___Tomato_Yellow_Leaf_Curl_Virus/1d7ce115-b719-4236-948f-5640817b43c3___UF.GRC_YLCV_Lab 02829.JPG,35,Tomato___Tomato_Yellow_Leaf_Curl_Virus,3,train,partition::00047619,img::D:/university/do-an-tot-nghiep/train-gd-2/PlantVillage-Dataset/raw/color/Tomato___Tomato_Yellow_Leaf_Curl_Virus/1d7ce115-b719-4236-948f-5640817b43c3___UF.GRC_YLCV_Lab 02829.JPG,quantity_skew,0.1,0.1,none,42,-1
Tomato___Tomato_Yellow_Leaf_Curl_Virus/22189ee2-ca56-4e88-901f-7ab7d1c465bb___YLCV_GCREC 5415.JPG,35,Tomato___Tomato_Yellow_Leaf_Curl_Virus,3,train,partition::00050653,Tomato___Tomato_Yellow_Leaf_Curl_Virus:::337,quantity_skew,0.1,0.1,none,42,-1
Tomato___Tomato_Yellow_Leaf_Curl_Virus/236e4e95-a170-4b9e-b599-2d201dea485d___YLCV_GCREC 2739.JPG,35,Tomato___Tomato_Yellow_Leaf_Curl_Virus,3,train,partition::00052083,Tomato___Tomato_Yellow_Leaf_Curl_Virus:::211,quantity_skew,0.1,0.1,none,42,-1
Tomato___Tomato_Yellow_Leaf_Curl_Virus/2669130b-d44c-4ed6-bd47-2e0deb8e5b34___UF.GRC_YLCV_Lab 03299.JPG,35,Tomato___Tomato_Yellow_Leaf_Curl_Virus,3,train,partition::00047807,img::D:/university/do-an-tot-nghiep/train-gd-2/PlantVillage-Dataset/raw/color/Tomato___Tomato_Yellow_Leaf_Curl_Virus/2669130b-d44c-4ed6-bd47-2e0deb8e5b34___UF.GRC_YLCV_Lab 03299.JPG,quantity_skew,0.1,0.1,none,42,-1
Tomato___Tomato_Yellow_Leaf_Curl_Virus/28899d66-3369-4096-8a03-78f1cba5d611___YLCV_GCREC 2627.JPG,35,Tomato___Tomato_Yellow_Leaf_Curl_Virus,3,train,partition::00049673,Tomato___Tomato_Yellow_Leaf_Curl_Virus:::183,quantity_skew,0.1,0.1,none,42,-1
Tomato___Tomato_Yellow_Leaf_Curl_Virus/28c54a50-7744-4549-8eae-64a435aa1775___YLCV_NREC 2892.JPG,35,Tomato___Tomato_Yellow_Leaf_Curl_Virus,3,train,partition::00051587,Tomato___Tomato_Yellow_Leaf_Curl_Virus:::660,quantity_skew,0.1,0.1,none,42,-1
Tomato___Tomato_Yellow_Leaf_Curl_Virus/2f2c0384-0669-4294-bba1-553040bb0554___UF.GRC_YLCV_Lab 01826.JPG,35,Tomato___Tomato_Yellow_Leaf_Curl_Virus,3,train,partition::00047982,img::D:/university/do-an-tot-nghiep/train-gd-2/PlantVillage-Dataset/raw/color/Tomato___Tomato_Yellow_Leaf_Curl_Virus/2f2c0384-0669-4294-bba1-553040bb0554___UF.GRC_YLCV_Lab 01826.JPG,quantity_skew,0.1,0.1,none,42,-1
Tomato___Tomato_Yellow_Leaf_Curl_Virus/3115327e-438d-4a81-8b42-28278f6c104e___YLCV_GCREC 2534.JPG,35,Tomato___Tomato_Yellow_Leaf_Curl_Virus,3,train,partition::00051669,Tomato___Tomato_Yellow_Leaf_Curl_Virus:::160,quantity_skew,0.1,0.1,none,42,-1
Tomato___Tomato_Yellow_Leaf_Curl_Virus/334a4ad5-c15c-4e82-8d3c-900514897068___UF.GRC_YLCV_Lab 02045.JPG,35,Tomato___Tomato_Yellow_Leaf_Curl_Virus,3,train,partition::00048070,img::D:/university/do-an-tot-nghiep/train-gd-2/PlantVillage-Dataset/raw/color/Tomato___Tomato_Yellow_Leaf_Curl_Virus/334a4ad5-c15c-4e82-8d3c-900514897068___UF.GRC_YLCV_Lab 02045.JPG,quantity_skew,0.1,0.1,none,42,-1
Tomato___Tomato_Yellow_Leaf_Curl_Virus/373bf7cd-8cf2-46dd-accb-71bd92a75e25___YLCV_GCREC 2628.JPG,35,Tomato___Tomato_Yellow_Leaf_Curl_Virus,3,train,partition::00049673,Tomato___Tomato_Yellow_Leaf_Curl_Virus:::183,quantity_skew,0.1,0.1,none,42,-1
Tomato___Tomato_Yellow_Leaf_Curl_Virus/391fc912-874a-4ccd-a397-e64333fba679___UF.GRC_YLCV_Lab 01509.JPG,35,Tomato___Tomato_Yellow_Leaf_Curl_Virus,3,train,partition::00048199,img::D:/university/do-an-tot-nghiep/train-gd-2/PlantVillage-Dataset/raw/color/Tomato___Tomato_Yellow_Leaf_Curl_Virus/391fc912-874a-4ccd-a397-e64333fba679___UF.GRC_YLCV_Lab 01509.JPG,quantity_skew,0.1,0.1,none,42,-1
Tomato___Tomato_Yellow_Leaf_Curl_Virus/39e48a24-3108-482a-89b8-447645e2f5db___YLCV_NREC 2515.JPG,35,Tomato___Tomato_Yellow_Leaf_Curl_Virus,3,train,partition::00051529,Tomato___Tomato_Yellow_Leaf_Curl_Virus:::566,quantity_skew,0.1,0.1,none,42,-1
Tomato___Tomato_Yellow_Leaf_Curl_Virus/3b27410a-09a4-4d3f-b33b-a867a5a5a9a6___UF.GRC_YLCV_Lab 09589.JPG,35,Tomato___Tomato_Yellow_Leaf_Curl_Virus,3,train,partition::00048242,img::D:/university/do-an-tot-nghiep/train-gd-2/PlantVillage-Dataset/raw/color/Tomato___Tomato_Yellow_Leaf_Curl_Virus/3b27410a-09a4-4d3f-b33b-a867a5a5a9a6___UF.GRC_YLCV_Lab 09589.JPG,quantity_skew,0.1,0.1,none,42,-1
Tomato___Tomato_Yellow_Leaf_Curl_Virus/3b3f1360-aaed-4f80-ac09-ea13401e1930___YLCV_NREC 0065.JPG,35,Tomato___Tomato_Yellow_Leaf_Curl_Virus,3,train,partition::00051758,Tomato___Tomato_Yellow_Leaf_Curl_Virus:::372,quantity_skew,0.1,0.1,none,42,-1
Tomato___Tomato_Yellow_Leaf_Curl_Virus/3c934127-d85d-4eef-8449-ee7ee1a8a484___UF.GRC_YLCV_Lab 01448.JPG,35,Tomato___Tomato_Yellow_Leaf_Curl_Virus,3,train,partition::00048273,img::D:/university/do-an-tot-nghiep/train-gd-2/PlantVillage-Dataset/raw/color/Tomato___Tomato_Yellow_Leaf_Curl_Virus/3c934127-d85d-4eef-8449-ee7ee1a8a484___UF.GRC_YLCV_Lab 01448.JPG,quantity_skew,0.1,0.1,none,42,-1
Tomato___Tomato_Yellow_Leaf_Curl_Virus/3ed4c2c7-1016-4a58-a6ba-b25fa67852df___UF.GRC_YLCV_Lab 02001.JPG,35,Tomato___Tomato_Yellow_Leaf_Curl_Virus,3,train,partition::00048311,img::D:/university/do-an-tot-nghiep/train-gd-2/PlantVillage-Dataset/raw/color/Tomato___Tomato_Yellow_Leaf_Curl_Virus/3ed4c2c7-1016-4a58-a6ba-b25fa67852df___UF.GRC_YLCV_Lab 02001.JPG,quantity_skew,0.1,0.1,none,42,-1
Tomato___Tomato_Yellow_Leaf_Curl_Virus/40e7fe81-36f4-4810-ac4b-5d0da240880f___UF.GRC_YLCV_Lab 02864.JPG,35,Tomato___Tomato_Yellow_Leaf_Curl_Virus,3,train,partition::00048362,img::D:/university/do-an-tot-nghiep/train-gd-2/PlantVillage-Dataset/raw/color/Tomato___Tomato_Yellow_Leaf_Curl_Virus/40e7fe81-36f4-4810-ac4b-5d0da240880f___UF.GRC_YLCV_Lab 02864.JPG,quantity_skew,0.1,0.1,none,42,-1
Tomato___Tomato_Yellow_Leaf_Curl_Virus/41a298af-bb2d-4870-8a7e-a02f26d46187___UF.GRC_YLCV_Lab 08454.JPG,35,Tomato___Tomato_Yellow_Leaf_Curl_Virus,3,train,partition::00048374,img::D:/university/do-an-tot-nghiep/train-gd-2/PlantVillage-Dataset/raw/color/Tomato___Tomato_Yellow_Leaf_Curl_Virus/41a298af-bb2d-4870-8a7e-a02f26d46187___UF.GRC_YLCV_Lab 08454.JPG,quantity_skew,0.1,0.1,none,42,-1
Tomato___Tomato_Yellow_Leaf_Curl_Virus/446f49fa-206d-411d-af21-5e2d710165a5___UF.GRC_YLCV_Lab 09372.JPG,35,Tomato___Tomato_Yellow_Leaf_Curl_Virus,3,train,partition::00048435,img::D:/university/do-an-tot-nghiep/train-gd-2/PlantVillage-Dataset/raw/color/Tomato___Tomato_Yellow_Leaf_Curl_Virus/446f49fa-206d-411d-af21-5e2d710165a5___UF.GRC_YLCV_Lab 09372.JPG,quantity_skew,0.1,0.1,none,42,-1
Tomato___Tomato_Yellow_Leaf_Curl_Virus/46e0fdc5-1bfb-4638-9442-3a83d1f16f50___YLCV_GCREC 5267.JPG,35,Tomato___Tomato_Yellow_Leaf_Curl_Virus,3,train,partition::00051762,Tomato___Tomato_Yellow_Leaf_Curl_Virus:::301,quantity_skew,0.1,0.1,none,42,-1
Tomato___Tomato_Yellow_Leaf_Curl_Virus/480ea35e-ed0a-4906-977c-2cdfd62007bd___UF.GRC_YLCV_Lab 02359.JPG,35,Tomato___Tomato_Yellow_Leaf_Curl_Virus,3,train,partition::00048515,img::D:/university/do-an-tot-nghiep/train-gd-2/PlantVillage-Dataset/raw/color/Tomato___Tomato_Yellow_Leaf_Curl_Virus/480ea35e-ed0a-4906-977c-2cdfd62007bd___UF.GRC_YLCV_Lab 02359.JPG,quantity_skew,0.1,0.1,none,42,-1
Tomato___Tomato_Yellow_Leaf_Curl_Virus/4969b537-458d-482d-b83c-a0945f137dc4___YLCV_GCREC 5351.JPG,35,Tomato___Tomato_Yellow_Leaf_Curl_Virus,3,train,partition::00051943,Tomato___Tomato_Yellow_Leaf_Curl_Virus:::321,quantity_skew,0.1,0.1,none,42,-1
Tomato___Tomato_Yellow_Leaf_Curl_Virus/49e69c3a-1392-4754-b149-79c0f008fe40___UF.GRC_YLCV_Lab 02592.JPG,35,Tomato___Tomato_Yellow_Leaf_Curl_Virus,3,train,partition::00048548,img::D:/university/do-an-tot-nghiep/train-gd-2/PlantVillage-Dataset/raw/color/Tomato___Tomato_Yellow_Leaf_Curl_Virus/49e69c3a-1392-4754-b149-79c0f008fe40___UF.GRC_YLCV_Lab 02592.JPG,quantity_skew,0.1,0.1,none,42,-1
Tomato___Tomato_Yellow_Leaf_Curl_Virus/4a5b0a30-27ff-400d-ad0c-0ee1e68df21b___UF.GRC_YLCV_Lab 02840.JPG,35,Tomato___Tomato_Yellow_Leaf_Curl_Virus,3,train,partition::00048558,img::D:/university/do-an-tot-nghiep/train-gd-2/PlantVillage-Dataset/raw/color/Tomato___Tomato_Yellow_Leaf_Curl_Virus/4a5b0a30-27ff-400d-ad0c-0ee1e68df21b___UF.GRC_YLCV_Lab 02840.JPG,quantity_skew,0.1,0.1,none,42,-1
Tomato___Tomato_Yellow_Leaf_Curl_Virus/4b2f69cb-a22c-4b02-924c-1b2f7da09f9e___YLCV_GCREC 2633.JPG,35,Tomato___Tomato_Yellow_Leaf_Curl_Virus,3,train,partition::00051398,Tomato___Tomato_Yellow_Leaf_Curl_Virus:::184,quantity_skew,0.1,0.1,none,42,-1
Tomato___Tomato_Yellow_Leaf_Curl_Virus/4c69b9bb-96c9-492f-a7e4-8197c580d43d___UF.GRC_YLCV_Lab 01686.JPG,35,Tomato___Tomato_Yellow_Leaf_Curl_Virus,3,train,partition::00048608,img::D:/university/do-an-tot-nghiep/train-gd-2/PlantVillage-Dataset/raw/color/Tomato___Tomato_Yellow_Leaf_Curl_Virus/4c69b9bb-96c9-492f-a7e4-8197c580d43d___UF.GRC_YLCV_Lab 01686.JPG,quantity_skew,0.1,0.1,none,42,-1
Tomato___Tomato_Yellow_Leaf_Curl_Virus/4c92449d-2ec4-4b81-ab67-6bfe565cf83d___YLCV_GCREC 5353.JPG,35,Tomato___Tomato_Yellow_Leaf_Curl_Virus,3,train,partition::00051943,Tomato___Tomato_Yellow_Leaf_Curl_Virus:::321,quantity_skew,0.1,0.1,none,42,-1
Tomato___Tomato_Yellow_Leaf_Curl_Virus/4cbfab65-a214-4a5e-a3c4-5873f7c766c8___UF.GRC_YLCV_Lab 02022.JPG,35,Tomato___Tomato_Yellow_Leaf_Curl_Virus,3,train,partition::00048621,img::D:/university/do-an-tot-nghiep/train-gd-2/PlantVillage-Dataset/raw/color/Tomato___Tomato_Yellow_Leaf_Curl_Virus/4cbfab65-a214-4a5e-a3c4-5873f7c766c8___UF.GRC_YLCV_Lab 02022.JPG,quantity_skew,0.1,0.1,none,42,-1
Tomato___Tomato_Yellow_Leaf_Curl_Virus/4e63f123-5cd8-494e-9caf-22e90641eeeb___YLCV_GCREC 5418.JPG,35,Tomato___Tomato_Yellow_Leaf_Curl_Virus,3,train,partition::00050653,Tomato___Tomato_Yellow_Leaf_Curl_Virus:::337,quantity_skew,0.1,0.1,none,42,-1
Tomato___Tomato_Yellow_Leaf_Curl_Virus/4f5f7643-a0aa-4dc4-ae00-a17097e949e9___UF.GRC_YLCV_Lab 03387.JPG,35,Tomato___Tomato_Yellow_Leaf_Curl_Virus,3,train,partition::00048669,img::D:/university/do-an-tot-nghiep/train-gd-2/PlantVillage-Dataset/raw/color/Tomato___Tomato_Yellow_Leaf_Curl_Virus/4f5f7643-a0aa-4dc4-ae00-a17097e949e9___UF.GRC_YLCV_Lab 03387.JPG,quantity_skew,0.1,0.1,none,42,-1
Tomato___Tomato_Yellow_Leaf_Curl_Virus/542641d4-51a1-4356-83b4-fbb4e8733c93___YLCV_GCREC 5482.JPG,35,Tomato___Tomato_Yellow_Leaf_Curl_Virus,3,train,partition::00051785,Tomato___Tomato_Yellow_Leaf_Curl_Virus:::353,quantity_skew,0.1,0.1,none,42,-1
Tomato___Tomato_Yellow_Leaf_Curl_Virus/547c59a0-4cc2-40ac-8b05-fb0f13c10e4e___UF.GRC_YLCV_Lab 01287.JPG,35,Tomato___Tomato_Yellow_Leaf_Curl_Virus,3,train,partition::00048775,img::D:/university/do-an-tot-nghiep/train-gd-2/PlantVillage-Dataset/raw/color/Tomato___Tomato_Yellow_Leaf_Curl_Virus/547c59a0-4cc2-40ac-8b05-fb0f13c10e4e___UF.GRC_YLCV_Lab 01287.JPG,quantity_skew,0.1,0.1,none,42,-1
Tomato___Tomato_Yellow_Leaf_Curl_Virus/564dfbfe-d634-4cc0-b5fb-bee0c6a29b17___UF.GRC_YLCV_Lab 01336.JPG,35,Tomato___Tomato_Yellow_Leaf_Curl_Virus,3,train,partition::00048812,img::D:/university/do-an-tot-nghiep/train-gd-2/PlantVillage-Dataset/raw/color/Tomato___Tomato_Yellow_Leaf_Curl_Virus/564dfbfe-d634-4cc0-b5fb-bee0c6a29b17___UF.GRC_YLCV_Lab 01336.JPG,quantity_skew,0.1,0.1,none,42,-1
Tomato___Tomato_Yellow_Leaf_Curl_Virus/5651ce65-12f2-49e7-a804-345fb8db9220___YLCV_GCREC 2629.JPG,35,Tomato___Tomato_Yellow_Leaf_Curl_Virus,3,train,partition::00049673,Tomato___Tomato_Yellow_Leaf_Curl_Virus:::183,quantity_skew,0.1,0.1,none,42,-1
Tomato___Tomato_Yellow_Leaf_Curl_Virus/57f2c193-3ead-4e94-aa19-2d0224cac669___YLCV_GCREC 5265.JPG,35,Tomato___Tomato_Yellow_Leaf_Curl_Virus,3,train,partition::00051762,Tomato___Tomato_Yellow_Leaf_Curl_Virus:::301,quantity_skew,0.1,0.1,none,42,-1
Tomato___Tomato_Yellow_Leaf_Curl_Virus/5ae9e109-38e2-48db-a926-a06bb6b13bc0___YLCV_GCREC 2535.JPG,35,Tomato___Tomato_Yellow_Leaf_Curl_Virus,3,train,partition::00051669,Tomato___Tomato_Yellow_Leaf_Curl_Virus:::160,quantity_skew,0.1,0.1,none,42,-1
Tomato___Tomato_Yellow_Leaf_Curl_Virus/5b8b8ba2-43ea-4e86-a75c-883fe4b1f70f___YLCV_NREC 2010.JPG,35,Tomato___Tomato_Yellow_Leaf_Curl_Virus,3,train,partition::00050880,Tomato___Tomato_Yellow_Leaf_Curl_Virus:::440,quantity_skew,0.1,0.1,none,42,-1
Tomato___Tomato_Yellow_Leaf_Curl_Virus/5eb231c8-5ad1-4cc9-98b8-4de3adc75649___UF.GRC_YLCV_Lab 09498.JPG,35,Tomato___Tomato_Yellow_Leaf_Curl_Virus,3,train,partition::00048989,img::D:/university/do-an-tot-nghiep/train-gd-2/PlantVillage-Dataset/raw/color/Tomato___Tomato_Yellow_Leaf_Curl_Virus/5eb231c8-5ad1-4cc9-98b8-4de3adc75649___UF.GRC_YLCV_Lab 09498.JPG,quantity_skew,0.1,0.1,none,42,-1
Tomato___Tomato_Yellow_Leaf_Curl_Virus/5f2cfdd5-f41d-47b4-99ea-520a20c2e9b6___UF.GRC_YLCV_Lab 01491.JPG,35,Tomato___Tomato_Yellow_Leaf_Curl_Virus,3,train,partition::00048995,img::D:/university/do-an-tot-nghiep/train-gd-2/PlantVillage-Dataset/raw/color/Tomato___Tomato_Yellow_Leaf_Curl_Virus/5f2cfdd5-f41d-47b4-99ea-520a20c2e9b6___UF.GRC_YLCV_Lab 01491.JPG,quantity_skew,0.1,0.1,none,42,-1
Tomato___Tomato_Yellow_Leaf_Curl_Virus/5fb985f8-4599-4275-aa1c-f9accb2d0bd3___UF.GRC_YLCV_Lab 08527.JPG,35,Tomato___Tomato_Yellow_Leaf_Curl_Virus,3,train,partition::00049008,img::D:/university/do-an-tot-nghiep/train-gd-2/PlantVillage-Dataset/raw/color/Tomato___Tomato_Yellow_Leaf_Curl_Virus/5fb985f8-4599-4275-aa1c-f9accb2d0bd3___UF.GRC_YLCV_Lab 08527.JPG,quantity_skew,0.1,0.1,none,42,-1
Tomato___Tomato_Yellow_Leaf_Curl_Virus/66ea6db9-ceb3-4be0-a4ae-ecf319b6897c___UF.GRC_YLCV_Lab 02505.JPG,35,Tomato___Tomato_Yellow_Leaf_Curl_Virus,3,train,partition::00049158,img::D:/university/do-an-tot-nghiep/train-gd-2/PlantVillage-Dataset/raw/color/Tomato___Tomato_Yellow_Leaf_Curl_Virus/66ea6db9-ceb3-4be0-a4ae-ecf319b6897c___UF.GRC_YLCV_Lab 02505.JPG,quantity_skew,0.1,0.1,none,42,-1
Tomato___Tomato_Yellow_Leaf_Curl_Virus/6ce8a914-e93e-4597-bc63-56cce724fd4b___UF.GRC_YLCV_Lab 01411.JPG,35,Tomato___Tomato_Yellow_Leaf_Curl_Virus,3,train,partition::00049270,img::D:/university/do-an-tot-nghiep/train-gd-2/PlantVillage-Dataset/raw/color/Tomato___Tomato_Yellow_Leaf_Curl_Virus/6ce8a914-e93e-4597-bc63-56cce724fd4b___UF.GRC_YLCV_Lab 01411.JPG,quantity_skew,0.1,0.1,none,42,-1
Tomato___Tomato_Yellow_Leaf_Curl_Virus/6e3b9886-ce13-49d5-8f80-ccf4e5ddbeac___YLCV_GCREC 5479.JPG,35,Tomato___Tomato_Yellow_Leaf_Curl_Virus,3,train,partition::00051785,Tomato___Tomato_Yellow_Leaf_Curl_Virus:::353,quantity_skew,0.1,0.1,none,42,-1
Tomato___Tomato_Yellow_Leaf_Curl_Virus/7162cc3f-21ca-4196-b967-10376a4940d9___YLCV_GCREC 2844.JPG,35,Tomato___Tomato_Yellow_Leaf_Curl_Virus,3,train,partition::00052171,Tomato___Tomato_Yellow_Leaf_Curl_Virus:::237,quantity_skew,0.1,0.1,none,42,-1
Tomato___Tomato_Yellow_Leaf_Curl_Virus/71a426ae-9e4b-4428-9c00-90113a9d128e___UF.GRC_YLCV_Lab 02686.JPG,35,Tomato___Tomato_Yellow_Leaf_Curl_Virus,3,train,partition::00049376,img::D:/university/do-an-tot-nghiep/train-gd-2/PlantVillage-Dataset/raw/color/Tomato___Tomato_Yellow_Leaf_Curl_Virus/71a426ae-9e4b-4428-9c00-90113a9d128e___UF.GRC_YLCV_Lab 02686.JPG,quantity_skew,0.1,0.1,none,42,-1
Tomato___Tomato_Yellow_Leaf_Curl_Virus/74d8054e-3b06-4410-a867-25a32a4672a9___YLCV_GCREC 2371.JPG,35,Tomato___Tomato_Yellow_Leaf_Curl_Virus,3,train,partition::00049782,Tomato___Tomato_Yellow_Leaf_Curl_Virus:::119,quantity_skew,0.1,0.1,none,42,-1
Tomato___Tomato_Yellow_Leaf_Curl_Virus/77f04c08-8c17-4c56-b220-5c2928467336___YLCV_GCREC 2536.JPG,35,Tomato___Tomato_Yellow_Leaf_Curl_Virus,3,train,partition::00051669,Tomato___Tomato_Yellow_Leaf_Curl_Virus:::160,quantity_skew,0.1,0.1,none,42,-1
Tomato___Tomato_Yellow_Leaf_Curl_Virus/78e06baf-ac17-4ec7-83b3-7fcc70a5ca29___UF.GRC_YLCV_Lab 09394.JPG,35,Tomato___Tomato_Yellow_Leaf_Curl_Virus,3,train,partition::00049543,img::D:/university/do-an-tot-nghiep/train-gd-2/PlantVillage-Dataset/raw/color/Tomato___Tomato_Yellow_Leaf_Curl_Virus/78e06baf-ac17-4ec7-83b3-7fcc70a5ca29___UF.GRC_YLCV_Lab 09394.JPG,quantity_skew,0.1,0.1,none,42,-1
Tomato___Tomato_Yellow_Leaf_Curl_Virus/7af3e6d8-ed22-4ca0-8244-68fab4bca2bf___UF.GRC_YLCV_Lab 02375.JPG,35,Tomato___Tomato_Yellow_Leaf_Curl_Virus,3,train,partition::00049595,img::D:/university/do-an-tot-nghiep/train-gd-2/PlantVillage-Dataset/raw/color/Tomato___Tomato_Yellow_Leaf_Curl_Virus/7af3e6d8-ed22-4ca0-8244-68fab4bca2bf___UF.GRC_YLCV_Lab 02375.JPG,quantity_skew,0.1,0.1,none,42,-1
Tomato___Tomato_Yellow_Leaf_Curl_Virus/7e2dddcf-d20a-4bd9-a79d-69c12872c24d___YLCV_GCREC 2626.JPG,35,Tomato___Tomato_Yellow_Leaf_Curl_Virus,3,train,partition::00049673,Tomato___Tomato_Yellow_Leaf_Curl_Virus:::183,quantity_skew,0.1,0.1,none,42,-1
Tomato___Tomato_Yellow_Leaf_Curl_Virus/7ea16123-ec12-4fb9-bade-78167943ffe3___YLCV_NREC 0066.JPG,35,Tomato___Tomato_Yellow_Leaf_Curl_Virus,3,train,partition::00051758,Tomato___Tomato_Yellow_Leaf_Curl_Virus:::372,quantity_skew,0.1,0.1,none,42,-1
Tomato___Tomato_Yellow_Leaf_Curl_Virus/8052efac-6f32-4087-a83b-721dfa88364c___YLCV_GCREC 2373.JPG,35,Tomato___Tomato_Yellow_Leaf_Curl_Virus,3,train,partition::00049782,Tomato___Tomato_Yellow_Leaf_Curl_Virus:::119,quantity_skew,0.1,0.1,none,42,-1
Tomato___Tomato_Yellow_Leaf_Curl_Virus/82c706b4-04f5-48bf-b509-8e7a890d0950___YLCV_GCREC 2370.JPG,35,Tomato___Tomato_Yellow_Leaf_Curl_Virus,3,train,partition::00049782,Tomato___Tomato_Yellow_Leaf_Curl_Virus:::119,quantity_skew,0.1,0.1,none,42,-1
Tomato___Tomato_Yellow_Leaf_Curl_Virus/86089870-b24b-4509-abc3-f6c50fd07e49___UF.GRC_YLCV_Lab 01677.JPG,35,Tomato___Tomato_Yellow_Leaf_Curl_Virus,3,train,partition::00049832,img::D:/university/do-an-tot-nghiep/train-gd-2/PlantVillage-Dataset/raw/color/Tomato___Tomato_Yellow_Leaf_Curl_Virus/86089870-b24b-4509-abc3-f6c50fd07e49___UF.GRC_YLCV_Lab 01677.JPG,quantity_skew,0.1,0.1,none,42,-1
Tomato___Tomato_Yellow_Leaf_Curl_Virus/86b71ef8-64fb-4674-868d-bcd439f7422e___UF.GRC_YLCV_Lab 01584.JPG,35,Tomato___Tomato_Yellow_Leaf_Curl_Virus,3,train,partition::00049852,img::D:/university/do-an-tot-nghiep/train-gd-2/PlantVillage-Dataset/raw/color/Tomato___Tomato_Yellow_Leaf_Curl_Virus/86b71ef8-64fb-4674-868d-bcd439f7422e___UF.GRC_YLCV_Lab 01584.JPG,quantity_skew,0.1,0.1,none,42,-1
Tomato___Tomato_Yellow_Leaf_Curl_Virus/893b2607-341e-4a68-ace3-b0199d8d1961___UF.GRC_YLCV_Lab 02086.JPG,35,Tomato___Tomato_Yellow_Leaf_Curl_Virus,3,train,partition::00049906,img::D:/university/do-an-tot-nghiep/train-gd-2/PlantVillage-Dataset/raw/color/Tomato___Tomato_Yellow_Leaf_Curl_Virus/893b2607-341e-4a68-ace3-b0199d8d1961___UF.GRC_YLCV_Lab 02086.JPG,quantity_skew,0.1,0.1,none,42,-1
Tomato___Tomato_Yellow_Leaf_Curl_Virus/8aea4bbd-62b0-433c-a5e6-ac68d610855e___YLCV_GCREC 5480.JPG,35,Tomato___Tomato_Yellow_Leaf_Curl_Virus,3,train,partition::00051785,Tomato___Tomato_Yellow_Leaf_Curl_Virus:::353,quantity_skew,0.1,0.1,none,42,-1
Tomato___Tomato_Yellow_Leaf_Curl_Virus/8f2d1ca5-aaa7-4aeb-a59a-4c4624da3113___UF.GRC_YLCV_Lab 01256.JPG,35,Tomato___Tomato_Yellow_Leaf_Curl_Virus,3,train,partition::00050052,img::D:/university/do-an-tot-nghiep/train-gd-2/PlantVillage-Dataset/raw/color/Tomato___Tomato_Yellow_Leaf_Curl_Virus/8f2d1ca5-aaa7-4aeb-a59a-4c4624da3113___UF.GRC_YLCV_Lab 01256.JPG,quantity_skew,0.1,0.1,none,42,-1
Tomato___Tomato_Yellow_Leaf_Curl_Virus/8f7ac9bf-9c84-4ea4-9360-6d357776c69c___UF.GRC_YLCV_Lab 02179.JPG,35,Tomato___Tomato_Yellow_Leaf_Curl_Virus,3,train,partition::00050058,img::D:/university/do-an-tot-nghiep/train-gd-2/PlantVillage-Dataset/raw/color/Tomato___Tomato_Yellow_Leaf_Curl_Virus/8f7ac9bf-9c84-4ea4-9360-6d357776c69c___UF.GRC_YLCV_Lab 02179.JPG,quantity_skew,0.1,0.1,none,42,-1
Tomato___Tomato_Yellow_Leaf_Curl_Virus/9a695353-7406-42c5-ab1c-37d74257248a___YLCV_GCREC 5352.JPG,35,Tomato___Tomato_Yellow_Leaf_Curl_Virus,3,train,partition::00051943,Tomato___Tomato_Yellow_Leaf_Curl_Virus:::321,quantity_skew,0.1,0.1,none,42,-1
Tomato___Tomato_Yellow_Leaf_Curl_Virus/9a8f2d86-efaa-4a9f-a0b2-20b39a09b1e9___YLCV_GCREC 5416.JPG,35,Tomato___Tomato_Yellow_Leaf_Curl_Virus,3,train,partition::00050653,Tomato___Tomato_Yellow_Leaf_Curl_Virus:::337,quantity_skew,0.1,0.1,none,42,-1
Tomato___Tomato_Yellow_Leaf_Curl_Virus/9f5ef8de-d896-4d9d-a824-080e4238850f___UF.GRC_YLCV_Lab 02089.JPG,35,Tomato___Tomato_Yellow_Leaf_Curl_Virus,3,train,partition::00050367,img::D:/university/do-an-tot-nghiep/train-gd-2/PlantVillage-Dataset/raw/color/Tomato___Tomato_Yellow_Leaf_Curl_Virus/9f5ef8de-d896-4d9d-a824-080e4238850f___UF.GRC_YLCV_Lab 02089.JPG,quantity_skew,0.1,0.1,none,42,-1
Tomato___Tomato_Yellow_Leaf_Curl_Virus/a25f8be8-40ac-4616-92ea-84428ecdd5e3___YLCV_NREC 2890.JPG,35,Tomato___Tomato_Yellow_Leaf_Curl_Virus,3,train,partition::00051587,Tomato___Tomato_Yellow_Leaf_Curl_Virus:::660,quantity_skew,0.1,0.1,none,42,-1
Tomato___Tomato_Yellow_Leaf_Curl_Virus/a27532e0-f5fe-489f-85a5-b48d53f14cb8___UF.GRC_YLCV_Lab 02451.JPG,35,Tomato___Tomato_Yellow_Leaf_Curl_Virus,3,train,partition::00050424,img::D:/university/do-an-tot-nghiep/train-gd-2/PlantVillage-Dataset/raw/color/Tomato___Tomato_Yellow_Leaf_Curl_Virus/a27532e0-f5fe-489f-85a5-b48d53f14cb8___UF.GRC_YLCV_Lab 02451.JPG,quantity_skew,0.1,0.1,none,42,-1
Tomato___Tomato_Yellow_Leaf_Curl_Virus/a3870855-b026-436d-8884-b41a940bcd04___YLCV_NREC 2513.JPG,35,Tomato___Tomato_Yellow_Leaf_Curl_Virus,3,train,partition::00051529,Tomato___Tomato_Yellow_Leaf_Curl_Virus:::566,quantity_skew,0.1,0.1,none,42,-1
Tomato___Tomato_Yellow_Leaf_Curl_Virus/a94ca7d1-2ecf-41d7-920d-6a2a52cfe9b7___UF.GRC_YLCV_Lab 01768.JPG,35,Tomato___Tomato_Yellow_Leaf_Curl_Virus,3,train,partition::00050559,img::D:/university/do-an-tot-nghiep/train-gd-2/PlantVillage-Dataset/raw/color/Tomato___Tomato_Yellow_Leaf_Curl_Virus/a94ca7d1-2ecf-41d7-920d-6a2a52cfe9b7___UF.GRC_YLCV_Lab 01768.JPG,quantity_skew,0.1,0.1,none,42,-1
Tomato___Tomato_Yellow_Leaf_Curl_Virus/abbf4eb1-d412-47ff-ab83-343078563bdd___UF.GRC_YLCV_Lab 02350.JPG,35,Tomato___Tomato_Yellow_Leaf_Curl_Virus,3,train,partition::00050609,img::D:/university/do-an-tot-nghiep/train-gd-2/PlantVillage-Dataset/raw/color/Tomato___Tomato_Yellow_Leaf_Curl_Virus/abbf4eb1-d412-47ff-ab83-343078563bdd___UF.GRC_YLCV_Lab 02350.JPG,quantity_skew,0.1,0.1,none,42,-1
Tomato___Tomato_Yellow_Leaf_Curl_Virus/ac7704c1-81cd-4188-b193-efb3cd93a4f4___UF.GRC_YLCV_Lab 02841.JPG,35,Tomato___Tomato_Yellow_Leaf_Curl_Virus,3,train,partition::00050626,img::D:/university/do-an-tot-nghiep/train-gd-2/PlantVillage-Dataset/raw/color/Tomato___Tomato_Yellow_Leaf_Curl_Virus/ac7704c1-81cd-4188-b193-efb3cd93a4f4___UF.GRC_YLCV_Lab 02841.JPG,quantity_skew,0.1,0.1,none,42,-1
Tomato___Tomato_Yellow_Leaf_Curl_Virus/ad188066-2f62-45be-b6f0-4be9b5396413___UF.GRC_YLCV_Lab 03325.JPG,35,Tomato___Tomato_Yellow_Leaf_Curl_Virus,3,train,partition::00050637,img::D:/university/do-an-tot-nghiep/train-gd-2/PlantVillage-Dataset/raw/color/Tomato___Tomato_Yellow_Leaf_Curl_Virus/ad188066-2f62-45be-b6f0-4be9b5396413___UF.GRC_YLCV_Lab 03325.JPG,quantity_skew,0.1,0.1,none,42,-1
Tomato___Tomato_Yellow_Leaf_Curl_Virus/adbbb1c4-b3d7-44ee-b41d-c3987a6172e2___YLCV_GCREC 5417.JPG,35,Tomato___Tomato_Yellow_Leaf_Curl_Virus,3,train,partition::00050653,Tomato___Tomato_Yellow_Leaf_Curl_Virus:::337,quantity_skew,0.1,0.1,none,42,-1
Tomato___Tomato_Yellow_Leaf_Curl_Virus/b1c01d02-66f9-4b4e-a426-696cbf28955d___UF.GRC_YLCV_Lab 01737.JPG,35,Tomato___Tomato_Yellow_Leaf_Curl_Virus,3,train,partition::00050733,img::D:/university/do-an-tot-nghiep/train-gd-2/PlantVillage-Dataset/raw/color/Tomato___Tomato_Yellow_Leaf_Curl_Virus/b1c01d02-66f9-4b4e-a426-696cbf28955d___UF.GRC_YLCV_Lab 01737.JPG,quantity_skew,0.1,0.1,none,42,-1
Tomato___Tomato_Yellow_Leaf_Curl_Virus/b431219b-0122-4e15-8dc9-5227e3ca3cbd___YLCV_NREC 2007.JPG,35,Tomato___Tomato_Yellow_Leaf_Curl_Virus,3,train,partition::00050880,Tomato___Tomato_Yellow_Leaf_Curl_Virus:::440,quantity_skew,0.1,0.1,none,42,-1
Tomato___Tomato_Yellow_Leaf_Curl_Virus/b94cdb69-ae50-4c2d-8b59-8a5f94d1b169___YLCV_NREC 2009.JPG,35,Tomato___Tomato_Yellow_Leaf_Curl_Virus,3,train,partition::00050880,Tomato___Tomato_Yellow_Leaf_Curl_Virus:::440,quantity_skew,0.1,0.1,none,42,-1
Tomato___Tomato_Yellow_Leaf_Curl_Virus/bc0c2265-de7c-4cce-95e1-5b5b401e4f28___UF.GRC_YLCV_Lab 02144.JPG,35,Tomato___Tomato_Yellow_Leaf_Curl_Virus,3,train,partition::00050935,img::D:/university/do-an-tot-nghiep/train-gd-2/PlantVillage-Dataset/raw/color/Tomato___Tomato_Yellow_Leaf_Curl_Virus/bc0c2265-de7c-4cce-95e1-5b5b401e4f28___UF.GRC_YLCV_Lab 02144.JPG,quantity_skew,0.1,0.1,none,42,-1
Tomato___Tomato_Yellow_Leaf_Curl_Virus/be77f606-8f1e-49e6-bf75-8e6053f9a6b5___UF.GRC_YLCV_Lab 09393.JPG,35,Tomato___Tomato_Yellow_Leaf_Curl_Virus,3,train,partition::00050989,img::D:/university/do-an-tot-nghiep/train-gd-2/PlantVillage-Dataset/raw/color/Tomato___Tomato_Yellow_Leaf_Curl_Virus/be77f606-8f1e-49e6-bf75-8e6053f9a6b5___UF.GRC_YLCV_Lab 09393.JPG,quantity_skew,0.1,0.1,none,42,-1
Tomato___Tomato_Yellow_Leaf_Curl_Virus/be84d0ff-3de6-4035-b14d-bbd86d001373___UF.GRC_YLCV_Lab 01468.JPG,35,Tomato___Tomato_Yellow_Leaf_Curl_Virus,3,train,partition::00050992,img::D:/university/do-an-tot-nghiep/train-gd-2/PlantVillage-Dataset/raw/color/Tomato___Tomato_Yellow_Leaf_Curl_Virus/be84d0ff-3de6-4035-b14d-bbd86d001373___UF.GRC_YLCV_Lab 01468.JPG,quantity_skew,0.1,0.1,none,42,-1
Tomato___Tomato_Yellow_Leaf_Curl_Virus/bf8e1fdf-6d20-4564-a24f-441e2a610905___UF.GRC_YLCV_Lab 01853.JPG,35,Tomato___Tomato_Yellow_Leaf_Curl_Virus,3,train,partition::00051009,img::D:/university/do-an-tot-nghiep/train-gd-2/PlantVillage-Dataset/raw/color/Tomato___Tomato_Yellow_Leaf_Curl_Virus/bf8e1fdf-6d20-4564-a24f-441e2a610905___UF.GRC_YLCV_Lab 01853.JPG,quantity_skew,0.1,0.1,none,42,-1
Tomato___Tomato_Yellow_Leaf_Curl_Virus/c7cae581-0ef1-4e2f-8b45-36fb037fdbc7___UF.GRC_YLCV_Lab 02374.JPG,35,Tomato___Tomato_Yellow_Leaf_Curl_Virus,3,train,partition::00051169,img::D:/university/do-an-tot-nghiep/train-gd-2/PlantVillage-Dataset/raw/color/Tomato___Tomato_Yellow_Leaf_Curl_Virus/c7cae581-0ef1-4e2f-8b45-36fb037fdbc7___UF.GRC_YLCV_Lab 02374.JPG,quantity_skew,0.1,0.1,none,42,-1
Tomato___Tomato_Yellow_Leaf_Curl_Virus/ce66e153-f85b-45e2-bb33-b8f52c06722a___UF.GRC_YLCV_Lab 01943.JPG,35,Tomato___Tomato_Yellow_Leaf_Curl_Virus,3,train,partition::00051316,img::D:/university/do-an-tot-nghiep/train-gd-2/PlantVillage-Dataset/raw/color/Tomato___Tomato_Yellow_Leaf_Curl_Virus/ce66e153-f85b-45e2-bb33-b8f52c06722a___UF.GRC_YLCV_Lab 01943.JPG,quantity_skew,0.1,0.1,none,42,-1
Tomato___Tomato_Yellow_Leaf_Curl_Virus/cf757a0e-162f-42b5-81be-5845916cf6f7___YLCV_GCREC 5266.JPG,35,Tomato___Tomato_Yellow_Leaf_Curl_Virus,3,train,partition::00051762,Tomato___Tomato_Yellow_Leaf_Curl_Virus:::301,quantity_skew,0.1,0.1,none,42,-1
Tomato___Tomato_Yellow_Leaf_Curl_Virus/d0569690-a373-48a5-8b40-3d493e2a680d___YLCV_NREC 2891.JPG,35,Tomato___Tomato_Yellow_Leaf_Curl_Virus,3,train,partition::00051587,Tomato___Tomato_Yellow_Leaf_Curl_Virus:::660,quantity_skew,0.1,0.1,none,42,-1
Tomato___Tomato_Yellow_Leaf_Curl_Virus/d2647521-b264-47bb-ac13-4fd3c61390d1___UF.GRC_YLCV_Lab 02195.JPG,35,Tomato___Tomato_Yellow_Leaf_Curl_Virus,3,train,partition::00051397,img::D:/university/do-an-tot-nghiep/train-gd-2/PlantVillage-Dataset/raw/color/Tomato___Tomato_Yellow_Leaf_Curl_Virus/d2647521-b264-47bb-ac13-4fd3c61390d1___UF.GRC_YLCV_Lab 02195.JPG,quantity_skew,0.1,0.1,none,42,-1
Tomato___Tomato_Yellow_Leaf_Curl_Virus/d2728089-0d36-42ae-b927-b4cac0c65cde___YLCV_GCREC 2632.JPG,35,Tomato___Tomato_Yellow_Leaf_Curl_Virus,3,train,partition::00051398,Tomato___Tomato_Yellow_Leaf_Curl_Virus:::184,quantity_skew,0.1,0.1,none,42,-1
Tomato___Tomato_Yellow_Leaf_Curl_Virus/d3165754-e6d7-4fa6-a3dd-86d00ad353e8___UF.GRC_YLCV_Lab 02631.JPG,35,Tomato___Tomato_Yellow_Leaf_Curl_Virus,3,train,partition::00051414,img::D:/university/do-an-tot-nghiep/train-gd-2/PlantVillage-Dataset/raw/color/Tomato___Tomato_Yellow_Leaf_Curl_Virus/d3165754-e6d7-4fa6-a3dd-86d00ad353e8___UF.GRC_YLCV_Lab 02631.JPG,quantity_skew,0.1,0.1,none,42,-1
Tomato___Tomato_Yellow_Leaf_Curl_Virus/d3411f48-9c96-453f-8860-69ede64c9780___YLCV_GCREC 2741.JPG,35,Tomato___Tomato_Yellow_Leaf_Curl_Virus,3,train,partition::00052083,Tomato___Tomato_Yellow_Leaf_Curl_Virus:::211,quantity_skew,0.1,0.1,none,42,-1
Tomato___Tomato_Yellow_Leaf_Curl_Virus/d366aebe-5271-46fa-90e6-9e04d6566b87___YLCV_NREC 2514.JPG,35,Tomato___Tomato_Yellow_Leaf_Curl_Virus,3,train,partition::00051529,Tomato___Tomato_Yellow_Leaf_Curl_Virus:::566,quantity_skew,0.1,0.1,none,42,-1
Tomato___Tomato_Yellow_Leaf_Curl_Virus/d39b7219-6219-4fee-892b-dd4e2e963217___UF.GRC_YLCV_Lab 02868.JPG,35,Tomato___Tomato_Yellow_Leaf_Curl_Virus,3,train,partition::00051426,img::D:/university/do-an-tot-nghiep/train-gd-2/PlantVillage-Dataset/raw/color/Tomato___Tomato_Yellow_Leaf_Curl_Virus/d39b7219-6219-4fee-892b-dd4e2e963217___UF.GRC_YLCV_Lab 02868.JPG,quantity_skew,0.1,0.1,none,42,-1
Tomato___Tomato_Yellow_Leaf_Curl_Virus/d434b420-e102-4ccc-9cf9-49d07b403c6f___UF.GRC_YLCV_Lab 02355.JPG,35,Tomato___Tomato_Yellow_Leaf_Curl_Virus,3,train,partition::00051437,img::D:/university/do-an-tot-nghiep/train-gd-2/PlantVillage-Dataset/raw/color/Tomato___Tomato_Yellow_Leaf_Curl_Virus/d434b420-e102-4ccc-9cf9-49d07b403c6f___UF.GRC_YLCV_Lab 02355.JPG,quantity_skew,0.1,0.1,none,42,-1
Tomato___Tomato_Yellow_Leaf_Curl_Virus/d86ec732-45d8-46e0-9098-8f8af33da404___YLCV_NREC 2512.JPG,35,Tomato___Tomato_Yellow_Leaf_Curl_Virus,3,train,partition::00051529,Tomato___Tomato_Yellow_Leaf_Curl_Virus:::566,quantity_skew,0.1,0.1,none,42,-1
Tomato___Tomato_Yellow_Leaf_Curl_Virus/d88a4391-329a-490b-8cd9-2d2612176aba___YLCV_GCREC 2842.JPG,35,Tomato___Tomato_Yellow_Leaf_Curl_Virus,3,train,partition::00052171,Tomato___Tomato_Yellow_Leaf_Curl_Virus:::237,quantity_skew,0.1,0.1,none,42,-1
Tomato___Tomato_Yellow_Leaf_Curl_Virus/dafde709-7760-43e8-9b19-b303c0ca95da___YLCV_NREC 0068.JPG,35,Tomato___Tomato_Yellow_Leaf_Curl_Virus,3,train,partition::00051758,Tomato___Tomato_Yellow_Leaf_Curl_Virus:::372,quantity_skew,0.1,0.1,none,42,-1
Tomato___Tomato_Yellow_Leaf_Curl_Virus/db84d988-ad71-41bb-90c1-80ce52319eb3___YLCV_NREC 2889.JPG,35,Tomato___Tomato_Yellow_Leaf_Curl_Virus,3,train,partition::00051587,Tomato___Tomato_Yellow_Leaf_Curl_Virus:::660,quantity_skew,0.1,0.1,none,42,-1
Tomato___Tomato_Yellow_Leaf_Curl_Virus/ddc91cb5-d489-40eb-8d54-b6e723749209___UF.GRC_YLCV_Lab 02161.JPG,35,Tomato___Tomato_Yellow_Leaf_Curl_Virus,3,train,partition::00051630,img::D:/university/do-an-tot-nghiep/train-gd-2/PlantVillage-Dataset/raw/color/Tomato___Tomato_Yellow_Leaf_Curl_Virus/ddc91cb5-d489-40eb-8d54-b6e723749209___UF.GRC_YLCV_Lab 02161.JPG,quantity_skew,0.1,0.1,none,42,-1
Tomato___Tomato_Yellow_Leaf_Curl_Virus/de18b33c-5efe-4b8f-89f0-d7a280898cfe___UF.GRC_YLCV_Lab 02121.JPG,35,Tomato___Tomato_Yellow_Leaf_Curl_Virus,3,train,partition::00051634,img::D:/university/do-an-tot-nghiep/train-gd-2/PlantVillage-Dataset/raw/color/Tomato___Tomato_Yellow_Leaf_Curl_Virus/de18b33c-5efe-4b8f-89f0-d7a280898cfe___UF.GRC_YLCV_Lab 02121.JPG,quantity_skew,0.1,0.1,none,42,-1
Tomato___Tomato_Yellow_Leaf_Curl_Virus/df852766-76dd-4029-be71-d3960bc234ec___YLCV_GCREC 2537.JPG,35,Tomato___Tomato_Yellow_Leaf_Curl_Virus,3,train,partition::00051669,Tomato___Tomato_Yellow_Leaf_Curl_Virus:::160,quantity_skew,0.1,0.1,none,42,-1
Tomato___Tomato_Yellow_Leaf_Curl_Virus/e41367d2-a47a-4a38-ae2e-5b4e2a9f46ee___YLCV_NREC 0067.JPG,35,Tomato___Tomato_Yellow_Leaf_Curl_Virus,3,train,partition::00051758,Tomato___Tomato_Yellow_Leaf_Curl_Virus:::372,quantity_skew,0.1,0.1,none,42,-1
Tomato___Tomato_Yellow_Leaf_Curl_Virus/e43d1ae1-6b35-4452-b7c1-bd9e2768a619___YLCV_GCREC 5264.JPG,35,Tomato___Tomato_Yellow_Leaf_Curl_Virus,3,train,partition::00051762,Tomato___Tomato_Yellow_Leaf_Curl_Virus:::301,quantity_skew,0.1,0.1,none,42,-1
Tomato___Tomato_Yellow_Leaf_Curl_Virus/e4431f36-5b30-4420-aed2-9449f0d8ebbb___UF.GRC_YLCV_Lab 09466.JPG,35,Tomato___Tomato_Yellow_Leaf_Curl_Virus,3,train,partition::00051763,img::D:/university/do-an-tot-nghiep/train-gd-2/PlantVillage-Dataset/raw/color/Tomato___Tomato_Yellow_Leaf_Curl_Virus/e4431f36-5b30-4420-aed2-9449f0d8ebbb___UF.GRC_YLCV_Lab 09466.JPG,quantity_skew,0.1,0.1,none,42,-1
Tomato___Tomato_Yellow_Leaf_Curl_Virus/e4883c5c-0006-490b-9e40-b4ff968059ed___YLCV_GCREC 2845.JPG,35,Tomato___Tomato_Yellow_Leaf_Curl_Virus,3,train,partition::00052171,Tomato___Tomato_Yellow_Leaf_Curl_Virus:::237,quantity_skew,0.1,0.1,none,42,-1
Tomato___Tomato_Yellow_Leaf_Curl_Virus/e5ad1ec6-6c94-40ba-b5d0-28eb397376ea___YLCV_GCREC 5481.JPG,35,Tomato___Tomato_Yellow_Leaf_Curl_Virus,3,train,partition::00051785,Tomato___Tomato_Yellow_Leaf_Curl_Virus:::353,quantity_skew,0.1,0.1,none,42,-1
Tomato___Tomato_Yellow_Leaf_Curl_Virus/e8825fa7-93a0-45f5-b0e7-704541eba913___YLCV_GCREC 2740.JPG,35,Tomato___Tomato_Yellow_Leaf_Curl_Virus,3,train,partition::00052083,Tomato___Tomato_Yellow_Leaf_Curl_Virus:::211,quantity_skew,0.1,0.1,none,42,-1
Tomato___Tomato_Yellow_Leaf_Curl_Virus/e8f9aa7f-8fc9-49d1-b6eb-a27d3c8ca240___UF.GRC_YLCV_Lab 03191.JPG,35,Tomato___Tomato_Yellow_Leaf_Curl_Virus,3,train,partition::00051857,img::D:/university/do-an-tot-nghiep/train-gd-2/PlantVillage-Dataset/raw/color/Tomato___Tomato_Yellow_Leaf_Curl_Virus/e8f9aa7f-8fc9-49d1-b6eb-a27d3c8ca240___UF.GRC_YLCV_Lab 03191.JPG,quantity_skew,0.1,0.1,none,42,-1
Tomato___Tomato_Yellow_Leaf_Curl_Virus/ea18baeb-c4bb-4205-b1ca-aa6a35ecafc2___UF.GRC_YLCV_Lab 01971.JPG,35,Tomato___Tomato_Yellow_Leaf_Curl_Virus,3,train,partition::00051885,img::D:/university/do-an-tot-nghiep/train-gd-2/PlantVillage-Dataset/raw/color/Tomato___Tomato_Yellow_Leaf_Curl_Virus/ea18baeb-c4bb-4205-b1ca-aa6a35ecafc2___UF.GRC_YLCV_Lab 01971.JPG,quantity_skew,0.1,0.1,none,42,-1
Tomato___Tomato_Yellow_Leaf_Curl_Virus/ea9ec83c-03f8-4ccf-8f0d-e05b667875f1___UF.GRC_YLCV_Lab 03150.JPG,35,Tomato___Tomato_Yellow_Leaf_Curl_Virus,3,train,partition::00051890,img::D:/university/do-an-tot-nghiep/train-gd-2/PlantVillage-Dataset/raw/color/Tomato___Tomato_Yellow_Leaf_Curl_Virus/ea9ec83c-03f8-4ccf-8f0d-e05b667875f1___UF.GRC_YLCV_Lab 03150.JPG,quantity_skew,0.1,0.1,none,42,-1
Tomato___Tomato_Yellow_Leaf_Curl_Virus/ecb96ffd-a70b-4739-b89e-d3a995dcdcf8___UF.GRC_YLCV_Lab 09328.JPG,35,Tomato___Tomato_Yellow_Leaf_Curl_Virus,3,train,partition::00051929,img::D:/university/do-an-tot-nghiep/train-gd-2/PlantVillage-Dataset/raw/color/Tomato___Tomato_Yellow_Leaf_Curl_Virus/ecb96ffd-a70b-4739-b89e-d3a995dcdcf8___UF.GRC_YLCV_Lab 09328.JPG,quantity_skew,0.1,0.1,none,42,-1
Tomato___Tomato_Yellow_Leaf_Curl_Virus/eda872cb-df32-43ed-a6be-27b64d38b136___YLCV_GCREC 5354.JPG,35,Tomato___Tomato_Yellow_Leaf_Curl_Virus,3,train,partition::00051943,Tomato___Tomato_Yellow_Leaf_Curl_Virus:::321,quantity_skew,0.1,0.1,none,42,-1
Tomato___Tomato_Yellow_Leaf_Curl_Virus/ef146850-1f7b-4ea9-ad34-c7f2b88e10cc___UF.GRC_YLCV_Lab 01998.JPG,35,Tomato___Tomato_Yellow_Leaf_Curl_Virus,3,train,partition::00051972,img::D:/university/do-an-tot-nghiep/train-gd-2/PlantVillage-Dataset/raw/color/Tomato___Tomato_Yellow_Leaf_Curl_Virus/ef146850-1f7b-4ea9-ad34-c7f2b88e10cc___UF.GRC_YLCV_Lab 01998.JPG,quantity_skew,0.1,0.1,none,42,-1
Tomato___Tomato_Yellow_Leaf_Curl_Virus/f1e4fc13-8c87-4432-8db7-1b912e3857ae___UF.GRC_YLCV_Lab 01599.JPG,35,Tomato___Tomato_Yellow_Leaf_Curl_Virus,3,train,partition::00052032,img::D:/university/do-an-tot-nghiep/train-gd-2/PlantVillage-Dataset/raw/color/Tomato___Tomato_Yellow_Leaf_Curl_Virus/f1e4fc13-8c87-4432-8db7-1b912e3857ae___UF.GRC_YLCV_Lab 01599.JPG,quantity_skew,0.1,0.1,none,42,-1
Tomato___Tomato_Yellow_Leaf_Curl_Virus/f40a9296-2020-4a3a-b3bc-b5f452ef7e64___YLCV_GCREC 2738.JPG,35,Tomato___Tomato_Yellow_Leaf_Curl_Virus,3,train,partition::00052083,Tomato___Tomato_Yellow_Leaf_Curl_Virus:::211,quantity_skew,0.1,0.1,none,42,-1
Tomato___Tomato_Yellow_Leaf_Curl_Virus/f43ee1b9-8881-445e-a689-19e59e396c0e___UF.GRC_YLCV_Lab 02385.JPG,35,Tomato___Tomato_Yellow_Leaf_Curl_Virus,3,train,partition::00052090,img::D:/university/do-an-tot-nghiep/train-gd-2/PlantVillage-Dataset/raw/color/Tomato___Tomato_Yellow_Leaf_Curl_Virus/f43ee1b9-8881-445e-a689-19e59e396c0e___UF.GRC_YLCV_Lab 02385.JPG,quantity_skew,0.1,0.1,none,42,-1
Tomato___Tomato_Yellow_Leaf_Curl_Virus/f5861559-57a0-4591-94c3-618f2ef1324e___UF.GRC_YLCV_Lab 01455.JPG,35,Tomato___Tomato_Yellow_Leaf_Curl_Virus,3,train,partition::00052117,img::D:/university/do-an-tot-nghiep/train-gd-2/PlantVillage-Dataset/raw/color/Tomato___Tomato_Yellow_Leaf_Curl_Virus/f5861559-57a0-4591-94c3-618f2ef1324e___UF.GRC_YLCV_Lab 01455.JPG,quantity_skew,0.1,0.1,none,42,-1
Tomato___Tomato_Yellow_Leaf_Curl_Virus/f591877b-3f56-491c-b522-8a192a92e78e___UF.GRC_YLCV_Lab 02503.JPG,35,Tomato___Tomato_Yellow_Leaf_Curl_Virus,3,train,partition::00052118,img::D:/university/do-an-tot-nghiep/train-gd-2/PlantVillage-Dataset/raw/color/Tomato___Tomato_Yellow_Leaf_Curl_Virus/f591877b-3f56-491c-b522-8a192a92e78e___UF.GRC_YLCV_Lab 02503.JPG,quantity_skew,0.1,0.1,none,42,-1
Tomato___Tomato_Yellow_Leaf_Curl_Virus/f749db6e-2f75-4576-b53a-6997cf60ff7a___UF.GRC_YLCV_Lab 01867.JPG,35,Tomato___Tomato_Yellow_Leaf_Curl_Virus,3,train,partition::00052155,img::D:/university/do-an-tot-nghiep/train-gd-2/PlantVillage-Dataset/raw/color/Tomato___Tomato_Yellow_Leaf_Curl_Virus/f749db6e-2f75-4576-b53a-6997cf60ff7a___UF.GRC_YLCV_Lab 01867.JPG,quantity_skew,0.1,0.1,none,42,-1
Tomato___Tomato_Yellow_Leaf_Curl_Virus/f7fc5826-74eb-44aa-9b10-2a9dac4de845___YLCV_GCREC 2843.JPG,35,Tomato___Tomato_Yellow_Leaf_Curl_Virus,3,train,partition::00052171,Tomato___Tomato_Yellow_Leaf_Curl_Virus:::237,quantity_skew,0.1,0.1,none,42,-1
Tomato___Tomato_Yellow_Leaf_Curl_Virus/f9e6a633-a695-4239-9566-456473fdf474___UF.GRC_YLCV_Lab 01480.JPG,35,Tomato___Tomato_Yellow_Leaf_Curl_Virus,3,train,partition::00052220,img::D:/university/do-an-tot-nghiep/train-gd-2/PlantVillage-Dataset/raw/color/Tomato___Tomato_Yellow_Leaf_Curl_Virus/f9e6a633-a695-4239-9566-456473fdf474___UF.GRC_YLCV_Lab 01480.JPG,quantity_skew,0.1,0.1,none,42,-1
Tomato___Tomato_Yellow_Leaf_Curl_Virus/ff4746c1-c420-422f-9ace-e3c9be67bb4c___UF.GRC_YLCV_Lab 01933.JPG,35,Tomato___Tomato_Yellow_Leaf_Curl_Virus,3,train,partition::00052325,img::D:/university/do-an-tot-nghiep/train-gd-2/PlantVillage-Dataset/raw/color/Tomato___Tomato_Yellow_Leaf_Curl_Virus/ff4746c1-c420-422f-9ace-e3c9be67bb4c___UF.GRC_YLCV_Lab 01933.JPG,quantity_skew,0.1,0.1,none,42,-1
Tomato___Tomato_mosaic_virus/09910ece-e505-4e19-ae9b-0d9e2eaa2cb1___PSU_CG 2047.JPG,36,Tomato___Tomato_mosaic_virus,3,train,partition::00052352,img::D:/university/do-an-tot-nghiep/train-gd-2/PlantVillage-Dataset/raw/color/Tomato___Tomato_mosaic_virus/09910ece-e505-4e19-ae9b-0d9e2eaa2cb1___PSU_CG 2047.JPG,quantity_skew,0.1,0.1,none,42,-1
Tomato___Tomato_mosaic_virus/271772e3-6aeb-4d46-9233-ad877d12971f___PSU_CG 2317.JPG,36,Tomato___Tomato_mosaic_virus,3,train,partition::00052405,img::D:/university/do-an-tot-nghiep/train-gd-2/PlantVillage-Dataset/raw/color/Tomato___Tomato_mosaic_virus/271772e3-6aeb-4d46-9233-ad877d12971f___PSU_CG 2317.JPG,quantity_skew,0.1,0.1,none,42,-1
Tomato___Tomato_mosaic_virus/4ab5b752-6622-42f2-8743-fa9c9b03e137___PSU_CG 2120.JPG,36,Tomato___Tomato_mosaic_virus,3,train,partition::00052448,img::D:/university/do-an-tot-nghiep/train-gd-2/PlantVillage-Dataset/raw/color/Tomato___Tomato_mosaic_virus/4ab5b752-6622-42f2-8743-fa9c9b03e137___PSU_CG 2120.JPG,quantity_skew,0.1,0.1,none,42,-1
Tomato___Tomato_mosaic_virus/4e35d3db-e33d-493d-80f2-6a3fdce77959___PSU_CG 2135.JPG,36,Tomato___Tomato_mosaic_virus,3,train,partition::00052451,img::D:/university/do-an-tot-nghiep/train-gd-2/PlantVillage-Dataset/raw/color/Tomato___Tomato_mosaic_virus/4e35d3db-e33d-493d-80f2-6a3fdce77959___PSU_CG 2135.JPG,quantity_skew,0.1,0.1,none,42,-1
Tomato___Tomato_mosaic_virus/503c6a57-2af3-48ed-b96f-e2cbf6fb5dd1___PSU_CG 2263.JPG,36,Tomato___Tomato_mosaic_virus,3,train,partition::00052452,img::D:/university/do-an-tot-nghiep/train-gd-2/PlantVillage-Dataset/raw/color/Tomato___Tomato_mosaic_virus/503c6a57-2af3-48ed-b96f-e2cbf6fb5dd1___PSU_CG 2263.JPG,quantity_skew,0.1,0.1,none,42,-1
Tomato___Tomato_mosaic_virus/629e19d4-c6f5-457f-9e17-80a1e77140fe___PSU_CG 2129.JPG,36,Tomato___Tomato_mosaic_virus,3,train,partition::00052483,img::D:/university/do-an-tot-nghiep/train-gd-2/PlantVillage-Dataset/raw/color/Tomato___Tomato_mosaic_virus/629e19d4-c6f5-457f-9e17-80a1e77140fe___PSU_CG 2129.JPG,quantity_skew,0.1,0.1,none,42,-1
Tomato___Tomato_mosaic_virus/71aa5741-6923-4593-9a23-bc7f58dc40b2___PSU_CG 2183.JPG,36,Tomato___Tomato_mosaic_virus,3,train,partition::00052513,img::D:/university/do-an-tot-nghiep/train-gd-2/PlantVillage-Dataset/raw/color/Tomato___Tomato_mosaic_virus/71aa5741-6923-4593-9a23-bc7f58dc40b2___PSU_CG 2183.JPG,quantity_skew,0.1,0.1,none,42,-1
Tomato___Tomato_mosaic_virus/a5bc7391-adbd-4d94-89b0-e3aeb7ba81b9___PSU_CG 2368.JPG,36,Tomato___Tomato_mosaic_virus,3,train,partition::00052593,img::D:/university/do-an-tot-nghiep/train-gd-2/PlantVillage-Dataset/raw/color/Tomato___Tomato_mosaic_virus/a5bc7391-adbd-4d94-89b0-e3aeb7ba81b9___PSU_CG 2368.JPG,quantity_skew,0.1,0.1,none,42,-1
Tomato___Tomato_mosaic_virus/ffdb355f-1de6-4217-8aac-6695ee621512___PSU_CG 2342.JPG,36,Tomato___Tomato_mosaic_virus,3,train,partition::00052713,img::D:/university/do-an-tot-nghiep/train-gd-2/PlantVillage-Dataset/raw/color/Tomato___Tomato_mosaic_virus/ffdb355f-1de6-4217-8aac-6695ee621512___PSU_CG 2342.JPG,quantity_skew,0.1,0.1,none,42,-1
Tomato___healthy/109f3e0e-e7f4-41b9-b450-f68750e144ae___RS_HL 0014.JPG,37,Tomato___healthy,3,train,partition::00054012,Tomato___healthy:::3,quantity_skew,0.1,0.1,none,42,-1
Tomato___healthy/13688c77-f2ad-4f7c-972c-99d70652fac6___RS_HL 0458.JPG,37,Tomato___healthy,3,train,partition::00053986,Tomato___healthy:::114,quantity_skew,0.1,0.1,none,42,-1
Tomato___healthy/19787f8b-a78e-4cf2-8fb2-3aae59b20c47___RS_HL 0456.JPG,37,Tomato___healthy,3,train,partition::00053986,Tomato___healthy:::114,quantity_skew,0.1,0.1,none,42,-1
Tomato___healthy/237ec7d7-d96f-434d-8a94-250ec92c8e86___RS_HL 0457.JPG,37,Tomato___healthy,3,train,partition::00053986,Tomato___healthy:::114,quantity_skew,0.1,0.1,none,42,-1
Tomato___healthy/2bce59d3-c971-46da-8bb5-bc36b712e208___GH_HL Leaf 257.JPG,37,Tomato___healthy,3,train,partition::00052995,img::D:/university/do-an-tot-nghiep/train-gd-2/PlantVillage-Dataset/raw/color/Tomato___healthy/2bce59d3-c971-46da-8bb5-bc36b712e208___GH_HL Leaf 257.JPG,quantity_skew,0.1,0.1,none,42,-1
Tomato___healthy/2e875abf-377c-4663-a406-e02984215fa6___RS_HL 0499.JPG,37,Tomato___healthy,3,train,partition::00054070,Tomato___healthy:::125,quantity_skew,0.1,0.1,none,42,-1
Tomato___healthy/31e8eab6-d639-4055-a2ff-432955ef263b___RS_HL 9753.JPG,37,Tomato___healthy,3,train,partition::00054238,Tomato___healthy:::191,quantity_skew,0.1,0.1,none,42,-1
Tomato___healthy/3d59c273-6439-4c0d-b5ac-3738faca5d2a___RS_HL 0413.JPG,37,Tomato___healthy,3,train,partition::00054268,Tomato___healthy:::103,quantity_skew,0.1,0.1,none,42,-1
Tomato___healthy/425e5c47-5495-40ad-8c96-6c51768bc673___RS_HL 0025.JPG,37,Tomato___healthy,3,train,partition::00053765,Tomato___healthy:::6,quantity_skew,0.1,0.1,none,42,-1
Tomato___healthy/450a7466-982f-4954-8649-84c4a6ab98dd___RS_HL 0414.JPG,37,Tomato___healthy,3,train,partition::00054268,Tomato___healthy:::103,quantity_skew,0.1,0.1,none,42,-1
Tomato___healthy/461aa22a-be16-4dc8-9d60-45c38eabe504___RS_HL 0501.JPG,37,Tomato___healthy,3,train,partition::00054070,Tomato___healthy:::125,quantity_skew,0.1,0.1,none,42,-1
Tomato___healthy/4916cbbb-a567-4263-a56d-521abadfb0b8___RS_HL 0480.JPG,37,Tomato___healthy,3,train,partition::00053430,Tomato___healthy:::120,quantity_skew,0.1,0.1,none,42,-1
Tomato___healthy/4ce3098b-aad2-4e5b-8f3b-fd827cad2c0b___RS_HL 0026.JPG,37,Tomato___healthy,3,train,partition::00053765,Tomato___healthy:::6,quantity_skew,0.1,0.1,none,42,-1
Tomato___healthy/5f887895-963a-4a96-8962-5af383dbe29a___GH_HL Leaf 425.1.JPG,37,Tomato___healthy,3,train,partition::00053323,img::D:/university/do-an-tot-nghiep/train-gd-2/PlantVillage-Dataset/raw/color/Tomato___healthy/5f887895-963a-4a96-8962-5af383dbe29a___GH_HL Leaf 425.1.JPG,quantity_skew,0.1,0.1,none,42,-1
Tomato___healthy/621419a1-09f2-4a22-a569-6d8103895d1c___RS_HL 0023.JPG,37,Tomato___healthy,3,train,partition::00053765,Tomato___healthy:::6,quantity_skew,0.1,0.1,none,42,-1
Tomato___healthy/62c36cad-2102-451d-aca7-93f2e58e14ab___RS_HL 0481.JPG,37,Tomato___healthy,3,train,partition::00053430,Tomato___healthy:::120,quantity_skew,0.1,0.1,none,42,-1
Tomato___healthy/633b3f16-21a5-4e44-b9fe-8ba149264915___RS_HL 0482.JPG,37,Tomato___healthy,3,train,partition::00053430,Tomato___healthy:::120,quantity_skew,0.1,0.1,none,42,-1
Tomato___healthy/6555b55c-78bc-4391-88ed-65b596fc7e76___GH_HL Leaf 441.JPG,37,Tomato___healthy,3,train,partition::00053360,img::D:/university/do-an-tot-nghiep/train-gd-2/PlantVillage-Dataset/raw/color/Tomato___healthy/6555b55c-78bc-4391-88ed-65b596fc7e76___GH_HL Leaf 441.JPG,quantity_skew,0.1,0.1,none,42,-1
Tomato___healthy/6c125a79-9b14-4a91-8f03-342910c7fe57___GH_HL Leaf 433.JPG,37,Tomato___healthy,3,train,partition::00053404,img::D:/university/do-an-tot-nghiep/train-gd-2/PlantVillage-Dataset/raw/color/Tomato___healthy/6c125a79-9b14-4a91-8f03-342910c7fe57___GH_HL Leaf 433.JPG,quantity_skew,0.1,0.1,none,42,-1
Tomato___healthy/6d0a4eb6-2a48-4fd6-9bb5-df05eeeb05a8___GH_HL Leaf 316.2.JPG,37,Tomato___healthy,3,train,partition::00053413,img::D:/university/do-an-tot-nghiep/train-gd-2/PlantVillage-Dataset/raw/color/Tomato___healthy/6d0a4eb6-2a48-4fd6-9bb5-df05eeeb05a8___GH_HL Leaf 316.2.JPG,quantity_skew,0.1,0.1,none,42,-1
Tomato___healthy/6ddb8b0b-5d74-4381-8787-6229de8d51fc___GH_HL Leaf 378.JPG,37,Tomato___healthy,3,train,partition::00053422,img::D:/university/do-an-tot-nghiep/train-gd-2/PlantVillage-Dataset/raw/color/Tomato___healthy/6ddb8b0b-5d74-4381-8787-6229de8d51fc___GH_HL Leaf 378.JPG,quantity_skew,0.1,0.1,none,42,-1
Tomato___healthy/6ee48dff-5a8a-4751-8850-200575ee49b1___RS_HL 0479.JPG,37,Tomato___healthy,3,train,partition::00053430,Tomato___healthy:::120,quantity_skew,0.1,0.1,none,42,-1
Tomato___healthy/846276ae-4ccd-45ba-9a46-f913d04a9456___RS_HL 0012.JPG,37,Tomato___healthy,3,train,partition::00054012,Tomato___healthy:::3,quantity_skew,0.1,0.1,none,42,-1
Tomato___healthy/8c5dbb8f-90fb-4ec7-9563-11e54723687e___GH_HL Leaf 190.JPG,37,Tomato___healthy,3,train,partition::00053609,img::D:/university/do-an-tot-nghiep/train-gd-2/PlantVillage-Dataset/raw/color/Tomato___healthy/8c5dbb8f-90fb-4ec7-9563-11e54723687e___GH_HL Leaf 190.JPG,quantity_skew,0.1,0.1,none,42,-1
Tomato___healthy/8e117b61-5360-49c8-aa55-4e90f8fae129___GH_HL Leaf 261.JPG,37,Tomato___healthy,3,train,partition::00053621,img::D:/university/do-an-tot-nghiep/train-gd-2/PlantVillage-Dataset/raw/color/Tomato___healthy/8e117b61-5360-49c8-aa55-4e90f8fae129___GH_HL Leaf 261.JPG,quantity_skew,0.1,0.1,none,42,-1
Tomato___healthy/93c9da62-19ca-4e90-b355-0dc71ff5cc4b___RS_HL 9752.JPG,37,Tomato___healthy,3,train,partition::00054238,Tomato___healthy:::191,quantity_skew,0.1,0.1,none,42,-1
Tomato___healthy/9dab9ebd-6fbf-4565-99c3-06138ca51050___RS_HL 0500.JPG,37,Tomato___healthy,3,train,partition::00054070,Tomato___healthy:::125,quantity_skew,0.1,0.1,none,42,-1
Tomato___healthy/9dc940f8-cd79-4341-95ef-f845583d9dff___RS_HL 9751.JPG,37,Tomato___healthy,3,train,partition::00054238,Tomato___healthy:::191,quantity_skew,0.1,0.1,none,42,-1
Tomato___healthy/a8070204-763a-47f2-9b83-445c17975cdf___RS_HL 0024.JPG,37,Tomato___healthy,3,train,partition::00053765,Tomato___healthy:::6,quantity_skew,0.1,0.1,none,42,-1
Tomato___healthy/acf28842-7821-4f31-ab73-2787e332e852___RS_HL 0011.JPG,37,Tomato___healthy,3,train,partition::00054012,Tomato___healthy:::3,quantity_skew,0.1,0.1,none,42,-1
Tomato___healthy/caab6cf8-07a8-422a-84e9-3311f85d2427___RS_HL 0455.JPG,37,Tomato___healthy,3,train,partition::00053986,Tomato___healthy:::114,quantity_skew,0.1,0.1,none,42,-1
Tomato___healthy/cea3c7e9-94d8-4f97-bd50-e19a428c5162___RS_HL 0013.JPG,37,Tomato___healthy,3,train,partition::00054012,Tomato___healthy:::3,quantity_skew,0.1,0.1,none,42,-1
Tomato___healthy/d3997d9d-f607-44f2-9473-b41db6b1116b___GH_HL Leaf 473.JPG,37,Tomato___healthy,3,train,partition::00054041,img::D:/university/do-an-tot-nghiep/train-gd-2/PlantVillage-Dataset/raw/color/Tomato___healthy/d3997d9d-f607-44f2-9473-b41db6b1116b___GH_HL Leaf 473.JPG,quantity_skew,0.1,0.1,none,42,-1
Tomato___healthy/d76f5b4a-9205-4a14-9181-5d3add326231___GH_HL Leaf 447.JPG,37,Tomato___healthy,3,train,partition::00054068,img::D:/university/do-an-tot-nghiep/train-gd-2/PlantVillage-Dataset/raw/color/Tomato___healthy/d76f5b4a-9205-4a14-9181-5d3add326231___GH_HL Leaf 447.JPG,quantity_skew,0.1,0.1,none,42,-1
Tomato___healthy/d7c5d552-e2c6-4868-ac4a-4ffa33151632___RS_HL 0502.JPG,37,Tomato___healthy,3,train,partition::00054070,Tomato___healthy:::125,quantity_skew,0.1,0.1,none,42,-1
Tomato___healthy/e283f6ea-c756-47ca-ac84-57a38138b571___GH_HL Leaf 343.JPG,37,Tomato___healthy,3,train,partition::00054136,img::D:/university/do-an-tot-nghiep/train-gd-2/PlantVillage-Dataset/raw/color/Tomato___healthy/e283f6ea-c756-47ca-ac84-57a38138b571___GH_HL Leaf 343.JPG,quantity_skew,0.1,0.1,none,42,-1
Tomato___healthy/eab401a8-c014-4a63-98d4-b6144cfc7bc9___GH_HL Leaf 289.JPG,37,Tomato___healthy,3,train,partition::00054192,img::D:/university/do-an-tot-nghiep/train-gd-2/PlantVillage-Dataset/raw/color/Tomato___healthy/eab401a8-c014-4a63-98d4-b6144cfc7bc9___GH_HL Leaf 289.JPG,quantity_skew,0.1,0.1,none,42,-1
Tomato___healthy/f2758dd2-5274-45df-8f00-639731ec3120___RS_HL 9750.JPG,37,Tomato___healthy,3,train,partition::00054238,Tomato___healthy:::191,quantity_skew,0.1,0.1,none,42,-1
Tomato___healthy/f5252d99-6752-457b-b430-965d545d3b41___RS_HL 0412.JPG,37,Tomato___healthy,3,train,partition::00054268,Tomato___healthy:::103,quantity_skew,0.1,0.1,none,42,-1
Tomato___healthy/fad6841f-6194-4cf4-8101-b42206bd476c___RS_HL 0411.JPG,37,Tomato___healthy,3,train,partition::00054268,Tomato___healthy:::103,quantity_skew,0.1,0.1,none,42,-1
Tomato___healthy/fd061d12-644d-4ac5-a0b5-2e88469e506b___GH_HL Leaf 414.JPG,37,Tomato___healthy,3,train,partition::00054285,img::D:/university/do-an-tot-nghiep/train-gd-2/PlantVillage-Dataset/raw/color/Tomato___healthy/fd061d12-644d-4ac5-a0b5-2e88469e506b___GH_HL Leaf 414.JPG,quantity_skew,0.1,0.1,none,42,-1
