relative_path,label,class_name,client_id,split,group_id,leaf_group_id,scenario,alpha,quantity_alpha,feature_skew,seed,domain_id
Apple___Black_rot/09baab32-8360-4251-9c84-a5ce6bfdfff1___JR_FrgE.S 2883.JPG,1,Apple___Black_rot,3,train,partition::00000655,img::D:/university/do-an-tot-nghiep/train-gd-2/PlantVillage-Dataset/raw/color/Apple___Black_rot/09baab32-8360-4251-9c84-a5ce6bfdfff1___JR_FrgE.S 2883.JPG,feature_dirichlet,0.1,0.1,synthetic_domain,42,4
Apple___Black_rot/3235339f-7b7b-423a-850a-0fd58ded4725___JR_FrgE.S 2791.JPG,1,Apple___Black_rot,3,train,partition::00000733,img::D:/university/do-an-tot-nghiep/train-gd-2/PlantVillage-Dataset/raw/color/Apple___Black_rot/3235339f-7b7b-423a-850a-0fd58ded4725___JR_FrgE.S 2791.JPG,feature_dirichlet,0.1,0.1,synthetic_domain,42,4
Apple___Black_rot/58c65e96-71e6-4176-bf47-24b529fa3aa6___JR_FrgE.S 8716.JPG,1,Apple___Black_rot,3,train,partition::00000841,img::D:/university/do-an-tot-nghiep/train-gd-2/PlantVillage-Dataset/raw/color/Apple___Black_rot/58c65e96-71e6-4176-bf47-24b529fa3aa6___JR_FrgE.S 8716.JPG,feature_dirichlet,0.1,0.1,synthetic_domain,42,4
Apple___Black_rot/6af653b0-6a01-458c-bb17-5ee1b76115f4___JR_FrgE.S 2753.JPG,1,Apple___Black_rot,3,train,partition::00000880,img::D:/university/do-an-tot-nghiep/train-gd-2/PlantVillage-Dataset/raw/color/Apple___Black_rot/6af653b0-6a01-458c-bb17-5ee1b76115f4___JR_FrgE.S 2753.JPG,feature_dirichlet,0.1,0.1,synthetic_domain,42,4
Apple___Black_rot/7d0776a1-7aba-4923-93b5-7ec629ca108b___JR_FrgE.S 2902.JPG,1,Apple___Black_rot,3,train,partition::00000932,img::D:/university/do-an-tot-nghiep/train-gd-2/PlantVillage-Dataset/raw/color/Apple___Black_rot/7d0776a1-7aba-4923-93b5-7ec629ca108b___JR_FrgE.S 2902.JPG,feature_dirichlet,0.1,0.1,synthetic_domain,42,2
Apple___Black_rot/9922fc5b-28d9-4ad7-90f2-7ad252f716dc___JR_FrgE.S 2741.JPG,1,Apple___Black_rot,3,train,partition::00000997,img::D:/university/do-an-tot-nghiep/train-gd-2/PlantVillage-Dataset/raw/color/Apple___Black_rot/9922fc5b-28d9-4ad7-90f2-7ad252f716dc___JR_FrgE.S 2741.JPG,feature_dirichlet,0.1,0.1,synthetic_domain,42,4
Apple___Black_rot/9f05f403-78c7-4a14-9c4d-452f433745eb___JR_FrgE.S 3091.JPG,1,Apple___Black_rot,3,train,partition::00001014,img::D:/university/do-an-tot-nghiep/train-gd-2/PlantVillage-Dataset/raw/color/Apple___Black_rot/9f05f403-78c7-4a14-9c4d-452f433745eb___JR_FrgE.S 3091.JPG,feature_dirichlet,0.1,0.1,synthetic_domain,42,4
Apple___Black_rot/f3ff804e-bca4-4a23-9af9-1f5b8c5c9980___JR_FrgE.S 3053.JPG,1,Apple___Black_rot,3,train,partition::00001214,img::D:/university/do-an-tot-nghiep/train-gd-2/PlantVillage-Dataset/raw/color/Apple___Black_rot/f3ff804e-bca4-4a23-9af9-1f5b8c5c9980___JR_FrgE.S 3053.JPG,feature_dirichlet,0.1,0.1,synthetic_domain,42,4
Apple___Black_rot/f7565e18-4946-4049-a1cd-ded7d3c09cef___JR_FrgE.S 2755.JPG,1,Apple___Black_rot,3,train,partition::00001224,img::D:/university/do-an-tot-nghiep/train-gd-2/PlantVillage-Dataset/raw/color/Apple___Black_rot/f7565e18-4946-4049-a1cd-ded7d3c09cef___JR_FrgE.S 2755.JPG,feature_dirichlet,0.1,0.1,synthetic_domain,42,2
Apple___healthy/6935b4ee-4f53-4f11-b2bf-d9e7db6dcaa9___RS_HL 7253.JPG,3,Apple___healthy,3,train,partition::00002862,Apple___healthy:::118,feature_dirichlet,0.1,0.1,synthetic_domain,42,4
Apple___healthy/7de88302-023d-4979-ad91-88cb5c02f14b___RS_HL 7255.JPG,3,Apple___healthy,3,train,partition::00002862,Apple___healthy:::118,feature_dirichlet,0.1,0.1,synthetic_domain,42,4
Apple___healthy/ceead707-a3f7-4ac7-801e-113399dcf68a___RS_HL 7254.JPG,3,Apple___healthy,3,train,partition::00002862,Apple___healthy:::118,feature_dirichlet,0.1,0.1,synthetic_domain,42,4
Blueberry___healthy/1afe84ad-a5f0-4783-bf7b-a7aae0b14099___RS_HL 0702.JPG,4,Blueberry___healthy,3,train,partition::00004335,Blueberry___healthy:::54,feature_dirichlet,0.1,0.1,synthetic_domain,42,2
Blueberry___healthy/50a14f2b-2360-42be-a26e-a51b8bc0bcbc___RS_HL 0707.JPG,4,Blueberry___healthy,3,train,partition::00004335,Blueberry___healthy:::54,feature_dirichlet,0.1,0.1,synthetic_domain,42,2
Blueberry___healthy/61375e09-4dc0-4e0b-962a-21528764f4c7___RS_HL 0704.JPG,4,Blueberry___healthy,3,train,partition::00004335,Blueberry___healthy:::54,feature_dirichlet,0.1,0.1,synthetic_domain,42,2
Blueberry___healthy/965e90ca-f57d-432b-a648-5cbe17584789___RS_HL 0703.JPG,4,Blueberry___healthy,3,train,partition::00004335,Blueberry___healthy:::54,feature_dirichlet,0.1,0.1,synthetic_domain,42,2
Blueberry___healthy/9d9bcf84-edd8-40b3-9b48-bacb38e38a90___RS_HL 0701.JPG,4,Blueberry___healthy,3,train,partition::00004335,Blueberry___healthy:::54,feature_dirichlet,0.1,0.1,synthetic_domain,42,2
Blueberry___healthy/a19e6cc6-e04b-451c-8d51-143ba9512869___RS_HL 0706.JPG,4,Blueberry___healthy,3,train,partition::00004335,Blueberry___healthy:::54,feature_dirichlet,0.1,0.1,synthetic_domain,42,2
Blueberry___healthy/c85a2fb8-d8d2-497b-b6e2-19004e8d08f5___RS_HL 0705.JPG,4,Blueberry___healthy,3,train,partition::00004335,Blueberry___healthy:::54,feature_dirichlet,0.1,0.1,synthetic_domain,42,2
Cherry_(including_sour)___healthy/00a8e886-d172-4261-85e2-780b3c50ad4d___JR_HL 4156.JPG,6,Cherry_(including_sour)___healthy,3,train,partition::00006574,Cherry_(including_sour)___healthy:::22,feature_dirichlet,0.1,0.1,synthetic_domain,42,4
Cherry_(including_sour)___healthy/0438b691-45f8-4251-83bd-8344656716a1___JR_HL 4152.JPG,6,Cherry_(including_sour)___healthy,3,train,partition::00006574,Cherry_(including_sour)___healthy:::22,feature_dirichlet,0.1,0.1,synthetic_domain,42,4
Cherry_(including_sour)___healthy/0580bdc7-e60e-4ba9-87dc-1202e57b94aa___JR_HL 4159.JPG,6,Cherry_(including_sour)___healthy,3,train,partition::00006574,Cherry_(including_sour)___healthy:::22,feature_dirichlet,0.1,0.1,synthetic_domain,42,4
Cherry_(including_sour)___healthy/077273c0-4325-45d9-995e-20b060eab6bf___JR_HL 9494.JPG,6,Cherry_(including_sour)___healthy,3,train,partition::00006308,Cherry_(including_sour)___healthy:::49,feature_dirichlet,0.1,0.1,synthetic_domain,42,4
Cherry_(including_sour)___healthy/1b0fb3a9-af8f-4e4a-86e7-b0d0cd5d0580___JR_HL 4187.JPG,6,Cherry_(including_sour)___healthy,3,train,partition::00006447,Cherry_(including_sour)___healthy:::25,feature_dirichlet,0.1,0.1,synthetic_domain,42,4
Cherry_(including_sour)___healthy/23066177-8deb-44c9-8180-d38348f63c18___JR_HL 9492.JPG,6,Cherry_(including_sour)___healthy,3,train,partition::00006308,Cherry_(including_sour)___healthy:::49,feature_dirichlet,0.1,0.1,synthetic_domain,42,4
Cherry_(including_sour)___healthy/37031cef-9105-4a23-9282-86bcdbdbb4ac___JR_HL 4151.JPG,6,Cherry_(including_sour)___healthy,3,train,partition::00006574,Cherry_(including_sour)___healthy:::22,feature_dirichlet,0.1,0.1,synthetic_domain,42,4
Cherry_(including_sour)___healthy/44d80d9e-aa06-4987-acf0-a0ea69eb0982___JR_HL 9497.JPG,6,Cherry_(including_sour)___healthy,3,train,partition::00006308,Cherry_(including_sour)___healthy:::49,feature_dirichlet,0.1,0.1,synthetic_domain,42,4
Cherry_(including_sour)___healthy/47c3230c-dc1e-4787-a533-2b5afc0cdffa___JR_HL 9491.JPG,6,Cherry_(including_sour)___healthy,3,train,partition::00006308,Cherry_(including_sour)___healthy:::49,feature_dirichlet,0.1,0.1,synthetic_domain,42,4
Cherry_(including_sour)___healthy/49547074-60cf-4924-b6a3-4c70baf60186___JR_HL 4189.JPG,6,Cherry_(including_sour)___healthy,3,train,partition::00006447,Cherry_(including_sour)___healthy:::25,feature_dirichlet,0.1,0.1,synthetic_domain,42,4
Cherry_(including_sour)___healthy/4998a03a-2eca-4b0f-9c66-bdb616b88076___JR_HL 4154.JPG,6,Cherry_(including_sour)___healthy,3,train,partition::00006574,Cherry_(including_sour)___healthy:::22,feature_dirichlet,0.1,0.1,synthetic_domain,42,4
Cherry_(including_sour)___healthy/4e362d72-5f68-41fd-a40b-506f7504af4f___JR_HL 9496.JPG,6,Cherry_(including_sour)___healthy,3,train,partition::00006308,Cherry_(including_sour)___healthy:::49,feature_dirichlet,0.1,0.1,synthetic_domain,42,4
Cherry_(including_sour)___healthy/5145073c-b7b7-4127-b856-860a402ddd30___JR_HL 4191.JPG,6,Cherry_(including_sour)___healthy,3,train,partition::00006447,Cherry_(including_sour)___healthy:::25,feature_dirichlet,0.1,0.1,synthetic_domain,42,4
Cherry_(including_sour)___healthy/6252a6cd-23cf-495c-b452-518100eb243c___JR_HL 4155.JPG,6,Cherry_(including_sour)___healthy,3,train,partition::00006574,Cherry_(including_sour)___healthy:::22,feature_dirichlet,0.1,0.1,synthetic_domain,42,4
Cherry_(including_sour)___healthy/6e146211-ac9a-4d39-bb85-1f8eb596c57d___JR_HL 4186.JPG,6,Cherry_(including_sour)___healthy,3,train,partition::00006447,Cherry_(including_sour)___healthy:::25,feature_dirichlet,0.1,0.1,synthetic_domain,42,4
Cherry_(including_sour)___healthy/73528ace-e81b-4d49-abea-1b9c395feba2___JR_HL 4184.JPG,6,Cherry_(including_sour)___healthy,3,train,partition::00006447,Cherry_(including_sour)___healthy:::25,feature_dirichlet,0.1,0.1,synthetic_domain,42,4
Cherry_(including_sour)___healthy/7bc96ca4-67f9-45c7-934e-b2d7f1bd36d3___JR_HL 4185.JPG,6,Cherry_(including_sour)___healthy,3,train,partition::00006447,Cherry_(including_sour)___healthy:::25,feature_dirichlet,0.1,0.1,synthetic_domain,42,4
Cherry_(including_sour)___healthy/87e1d554-2e33-4985-8749-7093a68b0dc7___JR_HL 9493.JPG,6,Cherry_(including_sour)___healthy,3,train,partition::00006308,Cherry_(including_sour)___healthy:::49,feature_dirichlet,0.1,0.1,synthetic_domain,42,4
Cherry_(including_sour)___healthy/a6562ee2-b37b-4734-9bf4-75da24f34bd1___JR_HL 4153.JPG,6,Cherry_(including_sour)___healthy,3,train,partition::00006574,Cherry_(including_sour)___healthy:::22,feature_dirichlet,0.1,0.1,synthetic_domain,42,4
Cherry_(including_sour)___healthy/b337e8a0-958c-48e3-9368-1d68fa26a493___JR_HL 4190.JPG,6,Cherry_(including_sour)___healthy,3,train,partition::00006447,Cherry_(including_sour)___healthy:::25,feature_dirichlet,0.1,0.1,synthetic_domain,42,4
Cherry_(including_sour)___healthy/b489ce0e-ab37-4bd9-b45a-84f8d994eb0f___JR_HL 9495.JPG,6,Cherry_(including_sour)___healthy,3,train,partition::00006308,Cherry_(including_sour)___healthy:::49,feature_dirichlet,0.1,0.1,synthetic_domain,42,4
Cherry_(including_sour)___healthy/c019b1dd-288e-4914-9abb-348e33cec899___JR_HL 4157.JPG,6,Cherry_(including_sour)___healthy,3,train,partition::00006574,Cherry_(including_sour)___healthy:::22,feature_dirichlet,0.1,0.1,synthetic_domain,42,4
Cherry_(including_sour)___healthy/c6ea1d38-a31a-470f-8b41-21198c7863eb___JR_HL 4188.JPG,6,Cherry_(including_sour)___healthy,3,train,partition::00006447,Cherry_(including_sour)___healthy:::25,feature_dirichlet,0.1,0.1,synthetic_domain,42,4
Cherry_(including_sour)___healthy/cc04b27c-e092-4e11-92e6-44a9589ec04e___JR_HL 4183.JPG,6,Cherry_(including_sour)___healthy,3,train,partition::00006447,Cherry_(including_sour)___healthy:::25,feature_dirichlet,0.1,0.1,synthetic_domain,42,4
Cherry_(including_sour)___healthy/dcd94f3c-a363-4b22-8dd8-0ae62ddc6f07___JR_HL 4192.JPG,6,Cherry_(including_sour)___healthy,3,train,partition::00006447,Cherry_(including_sour)___healthy:::25,feature_dirichlet,0.1,0.1,synthetic_domain,42,4
Cherry_(including_sour)___healthy/f839564b-c510-4e67-b9c7-c5dd65b920e8___JR_HL 4158.JPG,6,Cherry_(including_sour)___healthy,3,train,partition::00006574,Cherry_(including_sour)___healthy:::22,feature_dirichlet,0.1,0.1,synthetic_domain,42,4
Cherry_(including_sour)___healthy/fe061ef6-f54a-4edd-8ac2-03a2397c6df8___JR_HL 4160.JPG,6,Cherry_(including_sour)___healthy,3,train,partition::00006574,Cherry_(including_sour)___healthy:::22,feature_dirichlet,0.1,0.1,synthetic_domain,42,4
Corn_(maize)___Cercospora_leaf_spot Gray_leaf_spot/2b6bb6a5-3f70-48da-a968-13d840815bbb___RS_GLSp 9277.JPG,7,Corn_(maize)___Cercospora_leaf_spot Gray_leaf_spot,3,train,partition::00006663,img::D:/university/do-an-tot-nghiep/train-gd-2/PlantVillage-Dataset/raw/color/Corn_(maize)___Cercospora_leaf_spot Gray_leaf_spot/2b6bb6a5-3f70-48da-a968-13d840815bbb___RS_GLSp 9277.JPG,feature_dirichlet,0.1,0.1,synthetic_domain,42,2
Corn_(maize)___Cercospora_leaf_spot Gray_leaf_spot/60360241-19f0-4773-9eca-4ca26fcf49b4___RS_GLSp 4394.JPG,7,Corn_(maize)___Cercospora_leaf_spot Gray_leaf_spot,3,train,partition::00006751,img::D:/university/do-an-tot-nghiep/train-gd-2/PlantVillage-Dataset/raw/color/Corn_(maize)___Cercospora_leaf_spot Gray_leaf_spot/60360241-19f0-4773-9eca-4ca26fcf49b4___RS_GLSp 4394.JPG,feature_dirichlet,0.1,0.1,synthetic_domain,42,4
Corn_(maize)___Cercospora_leaf_spot Gray_leaf_spot/8bc4bad8-0337-4b33-858d-4d97aa0b6e4b___RS_GLSp 9366.JPG,7,Corn_(maize)___Cercospora_leaf_spot Gray_leaf_spot,3,train,partition::00006836,img::D:/university/do-an-tot-nghiep/train-gd-2/PlantVillage-Dataset/raw/color/Corn_(maize)___Cercospora_leaf_spot Gray_leaf_spot/8bc4bad8-0337-4b33-858d-4d97aa0b6e4b___RS_GLSp 9366.JPG,feature_dirichlet,0.1,0.1,synthetic_domain,42,4
Corn_(maize)___Cercospora_leaf_spot Gray_leaf_spot/bbea95f8-cc26-40b6-9436-228f70d605d7___RS_GLSp 7332.JPG,7,Corn_(maize)___Cercospora_leaf_spot Gray_leaf_spot,3,train,partition::00006948,img::D:/university/do-an-tot-nghiep/train-gd-2/PlantVillage-Dataset/raw/color/Corn_(maize)___Cercospora_leaf_spot Gray_leaf_spot/bbea95f8-cc26-40b6-9436-228f70d605d7___RS_GLSp 7332.JPG,feature_dirichlet,0.1,0.1,synthetic_domain,42,4
Corn_(maize)___Cercospora_leaf_spot Gray_leaf_spot/d5c6e7d2-c531-4ef2-adb5-987d705923bb___RS_GLSp 4657 copy.jpg,7,Corn_(maize)___Cercospora_leaf_spot Gray_leaf_spot,3,train,partition::00007012,img::D:/university/do-an-tot-nghiep/train-gd-2/PlantVillage-Dataset/raw/color/Corn_(maize)___Cercospora_leaf_spot Gray_leaf_spot/d5c6e7d2-c531-4ef2-adb5-987d705923bb___RS_GLSp 4657 copy.jpg,feature_dirichlet,0.1,0.1,synthetic_domain,42,4
Corn_(maize)___Cercospora_leaf_spot Gray_leaf_spot/d703fb4d-1b5e-4fde-8cb9-d639a884e3ee___RS_GLSp 4401.JPG,7,Corn_(maize)___Cercospora_leaf_spot Gray_leaf_spot,3,train,partition::00007014,img::D:/university/do-an-tot-nghiep/train-gd-2/PlantVillage-Dataset/raw/color/Corn_(maize)___Cercospora_leaf_spot Gray_leaf_spot/d703fb4d-1b5e-4fde-8cb9-d639a884e3ee___RS_GLSp 4401.JPG,feature_dirichlet,0.1,0.1,synthetic_domain,42,4
Corn_(maize)___Cercospora_leaf_spot Gray_leaf_spot/de571dd2-b61a-488d-8c1a-c95b72720109___RS_GLSp 4647.JPG,7,Corn_(maize)___Cercospora_leaf_spot Gray_leaf_spot,3,train,partition::00007028,img::D:/university/do-an-tot-nghiep/train-gd-2/PlantVillage-Dataset/raw/color/Corn_(maize)___Cercospora_leaf_spot Gray_leaf_spot/de571dd2-b61a-488d-8c1a-c95b72720109___RS_GLSp 4647.JPG,feature_dirichlet,0.1,0.1,synthetic_domain,42,4
Corn_(maize)___Cercospora_leaf_spot Gray_leaf_spot/e3d043b6-c62b-4e04-8878-fe26f20025e9___RS_GLSp 9360.JPG,7,Corn_(maize)___Cercospora_leaf_spot Gray_leaf_spot,3,train,partition::00007035,img::D:/university/do-an-tot-nghiep/train-gd-2/PlantVillage-Dataset/raw/color/Corn_(maize)___Cercospora_leaf_spot Gray_leaf_spot/e3d043b6-c62b-4e04-8878-fe26f20025e9___RS_GLSp 9360.JPG,feature_dirichlet,0.1,0.1,synthetic_domain,42,4
Corn_(maize)___Cercospora_leaf_spot Gray_leaf_spot/ed054cc0-58f1-4ca0-a369-2c04ffba43b0___RS_GLSp 4657.JPG,7,Corn_(maize)___Cercospora_leaf_spot Gray_leaf_spot,3,train,partition::00007012,img::D:/university/do-an-tot-nghiep/train-gd-2/PlantVillage-Dataset/raw/color/Corn_(maize)___Cercospora_leaf_spot Gray_leaf_spot/ed054cc0-58f1-4ca0-a369-2c04ffba43b0___RS_GLSp 4657.JPG,feature_dirichlet,0.1,0.1,synthetic_domain,42,4
Corn_(maize)___Common_rust_/RS_Rust 1712.JPG,8,Corn_(maize)___Common_rust_,3,train,partition::00007240,img::D:/university/do-an-tot-nghiep/train-gd-2/PlantVillage-Dataset/raw/color/Corn_(maize)___Common_rust_/RS_Rust 1712.JPG,feature_dirichlet,0.1,0.1,synthetic_domain,42,4
Corn_(maize)___Common_rust_/RS_Rust 1730.JPG,8,Corn_(maize)___Common_rust_,3,train,partition::00007258,img::D:/university/do-an-tot-nghiep/train-gd-2/PlantVillage-Dataset/raw/color/Corn_(maize)___Common_rust_/RS_Rust 1730.JPG,feature_dirichlet,0.1,0.1,synthetic_domain,42,4
Corn_(maize)___Common_rust_/RS_Rust 1766.JPG,8,Corn_(maize)___Common_rust_,3,train,partition::00007294,img::D:/university/do-an-tot-nghiep/train-gd-2/PlantVillage-Dataset/raw/color/Corn_(maize)___Common_rust_/RS_Rust 1766.JPG,feature_dirichlet,0.1,0.1,synthetic_domain,42,4
Corn_(maize)___Common_rust_/RS_Rust 1792.JPG,8,Corn_(maize)___Common_rust_,3,train,partition::00007320,img::D:/university/do-an-tot-nghiep/train-gd-2/PlantVillage-Dataset/raw/color/Corn_(maize)___Common_rust_/RS_Rust 1792.JPG,feature_dirichlet,0.1,0.1,synthetic_domain,42,4
Corn_(maize)___Common_rust_/RS_Rust 1881.JPG,8,Corn_(maize)___Common_rust_,3,train,partition::00007405,img::D:/university/do-an-tot-nghiep/train-gd-2/PlantVillage-Dataset/raw/color/Corn_(maize)___Common_rust_/RS_Rust 1881.JPG,feature_dirichlet,0.1,0.1,synthetic_domain,42,2
Corn_(maize)___Common_rust_/RS_Rust 1989.JPG,8,Corn_(maize)___Common_rust_,3,train,partition::00007511,img::D:/university/do-an-tot-nghiep/train-gd-2/PlantVillage-Dataset/raw/color/Corn_(maize)___Common_rust_/RS_Rust 1989.JPG,feature_dirichlet,0.1,0.1,synthetic_domain,42,4
Corn_(maize)___Common_rust_/RS_Rust 2048.JPG,8,Corn_(maize)___Common_rust_,3,train,partition::00007570,img::D:/university/do-an-tot-nghiep/train-gd-2/PlantVillage-Dataset/raw/color/Corn_(maize)___Common_rust_/RS_Rust 2048.JPG,feature_dirichlet,0.1,0.1,synthetic_domain,42,2
Corn_(maize)___Common_rust_/RS_Rust 2099.JPG,8,Corn_(maize)___Common_rust_,3,train,partition::00007621,img::D:/university/do-an-tot-nghiep/train-gd-2/PlantVillage-Dataset/raw/color/Corn_(maize)___Common_rust_/RS_Rust 2099.JPG,feature_dirichlet,0.1,0.1,synthetic_domain,42,4
Corn_(maize)___Common_rust_/RS_Rust 2135.JPG,8,Corn_(maize)___Common_rust_,3,train,partition::00007656,img::D:/university/do-an-tot-nghiep/train-gd-2/PlantVillage-Dataset/raw/color/Corn_(maize)___Common_rust_/RS_Rust 2135.JPG,feature_dirichlet,0.1,0.1,synthetic_domain,42,2
Corn_(maize)___Common_rust_/RS_Rust 2143.JPG,8,Corn_(maize)___Common_rust_,3,train,partition::00007664,img::D:/university/do-an-tot-nghiep/train-gd-2/PlantVillage-Dataset/raw/color/Corn_(maize)___Common_rust_/RS_Rust 2143.JPG,feature_dirichlet,0.1,0.1,synthetic_domain,42,4
Corn_(maize)___Common_rust_/RS_Rust 2166.JPG,8,Corn_(maize)___Common_rust_,3,train,partition::00007687,img::D:/university/do-an-tot-nghiep/train-gd-2/PlantVillage-Dataset/raw/color/Corn_(maize)___Common_rust_/RS_Rust 2166.JPG,feature_dirichlet,0.1,0.1,synthetic_domain,42,2
Corn_(maize)___Common_rust_/RS_Rust 2329.JPG,8,Corn_(maize)___Common_rust_,3,train,partition::00007849,img::D:/university/do-an-tot-nghiep/train-gd-2/PlantVillage-Dataset/raw/color/Corn_(maize)___Common_rust_/RS_Rust 2329.JPG,feature_dirichlet,0.1,0.1,synthetic_domain,42,4
Corn_(maize)___Common_rust_/RS_Rust 2482.JPG,8,Corn_(maize)___Common_rust_,3,train,partition::00007997,img::D:/university/do-an-tot-nghiep/train-gd-2/PlantVillage-Dataset/raw/color/Corn_(maize)___Common_rust_/RS_Rust 2482.JPG,feature_dirichlet,0.1,0.1,synthetic_domain,42,4
Corn_(maize)___Common_rust_/RS_Rust 2554.JPG,8,Corn_(maize)___Common_rust_,3,train,partition::00008068,img::D:/university/do-an-tot-nghiep/train-gd-2/PlantVillage-Dataset/raw/color/Corn_(maize)___Common_rust_/RS_Rust 2554.JPG,feature_dirichlet,0.1,0.1,synthetic_domain,42,4
Corn_(maize)___Common_rust_/RS_Rust 2595.JPG,8,Corn_(maize)___Common_rust_,3,train,partition::00008109,img::D:/university/do-an-tot-nghiep/train-gd-2/PlantVillage-Dataset/raw/color/Corn_(maize)___Common_rust_/RS_Rust 2595.JPG,feature_dirichlet,0.1,0.1,synthetic_domain,42,2
Corn_(maize)___Common_rust_/RS_Rust 2691.JPG,8,Corn_(maize)___Common_rust_,3,train,partition::00008205,img::D:/university/do-an-tot-nghiep/train-gd-2/PlantVillage-Dataset/raw/color/Corn_(maize)___Common_rust_/RS_Rust 2691.JPG,feature_dirichlet,0.1,0.1,synthetic_domain,42,2
Corn_(maize)___Northern_Leaf_Blight/10b05173-08e7-4470-a581-a64898a6af88___RS_NLB 3799.JPG,9,Corn_(maize)___Northern_Leaf_Blight,3,train,partition::00008351,img::D:/university/do-an-tot-nghiep/train-gd-2/PlantVillage-Dataset/raw/color/Corn_(maize)___Northern_Leaf_Blight/10b05173-08e7-4470-a581-a64898a6af88___RS_NLB 3799.JPG,feature_dirichlet,0.1,0.1,synthetic_domain,42,2
Corn_(maize)___Northern_Leaf_Blight/14c0cb10-f1bc-49d5-b03e-65a81805140c___RS_NLB 3826.JPG,9,Corn_(maize)___Northern_Leaf_Blight,3,train,partition::00008368,img::D:/university/do-an-tot-nghiep/train-gd-2/PlantVillage-Dataset/raw/color/Corn_(maize)___Northern_Leaf_Blight/14c0cb10-f1bc-49d5-b03e-65a81805140c___RS_NLB 3826.JPG,feature_dirichlet,0.1,0.1,synthetic_domain,42,4
Corn_(maize)___Northern_Leaf_Blight/14db59c3-03bf-4d81-80b0-19e778ed17e7___RS_NLB 3542.JPG,9,Corn_(maize)___Northern_Leaf_Blight,3,train,partition::00008369,img::D:/university/do-an-tot-nghiep/train-gd-2/PlantVillage-Dataset/raw/color/Corn_(maize)___Northern_Leaf_Blight/14db59c3-03bf-4d81-80b0-19e778ed17e7___RS_NLB 3542.JPG,feature_dirichlet,0.1,0.1,synthetic_domain,42,4
Corn_(maize)___Northern_Leaf_Blight/34ae03ee-4314-47b1-a568-f3537bc2afba___RS_NLB 3672.JPG,9,Corn_(maize)___Northern_Leaf_Blight,3,train,partition::00008493,img::D:/university/do-an-tot-nghiep/train-gd-2/PlantVillage-Dataset/raw/color/Corn_(maize)___Northern_Leaf_Blight/34ae03ee-4314-47b1-a568-f3537bc2afba___RS_NLB 3672.JPG,feature_dirichlet,0.1,0.1,synthetic_domain,42,4
Corn_(maize)___Northern_Leaf_Blight/4feaacb9-a17f-4b39-85d5-85e5fb9997a3___RS_NLB 3575.JPG,9,Corn_(maize)___Northern_Leaf_Blight,3,train,partition::00008583,img::D:/university/do-an-tot-nghiep/train-gd-2/PlantVillage-Dataset/raw/color/Corn_(maize)___Northern_Leaf_Blight/4feaacb9-a17f-4b39-85d5-85e5fb9997a3___RS_NLB 3575.JPG,feature_dirichlet,0.1,0.1,synthetic_domain,42,4
Corn_(maize)___Northern_Leaf_Blight/5a9feebe-b5b4-40e2-a717-1b5ea0666356___RS_NLB 3833.JPG,9,Corn_(maize)___Northern_Leaf_Blight,3,train,partition::00008619,img::D:/university/do-an-tot-nghiep/train-gd-2/PlantVillage-Dataset/raw/color/Corn_(maize)___Northern_Leaf_Blight/5a9feebe-b5b4-40e2-a717-1b5ea0666356___RS_NLB 3833.JPG,feature_dirichlet,0.1,0.1,synthetic_domain,42,2
Corn_(maize)___Northern_Leaf_Blight/5b4f7b36-0ce5-491c-93bb-ac81b21b13c6___RS_NLB 3824.JPG,9,Corn_(maize)___Northern_Leaf_Blight,3,train,partition::00008624,img::D:/university/do-an-tot-nghiep/train-gd-2/PlantVillage-Dataset/raw/color/Corn_(maize)___Northern_Leaf_Blight/5b4f7b36-0ce5-491c-93bb-ac81b21b13c6___RS_NLB 3824.JPG,feature_dirichlet,0.1,0.1,synthetic_domain,42,4
Corn_(maize)___Northern_Leaf_Blight/6fd2d660-7294-4a2c-8626-27228b1c8b70___RS_NLB 3627.JPG,9,Corn_(maize)___Northern_Leaf_Blight,3,train,partition::00008705,img::D:/university/do-an-tot-nghiep/train-gd-2/PlantVillage-Dataset/raw/color/Corn_(maize)___Northern_Leaf_Blight/6fd2d660-7294-4a2c-8626-27228b1c8b70___RS_NLB 3627.JPG,feature_dirichlet,0.1,0.1,synthetic_domain,42,4
Corn_(maize)___Northern_Leaf_Blight/7a11c0e6-191b-42c5-be90-cb31c43a1dea___RS_NLB 3946.JPG,9,Corn_(maize)___Northern_Leaf_Blight,3,train,partition::00008746,img::D:/university/do-an-tot-nghiep/train-gd-2/PlantVillage-Dataset/raw/color/Corn_(maize)___Northern_Leaf_Blight/7a11c0e6-191b-42c5-be90-cb31c43a1dea___RS_NLB 3946.JPG,feature_dirichlet,0.1,0.1,synthetic_domain,42,4
Corn_(maize)___Northern_Leaf_Blight/b2dadd42-82b1-415a-8305-d6a720707912___RS_NLB 0771.JPG,9,Corn_(maize)___Northern_Leaf_Blight,3,train,partition::00008960,img::D:/university/do-an-tot-nghiep/train-gd-2/PlantVillage-Dataset/raw/color/Corn_(maize)___Northern_Leaf_Blight/b2dadd42-82b1-415a-8305-d6a720707912___RS_NLB 0771.JPG,feature_dirichlet,0.1,0.1,synthetic_domain,42,4
Corn_(maize)___Northern_Leaf_Blight/d77fa827-9282-439b-8e87-5759c64cc852___RS_NLB 4285.JPG,9,Corn_(maize)___Northern_Leaf_Blight,3,train,partition::00009111,img::D:/university/do-an-tot-nghiep/train-gd-2/PlantVillage-Dataset/raw/color/Corn_(maize)___Northern_Leaf_Blight/d77fa827-9282-439b-8e87-5759c64cc852___RS_NLB 4285.JPG,feature_dirichlet,0.1,0.1,synthetic_domain,42,4
Corn_(maize)___Northern_Leaf_Blight/ee4269d5-9492-4863-a283-17396a086e0d___RS_NLB 3672 copy.jpg,9,Corn_(maize)___Northern_Leaf_Blight,3,train,partition::00008493,img::D:/university/do-an-tot-nghiep/train-gd-2/PlantVillage-Dataset/raw/color/Corn_(maize)___Northern_Leaf_Blight/ee4269d5-9492-4863-a283-17396a086e0d___RS_NLB 3672 copy.jpg,feature_dirichlet,0.1,0.1,synthetic_domain,42,4
Corn_(maize)___healthy/068794e5-0a99-405f-bbb9-1f954e11942d___R.S_HL 7909 copy 2.jpg,10,Corn_(maize)___healthy,3,train,partition::00009292,img::D:/university/do-an-tot-nghiep/train-gd-2/PlantVillage-Dataset/raw/color/Corn_(maize)___healthy/068794e5-0a99-405f-bbb9-1f954e11942d___R.S_HL 7909 copy 2.jpg,feature_dirichlet,0.1,0.1,synthetic_domain,42,4
Corn_(maize)___healthy/098a17fd-0351-4f0f-a4a8-6f2a638b4afb___R.S_HL 7897 copy 2.jpg,10,Corn_(maize)___healthy,3,train,partition::00009308,img::D:/university/do-an-tot-nghiep/train-gd-2/PlantVillage-Dataset/raw/color/Corn_(maize)___healthy/098a17fd-0351-4f0f-a4a8-6f2a638b4afb___R.S_HL 7897 copy 2.jpg,feature_dirichlet,0.1,0.1,synthetic_domain,42,4
Corn_(maize)___healthy/24b7217d-11c2-4737-a7ba-355a04e4c284___R.S_HL 8153 copy.jpg,10,Corn_(maize)___healthy,3,train,partition::00009451,img::D:/university/do-an-tot-nghiep/train-gd-2/PlantVillage-Dataset/raw/color/Corn_(maize)___healthy/24b7217d-11c2-4737-a7ba-355a04e4c284___R.S_HL 8153 copy.jpg,feature_dirichlet,0.1,0.1,synthetic_domain,42,4
Corn_(maize)___healthy/3d7c8677-b8a0-4617-88b9-d248d30f70d1___R.S_HL 5550 copy.jpg,10,Corn_(maize)___healthy,3,train,partition::00009562,img::D:/university/do-an-tot-nghiep/train-gd-2/PlantVillage-Dataset/raw/color/Corn_(maize)___healthy/3d7c8677-b8a0-4617-88b9-d248d30f70d1___R.S_HL 5550 copy.jpg,feature_dirichlet,0.1,0.1,synthetic_domain,42,4
Corn_(maize)___healthy/4c8d1ae5-019c-45ef-9151-ed904f18ca00___R.S_HL 7909 copy.jpg,10,Corn_(maize)___healthy,3,train,partition::00009292,img::D:/university/do-an-tot-nghiep/train-gd-2/PlantVillage-Dataset/raw/color/Corn_(maize)___healthy/4c8d1ae5-019c-45ef-9151-ed904f18ca00___R.S_HL 7909 copy.jpg,feature_dirichlet,0.1,0.1,synthetic_domain,42,4
Corn_(maize)___healthy/59453ef6-bc9e-4b40-8a2c-e40e39cfd893___R.S_HL 8153 copy 2.jpg,10,Corn_(maize)___healthy,3,train,partition::00009451,img::D:/university/do-an-tot-nghiep/train-gd-2/PlantVillage-Dataset/raw/color/Corn_(maize)___healthy/59453ef6-bc9e-4b40-8a2c-e40e39cfd893___R.S_HL 8153 copy 2.jpg,feature_dirichlet,0.1,0.1,synthetic_domain,42,4
Corn_(maize)___healthy/59c6e1f0-eef8-4e82-a113-07f5056a5f37___R.S_HL 8030 copy.jpg,10,Corn_(maize)___healthy,3,train,partition::00009689,img::D:/university/do-an-tot-nghiep/train-gd-2/PlantVillage-Dataset/raw/color/Corn_(maize)___healthy/59c6e1f0-eef8-4e82-a113-07f5056a5f37___R.S_HL 8030 copy.jpg,feature_dirichlet,0.1,0.1,synthetic_domain,42,4
Corn_(maize)___healthy/5a92ab9e-726b-4f63-9629-736509128ae0___R.S_HL 8294 copy.jpg,10,Corn_(maize)___healthy,3,train,partition::00009696,img::D:/university/do-an-tot-nghiep/train-gd-2/PlantVillage-Dataset/raw/color/Corn_(maize)___healthy/5a92ab9e-726b-4f63-9629-736509128ae0___R.S_HL 8294 copy.jpg,feature_dirichlet,0.1,0.1,synthetic_domain,42,4
Corn_(maize)___healthy/80a8d332-7750-4167-833e-af5ffe5c8831___R.S_HL 0622 copy 2.jpg,10,Corn_(maize)___healthy,3,train,partition::00009871,img::D:/university/do-an-tot-nghiep/train-gd-2/PlantVillage-Dataset/raw/color/Corn_(maize)___healthy/80a8d332-7750-4167-833e-af5ffe5c8831___R.S_HL 0622 copy 2.jpg,feature_dirichlet,0.1,0.1,synthetic_domain,42,4
Corn_(maize)___healthy/9bf79f09-b182-4092-b4a7-b1a00830ecfc___R.S_HL 0627 copy.jpg,10,Corn_(maize)___healthy,3,train,partition::00009989,img::D:/university/do-an-tot-nghiep/train-gd-2/PlantVillage-Dataset/raw/color/Corn_(maize)___healthy/9bf79f09-b182-4092-b4a7-b1a00830ecfc___R.S_HL 0627 copy.jpg,feature_dirichlet,0.1,0.1,synthetic_domain,42,4
Corn_(maize)___healthy/9dec2bf1-3c97-4866-a2de-871e7860d505___R.S_HL 8188 copy.jpg,10,Corn_(maize)___healthy,3,train,partition::00010000,img::D:/university/do-an-tot-nghiep/train-gd-2/PlantVillage-Dataset/raw/color/Corn_(maize)___healthy/9dec2bf1-3c97-4866-a2de-871e7860d505___R.S_HL 8188 copy.jpg,feature_dirichlet,0.1,0.1,synthetic_domain,42,4
Corn_(maize)___healthy/a359473f-0671-4c8d-babd-64921e1babe1___R.S_HL 5552 copy.jpg,10,Corn_(maize)___healthy,3,train,partition::00010027,img::D:/university/do-an-tot-nghiep/train-gd-2/PlantVillage-Dataset/raw/color/Corn_(maize)___healthy/a359473f-0671-4c8d-babd-64921e1babe1___R.S_HL 5552 copy.jpg,feature_dirichlet,0.1,0.1,synthetic_domain,42,4
Corn_(maize)___healthy/bda652f8-90f3-46c1-b5bd-bda8577761d7___R.S_HL 8149 copy 2.jpg,10,Corn_(maize)___healthy,3,train,partition::00010157,img::D:/university/do-an-tot-nghiep/train-gd-2/PlantVillage-Dataset/raw/color/Corn_(maize)___healthy/bda652f8-90f3-46c1-b5bd-bda8577761d7___R.S_HL 8149 copy 2.jpg,feature_dirichlet,0.1,0.1,synthetic_domain,42,4
Corn_(maize)___healthy/c7f3bbd2-2aec-4031-9af0-9fb7653e6ae9___R.S_HL 8188 copy 2.jpg,10,Corn_(maize)___healthy,3,train,partition::00010000,img::D:/university/do-an-tot-nghiep/train-gd-2/PlantVillage-Dataset/raw/color/Corn_(maize)___healthy/c7f3bbd2-2aec-4031-9af0-9fb7653e6ae9___R.S_HL 8188 copy 2.jpg,feature_dirichlet,0.1,0.1,synthetic_domain,42,4
Corn_(maize)___healthy/c80028fb-0d2b-4090-b858-a22720145dc2___R.S_HL 0627 copy 3.jpg,10,Corn_(maize)___healthy,3,train,partition::00009989,img::D:/university/do-an-tot-nghiep/train-gd-2/PlantVillage-Dataset/raw/color/Corn_(maize)___healthy/c80028fb-0d2b-4090-b858-a22720145dc2___R.S_HL 0627 copy 3.jpg,feature_dirichlet,0.1,0.1,synthetic_domain,42,4
Corn_(maize)___healthy/cb88517b-a05a-410c-aac7-ba6d54fb8e56___R.S_HL 8030 copy 2.jpg,10,Corn_(maize)___healthy,3,train,partition::00009689,img::D:/university/do-an-tot-nghiep/train-gd-2/PlantVillage-Dataset/raw/color/Corn_(maize)___healthy/cb88517b-a05a-410c-aac7-ba6d54fb8e56___R.S_HL 8030 copy 2.jpg,feature_dirichlet,0.1,0.1,synthetic_domain,42,4
Corn_(maize)___healthy/cd3cda5b-be94-430f-b8be-066b1b544cc7___R.S_HL 8294 copy 2.jpg,10,Corn_(maize)___healthy,3,train,partition::00009696,img::D:/university/do-an-tot-nghiep/train-gd-2/PlantVillage-Dataset/raw/color/Corn_(maize)___healthy/cd3cda5b-be94-430f-b8be-066b1b544cc7___R.S_HL 8294 copy 2.jpg,feature_dirichlet,0.1,0.1,synthetic_domain,42,4
Corn_(maize)___healthy/ceebdf43-7611-422c-b083-cf1eb7ad640a___R.S_HL 0627 copy 2.jpg,10,Corn_(maize)___healthy,3,train,partition::00009989,img::D:/university/do-an-tot-nghiep/train-gd-2/PlantVillage-Dataset/raw/color/Corn_(maize)___healthy/ceebdf43-7611-422c-b083-cf1eb7ad640a___R.S_HL 0627 copy 2.jpg,feature_dirichlet,0.1,0.1,synthetic_domain,42,4
Corn_(maize)___healthy/d51a4307-22ad-4959-a7f9-c02caa7ae675___R.S_HL 8188 copy 3.jpg,10,Corn_(maize)___healthy,3,train,partition::00010000,img::D:/university/do-an-tot-nghiep/train-gd-2/PlantVillage-Dataset/raw/color/Corn_(maize)___healthy/d51a4307-22ad-4959-a7f9-c02caa7ae675___R.S_HL 8188 copy 3.jpg,feature_dirichlet,0.1,0.1,synthetic_domain,42,4
Corn_(maize)___healthy/d6f5c14c-3cba-4378-9b58-928a6d679946___R.S_HL 0622 copy 3.jpg,10,Corn_(maize)___healthy,3,train,partition::00009871,img::D:/university/do-an-tot-nghiep/train-gd-2/PlantVillage-Dataset/raw/color/Corn_(maize)___healthy/d6f5c14c-3cba-4378-9b58-928a6d679946___R.S_HL 0622 copy 3.jpg,feature_dirichlet,0.1,0.1,synthetic_domain,42,4
Corn_(maize)___healthy/e2e6d3f1-9f01-44e6-a466-0272b8663f8e___R.S_HL 8307 copy.jpg,10,Corn_(maize)___healthy,3,train,partition::00010304,img::D:/university/do-an-tot-nghiep/train-gd-2/PlantVillage-Dataset/raw/color/Corn_(maize)___healthy/e2e6d3f1-9f01-44e6-a466-0272b8663f8e___R.S_HL 8307 copy.jpg,feature_dirichlet,0.1,0.1,synthetic_domain,42,4
Corn_(maize)___healthy/e42a64c8-fb93-47b0-bd2a-33ce669d13e2___R.S_HL 8149 copy.jpg,10,Corn_(maize)___healthy,3,train,partition::00010157,img::D:/university/do-an-tot-nghiep/train-gd-2/PlantVillage-Dataset/raw/color/Corn_(maize)___healthy/e42a64c8-fb93-47b0-bd2a-33ce669d13e2___R.S_HL 8149 copy.jpg,feature_dirichlet,0.1,0.1,synthetic_domain,42,4
Corn_(maize)___healthy/fa7637b2-bfae-41c0-ba18-b9f3d0778ec3___R.S_HL 0622 copy.jpg,10,Corn_(maize)___healthy,3,train,partition::00009871,img::D:/university/do-an-tot-nghiep/train-gd-2/PlantVillage-Dataset/raw/color/Corn_(maize)___healthy/fa7637b2-bfae-41c0-ba18-b9f3d0778ec3___R.S_HL 0622 copy.jpg,feature_dirichlet,0.1,0.1,synthetic_domain,42,4
Grape___Black_rot/22948851-070e-408a-8564-2832b005ef5a___FAM_B.Rot 3520.JPG,11,Grape___Black_rot,3,train,partition::00011295,Grape___Black_rot:::242,feature_dirichlet,0.1,0.1,synthetic_domain,42,4
Grape___Black_rot/4b4c5485-62c7-4b05-89e7-2b200788337d___FAM_B.Rot 3519.JPG,11,Grape___Black_rot,3,train,partition::00011295,Grape___Black_rot:::242,feature_dirichlet,0.1,0.1,synthetic_domain,42,4
Grape___Black_rot/749381a1-3499-448d-acd2-c9bf4c158037___FAM_B.Rot 2998.JPG,11,Grape___Black_rot,3,train,partition::00011437,Grape___Black_rot:::112,feature_dirichlet,0.1,0.1,synthetic_domain,42,4
Grape___Black_rot/8e6afe37-0b36-4470-bb3a-bf3bf96475d4___FAM_B.Rot 3521.JPG,11,Grape___Black_rot,3,train,partition::00011295,Grape___Black_rot:::242,feature_dirichlet,0.1,0.1,synthetic_domain,42,4
Grape___Black_rot/a1a98417-0da2-49dc-9843-64225d34f4a6___FAM_B.Rot 3000.JPG,11,Grape___Black_rot,3,train,partition::00011437,Grape___Black_rot:::112,feature_dirichlet,0.1,0.1,synthetic_domain,42,4
Grape___Black_rot/b88e508b-a46e-47fe-96b1-050985624390___FAM_B.Rot 3522.JPG,11,Grape___Black_rot,3,train,partition::00011295,Grape___Black_rot:::242,feature_dirichlet,0.1,0.1,synthetic_domain,42,4
Grape___Black_rot/c2b0fdc2-edae-40a8-a908-f0075799e648___FAM_B.Rot 2999.JPG,11,Grape___Black_rot,3,train,partition::00011437,Grape___Black_rot:::112,feature_dirichlet,0.1,0.1,synthetic_domain,42,4
Grape___Black_rot/d824b284-23c5-4244-aa1b-7858c99872b3___FAM_B.Rot 2997.JPG,11,Grape___Black_rot,3,train,partition::00011437,Grape___Black_rot:::112,feature_dirichlet,0.1,0.1,synthetic_domain,42,4
Grape___Esca_(Black_Measles)/05ac9e47-e521-4677-9768-5bcb4e414ce1___FAM_B.Msls 3816.JPG,12,Grape___Esca_(Black_Measles),3,train,partition::00012571,Grape___Esca_(Black_Measles):::178,feature_dirichlet,0.1,0.1,synthetic_domain,42,4
Grape___Esca_(Black_Measles)/217b815b-6f1f-414e-9e05-eb235dbb1efb___FAM_B.Msls 3818.JPG,12,Grape___Esca_(Black_Measles),3,train,partition::00012571,Grape___Esca_(Black_Measles):::178,feature_dirichlet,0.1,0.1,synthetic_domain,42,4
Grape___Esca_(Black_Measles)/22d149ed-9bb5-4c66-8f9f-2a504c3bc8aa___FAM_B.Msls 4067.JPG,12,Grape___Esca_(Black_Measles),3,train,partition::00012607,Grape___Esca_(Black_Measles):::240,feature_dirichlet,0.1,0.1,synthetic_domain,42,2
Grape___Esca_(Black_Measles)/4283b47c-5447-43da-8c03-fc444d8e9555___FAM_B.Msls 4069.JPG,12,Grape___Esca_(Black_Measles),3,train,partition::00012607,Grape___Esca_(Black_Measles):::240,feature_dirichlet,0.1,0.1,synthetic_domain,42,2
Grape___Esca_(Black_Measles)/50c9b177-aa65-4acf-b0f3-2423aa0ec904___FAM_B.Msls 4497.JPG,12,Grape___Esca_(Black_Measles),3,train,partition::00012738,Grape___Esca_(Black_Measles):::346,feature_dirichlet,0.1,0.1,synthetic_domain,42,4
Grape___Esca_(Black_Measles)/6e619e8f-46ff-4f29-bb61-8c493a9f734f___FAM_B.Msls 4070.JPG,12,Grape___Esca_(Black_Measles),3,train,partition::00012607,Grape___Esca_(Black_Measles):::240,feature_dirichlet,0.1,0.1,synthetic_domain,42,2
Grape___Esca_(Black_Measles)/9eb1bd62-945a-489d-a965-0fad6a0b35d0___FAM_B.Msls 4494.JPG,12,Grape___Esca_(Black_Measles),3,train,partition::00012738,Grape___Esca_(Black_Measles):::346,feature_dirichlet,0.1,0.1,synthetic_domain,42,4
Grape___Esca_(Black_Measles)/a54c0c2e-117a-4122-9ada-b768f4386bf5___FAM_B.Msls 4496.JPG,12,Grape___Esca_(Black_Measles),3,train,partition::00012738,Grape___Esca_(Black_Measles):::346,feature_dirichlet,0.1,0.1,synthetic_domain,42,4
Grape___Esca_(Black_Measles)/ab8d26cc-f8f1-421f-84aa-a0589fd249e7___FAM_B.Msls 3819.JPG,12,Grape___Esca_(Black_Measles),3,train,partition::00012571,Grape___Esca_(Black_Measles):::178,feature_dirichlet,0.1,0.1,synthetic_domain,42,4
Grape___Esca_(Black_Measles)/b5ddd088-e1c5-4bdd-8749-964e1bdbd108___FAM_B.Msls 3817.JPG,12,Grape___Esca_(Black_Measles),3,train,partition::00012571,Grape___Esca_(Black_Measles):::178,feature_dirichlet,0.1,0.1,synthetic_domain,42,4
Grape___Esca_(Black_Measles)/bea3af4a-8c33-4695-a59c-5c248f7bb0c2___FAM_B.Msls 4068.JPG,12,Grape___Esca_(Black_Measles),3,train,partition::00012607,Grape___Esca_(Black_Measles):::240,feature_dirichlet,0.1,0.1,synthetic_domain,42,2
Grape___Esca_(Black_Measles)/d207a1c7-2680-4684-8334-73e67346ee68___FAM_B.Msls 4495.JPG,12,Grape___Esca_(Black_Measles),3,train,partition::00012738,Grape___Esca_(Black_Measles):::346,feature_dirichlet,0.1,0.1,synthetic_domain,42,4
Grape___Leaf_blight_(Isariopsis_Leaf_Spot)/04b990b8-ca97-4c5a-bbda-76e703278461___FAM_L.Blight 4561.JPG,13,Grape___Leaf_blight_(Isariopsis_Leaf_Spot),3,train,partition::00013551,Grape___Leaf_blight_(Isariopsis_Leaf_Spot):::159,feature_dirichlet,0.1,0.1,synthetic_domain,42,4
Grape___Leaf_blight_(Isariopsis_Leaf_Spot)/556574c6-b0e1-46ca-acc9-4af99ef1eb87___FAM_L.Blight 4593.JPG,13,Grape___Leaf_blight_(Isariopsis_Leaf_Spot),3,train,partition::00013946,Grape___Leaf_blight_(Isariopsis_Leaf_Spot):::167,feature_dirichlet,0.1,0.1,synthetic_domain,42,4
Grape___Leaf_blight_(Isariopsis_Leaf_Spot)/717d1253-4851-4f56-8b74-fee9e2bb006b___FAM_L.Blight 4560.JPG,13,Grape___Leaf_blight_(Isariopsis_Leaf_Spot),3,train,partition::00013551,Grape___Leaf_blight_(Isariopsis_Leaf_Spot):::159,feature_dirichlet,0.1,0.1,synthetic_domain,42,4
Grape___Leaf_blight_(Isariopsis_Leaf_Spot)/746bd127-28d3-4392-86bb-0bbc9db50478___FAM_L.Blight 4558.JPG,13,Grape___Leaf_blight_(Isariopsis_Leaf_Spot),3,train,partition::00013551,Grape___Leaf_blight_(Isariopsis_Leaf_Spot):::159,feature_dirichlet,0.1,0.1,synthetic_domain,42,4
Grape___Leaf_blight_(Isariopsis_Leaf_Spot)/838d0fc9-94ed-4733-8240-f4122ea431e2___FAM_L.Blight 4559.JPG,13,Grape___Leaf_blight_(Isariopsis_Leaf_Spot),3,train,partition::00013551,Grape___Leaf_blight_(Isariopsis_Leaf_Spot):::159,feature_dirichlet,0.1,0.1,synthetic_domain,42,4
Grape___Leaf_blight_(Isariopsis_Leaf_Spot)/aab4c649-9921-407e-9946-cadb00ac95bf___FAM_L.Blight 4592.JPG,13,Grape___Leaf_blight_(Isariopsis_Leaf_Spot),3,train,partition::00013946,Grape___Leaf_blight_(Isariopsis_Leaf_Spot):::167,feature_dirichlet,0.1,0.1,synthetic_domain,42,4
Grape___Leaf_blight_(Isariopsis_Leaf_Spot)/ab266d06-4dce-4857-b0b6-6df6905f7323___FAM_L.Blight 4590.JPG,13,Grape___Leaf_blight_(Isariopsis_Leaf_Spot),3,train,partition::00013946,Grape___Leaf_blight_(Isariopsis_Leaf_Spot):::167,feature_dirichlet,0.1,0.1,synthetic_domain,42,4
Grape___Leaf_blight_(Isariopsis_Leaf_Spot)/e605eb27-faf6-4ac2-bd24-b7068e8ee2d6___FAM_L.Blight 4591.JPG,13,Grape___Leaf_blight_(Isariopsis_Leaf_Spot),3,train,partition::00013946,Grape___Leaf_blight_(Isariopsis_Leaf_Spot):::167,feature_dirichlet,0.1,0.1,synthetic_domain,42,4
Grape___healthy/4bd0c235-94b2-4d5d-a76e-58df595e7802___Mt.N.V_HL 6032.JPG,14,Grape___healthy,3,train,partition::00014196,img::D:/university/do-an-tot-nghiep/train-gd-2/PlantVillage-Dataset/raw/color/Grape___healthy/4bd0c235-94b2-4d5d-a76e-58df595e7802___Mt.N.V_HL 6032.JPG,feature_dirichlet,0.1,0.1,synthetic_domain,42,2
Grape___healthy/5a165993-9c98-476f-a818-0145dd33f18e___Mt.N.V_HL 8932.JPG,14,Grape___healthy,3,train,partition::00014224,img::D:/university/do-an-tot-nghiep/train-gd-2/PlantVillage-Dataset/raw/color/Grape___healthy/5a165993-9c98-476f-a818-0145dd33f18e___Mt.N.V_HL 8932.JPG,feature_dirichlet,0.1,0.1,synthetic_domain,42,4
Grape___healthy/8e9f476c-e7ea-496e-a367-d384d1be2654___Mt.N.V_HL 8995.JPG,14,Grape___healthy,3,train,partition::00014311,img::D:/university/do-an-tot-nghiep/train-gd-2/PlantVillage-Dataset/raw/color/Grape___healthy/8e9f476c-e7ea-496e-a367-d384d1be2654___Mt.N.V_HL 8995.JPG,feature_dirichlet,0.1,0.1,synthetic_domain,42,4
Grape___healthy/d61f8828-71c9-4f3d-85e7-47a33b2fd3fe___Mt.N.V_HL 8906.JPG,14,Grape___healthy,3,train,partition::00014427,img::D:/university/do-an-tot-nghiep/train-gd-2/PlantVillage-Dataset/raw/color/Grape___healthy/d61f8828-71c9-4f3d-85e7-47a33b2fd3fe___Mt.N.V_HL 8906.JPG,feature_dirichlet,0.1,0.1,synthetic_domain,42,4
Orange___Haunglongbing_(Citrus_greening)/038657ea-9690-421c-b52d-0f4d3c4e6266___UF.Citrus_HLB_Lab 0001.JPG,15,Orange___Haunglongbing_(Citrus_greening),3,train,partition::00016958,Orange___Haunglongbing_(Citrus_greening):::1,feature_dirichlet,0.1,0.1,synthetic_domain,42,4
Orange___Haunglongbing_(Citrus_greening)/04167e3c-dfa5-4ca7-8b4a-2aaff621d77a___CREC_HLB 4932.JPG,15,Orange___Haunglongbing_(Citrus_greening),3,train,partition::00017343,Orange___Haunglongbing_(Citrus_greening):::OCT_265,feature_dirichlet,0.1,0.1,synthetic_domain,42,4
Orange___Haunglongbing_(Citrus_greening)/0548c34d-05ee-4416-a814-4eb74db17c77___UF.Citrus_HLB_Lab 1686.JPG,15,Orange___Haunglongbing_(Citrus_greening),3,train,partition::00019921,Orange___Haunglongbing_(Citrus_greening):::105,feature_dirichlet,0.1,0.1,synthetic_domain,42,4
Orange___Haunglongbing_(Citrus_greening)/063cfdb8-661c-46ab-a7ca-c096408a9aba___CREC_HLB 4286.JPG,15,Orange___Haunglongbing_(Citrus_greening),3,train,partition::00019581,Orange___Haunglongbing_(Citrus_greening):::OCT_105,feature_dirichlet,0.1,0.1,synthetic_domain,42,4
Orange___Haunglongbing_(Citrus_greening)/0a79980f-1c28-41e0-a7cc-425144d0a1a5___CREC_HLB 5227.JPG,15,Orange___Haunglongbing_(Citrus_greening),3,train,partition::00017091,Orange___Haunglongbing_(Citrus_greening):::OCT_339,feature_dirichlet,0.1,0.1,synthetic_domain,42,4
Orange___Haunglongbing_(Citrus_greening)/0bbd2f9d-f0a8-4a94-ac16-900c82bff75f___UF.Citrus_HLB_Lab 1682.JPG,15,Orange___Haunglongbing_(Citrus_greening),3,train,partition::00019921,Orange___Haunglongbing_(Citrus_greening):::105,feature_dirichlet,0.1,0.1,synthetic_domain,42,4
Orange___Haunglongbing_(Citrus_greening)/104b752a-107e-4cc7-8e74-ba7029bfa934___CREC_HLB 4284.JPG,15,Orange___Haunglongbing_(Citrus_greening),3,train,partition::00019581,Orange___Haunglongbing_(Citrus_greening):::OCT_105,feature_dirichlet,0.1,0.1,synthetic_domain,42,4
Orange___Haunglongbing_(Citrus_greening)/121c4ac9-70f7-4593-8ab7-2a82295a1d0e___CREC_HLB 7620.JPG,15,Orange___Haunglongbing_(Citrus_greening),3,train,partition::00019592,Orange___Haunglongbing_(Citrus_greening):::OCT_764,feature_dirichlet,0.1,0.1,synthetic_domain,42,4
Orange___Haunglongbing_(Citrus_greening)/12d57d51-a87d-4b2d-9572-8518cedb6dc1___UF.Citrus_HLB_Lab 0003.JPG,15,Orange___Haunglongbing_(Citrus_greening),3,train,partition::00016958,Orange___Haunglongbing_(Citrus_greening):::1,feature_dirichlet,0.1,0.1,synthetic_domain,42,4
Orange___Haunglongbing_(Citrus_greening)/16e4a8d8-d041-45fd-a192-a6f059cb14e8___UF.Citrus_HLB_Lab 0376.JPG,15,Orange___Haunglongbing_(Citrus_greening),3,train,partition::00019172,Orange___Haunglongbing_(Citrus_greening):::28,feature_dirichlet,0.1,0.1,synthetic_domain,42,4
Orange___Haunglongbing_(Citrus_greening)/19adc2b6-c701-4e51-bf9c-581a2539f3be___UF.Citrus_HLB_Lab 1672.JPG,15,Orange___Haunglongbing_(Citrus_greening),3,train,partition::00019921,Orange___Haunglongbing_(Citrus_greening):::105,feature_dirichlet,0.1,0.1,synthetic_domain,42,4
Orange___Haunglongbing_(Citrus_greening)/1c578079-5e15-4e51-94e7-ac7e6106b415___UF.Citrus_HLB_Lab 1674.JPG,15,Orange___Haunglongbing_(Citrus_greening),3,train,partition::00019921,Orange___Haunglongbing_(Citrus_greening):::105,feature_dirichlet,0.1,0.1,synthetic_domain,42,4
Orange___Haunglongbing_(Citrus_greening)/20658c04-7885-4ccd-b3b6-feac39e607e2___UF.Citrus_HLB_Lab 0004.JPG,15,Orange___Haunglongbing_(Citrus_greening),3,train,partition::00016958,Orange___Haunglongbing_(Citrus_greening):::1,feature_dirichlet,0.1,0.1,synthetic_domain,42,4
Orange___Haunglongbing_(Citrus_greening)/21da1a3e-4d79-4aef-8fac-17719c4ef800___CREC_HLB 5229.JPG,15,Orange___Haunglongbing_(Citrus_greening),3,train,partition::00017091,Orange___Haunglongbing_(Citrus_greening):::OCT_339,feature_dirichlet,0.1,0.1,synthetic_domain,42,4
Orange___Haunglongbing_(Citrus_greening)/223533cf-5663-40d5-99d3-d1673015a7b9___UF.Citrus_HLB_Lab 1684.JPG,15,Orange___Haunglongbing_(Citrus_greening),3,train,partition::00019921,Orange___Haunglongbing_(Citrus_greening):::105,feature_dirichlet,0.1,0.1,synthetic_domain,42,4
Orange___Haunglongbing_(Citrus_greening)/24b894e3-65e5-4c72-9d7e-8d48aaefa68b___CREC_HLB 6486.JPG,15,Orange___Haunglongbing_(Citrus_greening),3,train,partition::00018816,Orange___Haunglongbing_(Citrus_greening):::OCT_483,feature_dirichlet,0.1,0.1,synthetic_domain,42,4
Orange___Haunglongbing_(Citrus_greening)/26f5933c-d0b4-4731-b318-997f92a0df3c___UF.Citrus_HLB_Lab 1671.JPG,15,Orange___Haunglongbing_(Citrus_greening),3,train,partition::00019921,Orange___Haunglongbing_(Citrus_greening):::105,feature_dirichlet,0.1,0.1,synthetic_domain,42,4
Orange___Haunglongbing_(Citrus_greening)/27c81dad-55ad-40ad-8f8e-bd19c5bd000f___CREC_HLB 4931.JPG,15,Orange___Haunglongbing_(Citrus_greening),3,train,partition::00017343,Orange___Haunglongbing_(Citrus_greening):::OCT_265,feature_dirichlet,0.1,0.1,synthetic_domain,42,4
Orange___Haunglongbing_(Citrus_greening)/2a4b8737-2d12-4927-b787-981d9f51ad3b___CREC_HLB 4941.JPG,15,Orange___Haunglongbing_(Citrus_greening),3,train,partition::00016994,Orange___Haunglongbing_(Citrus_greening):::OCT_267,feature_dirichlet,0.1,0.1,synthetic_domain,42,4
Orange___Haunglongbing_(Citrus_greening)/2ebf744d-a5fb-4b8e-b503-f8b1d91fd46b___UF.Citrus_HLB_Lab 1683.JPG,15,Orange___Haunglongbing_(Citrus_greening),3,train,partition::00019921,Orange___Haunglongbing_(Citrus_greening):::105,feature_dirichlet,0.1,0.1,synthetic_domain,42,4
Orange___Haunglongbing_(Citrus_greening)/3354733d-8f3b-4f1d-8e40-e8f3823abe17___CREC_HLB 7096.JPG,15,Orange___Haunglongbing_(Citrus_greening),3,train,partition::00019984,Orange___Haunglongbing_(Citrus_greening):::OCT_635,feature_dirichlet,0.1,0.1,synthetic_domain,42,2
Orange___Haunglongbing_(Citrus_greening)/335489dd-dff3-4049-b005-0753e9c14ea9___CREC_HLB 6487.JPG,15,Orange___Haunglongbing_(Citrus_greening),3,train,partition::00018816,Orange___Haunglongbing_(Citrus_greening):::OCT_483,feature_dirichlet,0.1,0.1,synthetic_domain,42,4
Orange___Haunglongbing_(Citrus_greening)/3b7f7629-8dab-42a8-a459-61cd87f17f37___UF.Citrus_HLB_Lab 0393.JPG,15,Orange___Haunglongbing_(Citrus_greening),3,train,partition::00019172,Orange___Haunglongbing_(Citrus_greening):::28,feature_dirichlet,0.1,0.1,synthetic_domain,42,4
Orange___Haunglongbing_(Citrus_greening)/48975130-a7aa-4b29-b7e5-8120e83068c0___CREC_HLB 5228.JPG,15,Orange___Haunglongbing_(Citrus_greening),3,train,partition::00017091,Orange___Haunglongbing_(Citrus_greening):::OCT_339,feature_dirichlet,0.1,0.1,synthetic_domain,42,4
Orange___Haunglongbing_(Citrus_greening)/4b9819e2-06a6-48ea-917d-37ee30d8b9cc___UF.Citrus_HLB_Lab 0394.JPG,15,Orange___Haunglongbing_(Citrus_greening),3,train,partition::00019172,Orange___Haunglongbing_(Citrus_greening):::28,feature_dirichlet,0.1,0.1,synthetic_domain,42,4
Orange___Haunglongbing_(Citrus_greening)/53fda7ab-31d8-4887-94cd-e6e53d644b2e___CREC_HLB 4930.JPG,15,Orange___Haunglongbing_(Citrus_greening),3,train,partition::00017343,Orange___Haunglongbing_(Citrus_greening):::OCT_265,feature_dirichlet,0.1,0.1,synthetic_domain,42,4
Orange___Haunglongbing_(Citrus_greening)/57657d34-b488-4374-96b0-4d70de8e5e1a___UF.Citrus_HLB_Lab 0390.JPG,15,Orange___Haunglongbing_(Citrus_greening),3,train,partition::00019172,Orange___Haunglongbing_(Citrus_greening):::28,feature_dirichlet,0.1,0.1,synthetic_domain,42,4
Orange___Haunglongbing_(Citrus_greening)/597b2946-730a-499c-9858-5f35b11c6895___UF.Citrus_HLB_Lab 1669.JPG,15,Orange___Haunglongbing_(Citrus_greening),3,train,partition::00019921,Orange___Haunglongbing_(Citrus_greening):::105,feature_dirichlet,0.1,0.1,synthetic_domain,42,4
Orange___Haunglongbing_(Citrus_greening)/5c610204-364d-422d-9914-df90093d84ac___UF.Citrus_HLB_Lab 0386.JPG,15,Orange___Haunglongbing_(Citrus_greening),3,train,partition::00019172,Orange___Haunglongbing_(Citrus_greening):::28,feature_dirichlet,0.1,0.1,synthetic_domain,42,4
Orange___Haunglongbing_(Citrus_greening)/5c8660de-9a52-4eb3-b828-734d0d1ea400___CREC_HLB 4938.JPG,15,Orange___Haunglongbing_(Citrus_greening),3,train,partition::00016994,Orange___Haunglongbing_(Citrus_greening):::OCT_267,feature_dirichlet,0.1,0.1,synthetic_domain,42,4
Orange___Haunglongbing_(Citrus_greening)/5f11efe7-4977-457c-874d-eee7efb4ca4f___CREC_HLB 4283.JPG,15,Orange___Haunglongbing_(Citrus_greening),3,train,partition::00019581,Orange___Haunglongbing_(Citrus_greening):::OCT_105,feature_dirichlet,0.1,0.1,synthetic_domain,42,4
Orange___Haunglongbing_(Citrus_greening)/64401271-c5a8-4604-bfed-8d18d700acab___CREC_HLB 7512.JPG,15,Orange___Haunglongbing_(Citrus_greening),3,train,partition::00019959,Orange___Haunglongbing_(Citrus_greening):::OCT_738,feature_dirichlet,0.1,0.1,synthetic_domain,42,4
Orange___Haunglongbing_(Citrus_greening)/688dcf15-881e-49a9-9b2a-5fe012a288ce___UF.Citrus_HLB_Lab 1670.JPG,15,Orange___Haunglongbing_(Citrus_greening),3,train,partition::00019921,Orange___Haunglongbing_(Citrus_greening):::105,feature_dirichlet,0.1,0.1,synthetic_domain,42,4
Orange___Haunglongbing_(Citrus_greening)/6bafc338-bb9e-4b72-bff6-441f55dbcc73___CREC_HLB 4939.JPG,15,Orange___Haunglongbing_(Citrus_greening),3,train,partition::00016994,Orange___Haunglongbing_(Citrus_greening):::OCT_267,feature_dirichlet,0.1,0.1,synthetic_domain,42,4
Orange___Haunglongbing_(Citrus_greening)/6c6ffb9b-3b75-4b29-b7b2-67a3073e81a5___UF.Citrus_HLB_Lab 0005.JPG,15,Orange___Haunglongbing_(Citrus_greening),3,train,partition::00016958,Orange___Haunglongbing_(Citrus_greening):::1,feature_dirichlet,0.1,0.1,synthetic_domain,42,4
Orange___Haunglongbing_(Citrus_greening)/70feae54-7dd4-4a66-8944-655d3e9ff785___UF.Citrus_HLB_Lab 0377.JPG,15,Orange___Haunglongbing_(Citrus_greening),3,train,partition::00019172,Orange___Haunglongbing_(Citrus_greening):::28,feature_dirichlet,0.1,0.1,synthetic_domain,42,4
Orange___Haunglongbing_(Citrus_greening)/72699bb7-175a-49b5-92e0-82c7a6d42062___CREC_HLB 7619.JPG,15,Orange___Haunglongbing_(Citrus_greening),3,train,partition::00019592,Orange___Haunglongbing_(Citrus_greening):::OCT_764,feature_dirichlet,0.1,0.1,synthetic_domain,42,4
Orange___Haunglongbing_(Citrus_greening)/7352ec01-fa99-4054-97c3-1eb53940b918___CREC_HLB 7621.JPG,15,Orange___Haunglongbing_(Citrus_greening),3,train,partition::00019592,Orange___Haunglongbing_(Citrus_greening):::OCT_764,feature_dirichlet,0.1,0.1,synthetic_domain,42,4
Orange___Haunglongbing_(Citrus_greening)/73ad6ca4-6ef2-407e-bac1-3ba36f9c0ea5___UF.Citrus_HLB_Lab 0002.JPG,15,Orange___Haunglongbing_(Citrus_greening),3,train,partition::00016958,Orange___Haunglongbing_(Citrus_greening):::1,feature_dirichlet,0.1,0.1,synthetic_domain,42,4
Orange___Haunglongbing_(Citrus_greening)/74c1ff11-54d2-4f73-8ae6-0c0e76fca1aa___UF.Citrus_HLB_Lab 1665.JPG,15,Orange___Haunglongbing_(Citrus_greening),3,train,partition::00019921,Orange___Haunglongbing_(Citrus_greening):::105,feature_dirichlet,0.1,0.1,synthetic_domain,42,4
Orange___Haunglongbing_(Citrus_greening)/7544de6f-48d1-451c-b13d-636bba754467___CREC_HLB 4940.JPG,15,Orange___Haunglongbing_(Citrus_greening),3,train,partition::00016994,Orange___Haunglongbing_(Citrus_greening):::OCT_267,feature_dirichlet,0.1,0.1,synthetic_domain,42,4
Orange___Haunglongbing_(Citrus_greening)/78596df9-d61b-4b26-87e3-6ac4714351b3___CREC_HLB 5230.JPG,15,Orange___Haunglongbing_(Citrus_greening),3,train,partition::00017091,Orange___Haunglongbing_(Citrus_greening):::OCT_339,feature_dirichlet,0.1,0.1,synthetic_domain,42,4
Orange___Haunglongbing_(Citrus_greening)/7d517b77-acf8-4a70-be83-eafc5bcde40a___UF.Citrus_HLB_Lab 0381.JPG,15,Orange___Haunglongbing_(Citrus_greening),3,train,partition::00019172,Orange___Haunglongbing_(Citrus_greening):::28,feature_dirichlet,0.1,0.1,synthetic_domain,42,4
Orange___Haunglongbing_(Citrus_greening)/828cf122-642f-4d78-81fa-f5e1791fdea4___CREC_HLB 4933.JPG,15,Orange___Haunglongbing_(Citrus_greening),3,train,partition::00017343,Orange___Haunglongbing_(Citrus_greening):::OCT_265,feature_dirichlet,0.1,0.1,synthetic_domain,42,4
Orange___Haunglongbing_(Citrus_greening)/844860bc-cf7c-43fd-961c-39814c19eb72___CREC_HLB 6488.JPG,15,Orange___Haunglongbing_(Citrus_greening),3,train,partition::00018816,Orange___Haunglongbing_(Citrus_greening):::OCT_483,feature_dirichlet,0.1,0.1,synthetic_domain,42,4
Orange___Haunglongbing_(Citrus_greening)/8bdbda91-9a06-49f3-8629-57c5a62d76b9___UF.Citrus_HLB_Lab 0389.JPG,15,Orange___Haunglongbing_(Citrus_greening),3,train,partition::00019172,Orange___Haunglongbing_(Citrus_greening):::28,feature_dirichlet,0.1,0.1,synthetic_domain,42,4
Orange___Haunglongbing_(Citrus_greening)/8c93140e-6912-4b1f-b844-e7ba4062842c___UF.Citrus_HLB_Lab 1677.JPG,15,Orange___Haunglongbing_(Citrus_greening),3,train,partition::00019921,Orange___Haunglongbing_(Citrus_greening):::105,feature_dirichlet,0.1,0.1,synthetic_domain,42,4
Orange___Haunglongbing_(Citrus_greening)/8e9eb354-8029-4c0a-97af-f193a28655d9___CREC_HLB 7098.JPG,15,Orange___Haunglongbing_(Citrus_greening),3,train,partition::00019984,Orange___Haunglongbing_(Citrus_greening):::OCT_635,feature_dirichlet,0.1,0.1,synthetic_domain,42,2
Orange___Haunglongbing_(Citrus_greening)/8ea4dee0-a11c-4c61-a725-e3deb4829170___UF.Citrus_HLB_Lab 1678.JPG,15,Orange___Haunglongbing_(Citrus_greening),3,train,partition::00019921,Orange___Haunglongbing_(Citrus_greening):::105,feature_dirichlet,0.1,0.1,synthetic_domain,42,4
Orange___Haunglongbing_(Citrus_greening)/92ac33dd-5a77-4e3b-9ddb-bbb95545bd00___UF.Citrus_HLB_Lab 0385.JPG,15,Orange___Haunglongbing_(Citrus_greening),3,train,partition::00019172,Orange___Haunglongbing_(Citrus_greening):::28,feature_dirichlet,0.1,0.1,synthetic_domain,42,4
Orange___Haunglongbing_(Citrus_greening)/9c48206e-d7c2-4d85-867a-6115ee64dc18___UF.Citrus_HLB_Lab 1666.JPG,15,Orange___Haunglongbing_(Citrus_greening),3,train,partition::00019921,Orange___Haunglongbing_(Citrus_greening):::105,feature_dirichlet,0.1,0.1,synthetic_domain,42,4
Orange___Haunglongbing_(Citrus_greening)/9f7359b0-bf67-42ce-8dc1-85d23558669d___UF.Citrus_HLB_Lab 1680.JPG,15,Orange___Haunglongbing_(Citrus_greening),3,train,partition::00019921,Orange___Haunglongbing_(Citrus_greening):::105,feature_dirichlet,0.1,0.1,synthetic_domain,42,4
Orange___Haunglongbing_(Citrus_greening)/a6e1ebf7-5bf5-4d4a-890c-6ea425fcf339___UF.Citrus_HLB_Lab 1667.JPG,15,Orange___Haunglongbing_(Citrus_greening),3,train,partition::00019921,Orange___Haunglongbing_(Citrus_greening):::105,feature_dirichlet,0.1,0.1,synthetic_domain,42,4
Orange___Haunglongbing_(Citrus_greening)/a949ffcb-b244-44ab-90bf-513169f4c67b___CREC_HLB 7097.JPG,15,Orange___Haunglongbing_(Citrus_greening),3,train,partition::00019984,Orange___Haunglongbing_(Citrus_greening):::OCT_635,feature_dirichlet,0.1,0.1,synthetic_domain,42,2
Orange___Haunglongbing_(Citrus_greening)/ae716a99-84a4-4a5c-b927-24ac84d8aef4___UF.Citrus_HLB_Lab 0380.JPG,15,Orange___Haunglongbing_(Citrus_greening),3,train,partition::00019172,Orange___Haunglongbing_(Citrus_greening):::28,feature_dirichlet,0.1,0.1,synthetic_domain,42,4
Orange___Haunglongbing_(Citrus_greening)/b7f7de86-8da7-4ed8-b61b-b40c5bc50de6___CREC_HLB 7510.JPG,15,Orange___Haunglongbing_(Citrus_greening),3,train,partition::00019959,Orange___Haunglongbing_(Citrus_greening):::OCT_738,feature_dirichlet,0.1,0.1,synthetic_domain,42,4
Orange___Haunglongbing_(Citrus_greening)/b871b779-00b9-4384-8e90-83a80b817e75___CREC_HLB 4718.JPG,15,Orange___Haunglongbing_(Citrus_greening),3,train,partition::00019688,Orange___Haunglongbing_(Citrus_greening):::OCT_212,feature_dirichlet,0.1,0.1,synthetic_domain,42,4
Orange___Haunglongbing_(Citrus_greening)/ba4b37ec-1728-4312-a00d-5cfba03b18cd___UF.Citrus_HLB_Lab 0379.JPG,15,Orange___Haunglongbing_(Citrus_greening),3,train,partition::00019172,Orange___Haunglongbing_(Citrus_greening):::28,feature_dirichlet,0.1,0.1,synthetic_domain,42,4
Orange___Haunglongbing_(Citrus_greening)/bb4e7f71-f59e-4136-8c26-c39d5a734d53___UF.Citrus_HLB_Lab 0384.JPG,15,Orange___Haunglongbing_(Citrus_greening),3,train,partition::00019172,Orange___Haunglongbing_(Citrus_greening):::28,feature_dirichlet,0.1,0.1,synthetic_domain,42,4
Orange___Haunglongbing_(Citrus_greening)/c5234962-82f1-483e-8b76-c566a562b657___CREC_HLB 4717.JPG,15,Orange___Haunglongbing_(Citrus_greening),3,train,partition::00019688,Orange___Haunglongbing_(Citrus_greening):::OCT_212,feature_dirichlet,0.1,0.1,synthetic_domain,42,4
Orange___Haunglongbing_(Citrus_greening)/c7d3e353-0f85-4473-9620-953edcfd8d1e___UF.Citrus_HLB_Lab 0378.JPG,15,Orange___Haunglongbing_(Citrus_greening),3,train,partition::00019172,Orange___Haunglongbing_(Citrus_greening):::28,feature_dirichlet,0.1,0.1,synthetic_domain,42,4
Orange___Haunglongbing_(Citrus_greening)/c8592916-a147-4caf-a116-dea7dc5bc0f8___CREC_HLB 6489.JPG,15,Orange___Haunglongbing_(Citrus_greening),3,train,partition::00018816,Orange___Haunglongbing_(Citrus_greening):::OCT_483,feature_dirichlet,0.1,0.1,synthetic_domain,42,4
Orange___Haunglongbing_(Citrus_greening)/c933d449-6359-4f90-b400-e042c701e6c8___UF.Citrus_HLB_Lab 0387.JPG,15,Orange___Haunglongbing_(Citrus_greening),3,train,partition::00019172,Orange___Haunglongbing_(Citrus_greening):::28,feature_dirichlet,0.1,0.1,synthetic_domain,42,4
Orange___Haunglongbing_(Citrus_greening)/cf21343d-ffc9-4ccf-987e-81694a355b37___UF.Citrus_HLB_Lab 0391.JPG,15,Orange___Haunglongbing_(Citrus_greening),3,train,partition::00019172,Orange___Haunglongbing_(Citrus_greening):::28,feature_dirichlet,0.1,0.1,synthetic_domain,42,4
Orange___Haunglongbing_(Citrus_greening)/d12498e5-4a67-499f-89c5-2d4d016dd67f___UF.Citrus_HLB_Lab 0388.JPG,15,Orange___Haunglongbing_(Citrus_greening),3,train,partition::00019172,Orange___Haunglongbing_(Citrus_greening):::28,feature_dirichlet,0.1,0.1,synthetic_domain,42,4
Orange___Haunglongbing_(Citrus_greening)/d1ac8871-c193-498d-9282-1862253b5c90___UF.Citrus_HLB_Lab 0382.JPG,15,Orange___Haunglongbing_(Citrus_greening),3,train,partition::00019172,Orange___Haunglongbing_(Citrus_greening):::28,feature_dirichlet,0.1,0.1,synthetic_domain,42,4
Orange___Haunglongbing_(Citrus_greening)/d58c79cd-56a8-40c0-85ff-493ded898478___UF.Citrus_HLB_Lab 0392.JPG,15,Orange___Haunglongbing_(Citrus_greening),3,train,partition::00019172,Orange___Haunglongbing_(Citrus_greening):::28,feature_dirichlet,0.1,0.1,synthetic_domain,42,4
Orange___Haunglongbing_(Citrus_greening)/d66992ca-793c-4200-933f-2e6950213c86___UF.Citrus_HLB_Lab 0383.JPG,15,Orange___Haunglongbing_(Citrus_greening),3,train,partition::00019172,Orange___Haunglongbing_(Citrus_greening):::28,feature_dirichlet,0.1,0.1,synthetic_domain,42,4
Orange___Haunglongbing_(Citrus_greening)/da30eb0c-d09d-4573-8dc7-6b53aa402a2c___UF.Citrus_HLB_Lab 0375.JPG,15,Orange___Haunglongbing_(Citrus_greening),3,train,partition::00019172,Orange___Haunglongbing_(Citrus_greening):::28,feature_dirichlet,0.1,0.1,synthetic_domain,42,4
Orange___Haunglongbing_(Citrus_greening)/daf161e3-3638-4f6a-b5a4-1c085923d0d2___UF.Citrus_HLB_Lab 1675.JPG,15,Orange___Haunglongbing_(Citrus_greening),3,train,partition::00019921,Orange___Haunglongbing_(Citrus_greening):::105,feature_dirichlet,0.1,0.1,synthetic_domain,42,4
Orange___Haunglongbing_(Citrus_greening)/df10f1ce-8781-4fc9-8be8-be256f778b20___CREC_HLB 4104.JPG,15,Orange___Haunglongbing_(Citrus_greening),3,train,partition::00019706,Orange___Haunglongbing_(Citrus_greening):::OCT_60,feature_dirichlet,0.1,0.1,synthetic_domain,42,2
Orange___Haunglongbing_(Citrus_greening)/df5d63fb-d270-459b-9798-ad680374ad1a___UF.Citrus_HLB_Lab 1668.JPG,15,Orange___Haunglongbing_(Citrus_greening),3,train,partition::00019921,Orange___Haunglongbing_(Citrus_greening):::105,feature_dirichlet,0.1,0.1,synthetic_domain,42,4
Orange___Haunglongbing_(Citrus_greening)/e7b0f658-fd5d-420e-a249-4d1bdedcab6a___UF.Citrus_HLB_Lab 1679.JPG,15,Orange___Haunglongbing_(Citrus_greening),3,train,partition::00019921,Orange___Haunglongbing_(Citrus_greening):::105,feature_dirichlet,0.1,0.1,synthetic_domain,42,4
Orange___Haunglongbing_(Citrus_greening)/ea5658a2-5694-4d53-9271-e63697155e3e___UF.Citrus_HLB_Lab 1685.JPG,15,Orange___Haunglongbing_(Citrus_greening),3,train,partition::00019921,Orange___Haunglongbing_(Citrus_greening):::105,feature_dirichlet,0.1,0.1,synthetic_domain,42,4
Orange___Haunglongbing_(Citrus_greening)/eaa53aba-5a58-4a3a-9d5a-6f61445f43fb___CREC_HLB 7509.JPG,15,Orange___Haunglongbing_(Citrus_greening),3,train,partition::00019959,Orange___Haunglongbing_(Citrus_greening):::OCT_738,feature_dirichlet,0.1,0.1,synthetic_domain,42,4
Orange___Haunglongbing_(Citrus_greening)/eb6dd838-1c91-4e8c-8c3d-f00d60d8a641___UF.Citrus_HLB_Lab 1676.JPG,15,Orange___Haunglongbing_(Citrus_greening),3,train,partition::00019921,Orange___Haunglongbing_(Citrus_greening):::105,feature_dirichlet,0.1,0.1,synthetic_domain,42,4
Orange___Haunglongbing_(Citrus_greening)/ec84d9a9-7c39-4a15-ae0c-50b05402d425___CREC_HLB 4106.JPG,15,Orange___Haunglongbing_(Citrus_greening),3,train,partition::00019706,Orange___Haunglongbing_(Citrus_greening):::OCT_60,feature_dirichlet,0.1,0.1,synthetic_domain,42,2
Orange___Haunglongbing_(Citrus_greening)/ecdbb1ea-804e-4b1e-98c2-2e1018177337___CREC_HLB 4285.JPG,15,Orange___Haunglongbing_(Citrus_greening),3,train,partition::00019581,Orange___Haunglongbing_(Citrus_greening):::OCT_105,feature_dirichlet,0.1,0.1,synthetic_domain,42,4
Orange___Haunglongbing_(Citrus_greening)/ed55b9b9-4464-4351-a31f-7b9533de3807___CREC_HLB 7618.JPG,15,Orange___Haunglongbing_(Citrus_greening),3,train,partition::00019592,Orange___Haunglongbing_(Citrus_greening):::OCT_764,feature_dirichlet,0.1,0.1,synthetic_domain,42,4
Orange___Haunglongbing_(Citrus_greening)/ef86bdf6-ede1-42de-9d45-e487aa5684b8___CREC_HLB 4716.JPG,15,Orange___Haunglongbing_(Citrus_greening),3,train,partition::00019688,Orange___Haunglongbing_(Citrus_greening):::OCT_212,feature_dirichlet,0.1,0.1,synthetic_domain,42,4
Orange___Haunglongbing_(Citrus_greening)/f18aeace-ebb1-449b-8409-735cda844a06___CREC_HLB 4715.JPG,15,Orange___Haunglongbing_(Citrus_greening),3,train,partition::00019688,Orange___Haunglongbing_(Citrus_greening):::OCT_212,feature_dirichlet,0.1,0.1,synthetic_domain,42,4
Orange___Haunglongbing_(Citrus_greening)/f1b5fcc3-b723-4f03-a36a-c0c88d9f98ad___CREC_HLB 4103.JPG,15,Orange___Haunglongbing_(Citrus_greening),3,train,partition::00019706,Orange___Haunglongbing_(Citrus_greening):::OCT_60,feature_dirichlet,0.1,0.1,synthetic_domain,42,2
Orange___Haunglongbing_(Citrus_greening)/f2176b35-a559-4269-be95-5380aa295895___CREC_HLB 4105.JPG,15,Orange___Haunglongbing_(Citrus_greening),3,train,partition::00019706,Orange___Haunglongbing_(Citrus_greening):::OCT_60,feature_dirichlet,0.1,0.1,synthetic_domain,42,2
Orange___Haunglongbing_(Citrus_greening)/f49eb31d-7d30-4d4c-82cf-f3c635f0f7b1___UF.Citrus_HLB_Lab 1673.JPG,15,Orange___Haunglongbing_(Citrus_greening),3,train,partition::00019921,Orange___Haunglongbing_(Citrus_greening):::105,feature_dirichlet,0.1,0.1,synthetic_domain,42,4
Orange___Haunglongbing_(Citrus_greening)/fc3a7115-d0c8-4e4d-82ed-86ef02b39842___UF.Citrus_HLB_Lab 1681.JPG,15,Orange___Haunglongbing_(Citrus_greening),3,train,partition::00019921,Orange___Haunglongbing_(Citrus_greening):::105,feature_dirichlet,0.1,0.1,synthetic_domain,42,4
Orange___Haunglongbing_(Citrus_greening)/fea8a751-5bf7-431e-9860-358e9b16a859___CREC_HLB 7511.JPG,15,Orange___Haunglongbing_(Citrus_greening),3,train,partition::00019959,Orange___Haunglongbing_(Citrus_greening):::OCT_738,feature_dirichlet,0.1,0.1,synthetic_domain,42,4
Orange___Haunglongbing_(Citrus_greening)/ff6bf1fd-a474-43f9-aee7-a852ac08dd03___CREC_HLB 7095.JPG,15,Orange___Haunglongbing_(Citrus_greening),3,train,partition::00019984,Orange___Haunglongbing_(Citrus_greening):::OCT_635,feature_dirichlet,0.1,0.1,synthetic_domain,42,2
Peach___Bacterial_spot/00ec2d81-1ac8-464f-af9f-40e8c28d67eb___Rutg._Bact.S 2002.JPG,16,Peach___Bacterial_spot,3,train,partition::00022291,Peach___Bacterial_spot:::287,feature_dirichlet,0.1,0.1,synthetic_domain,42,4
Peach___Bacterial_spot/039f605b-6a83-45e7-a08c-99ef9fff5758___Rutg._Bact.S 2001.JPG,16,Peach___Bacterial_spot,3,train,partition::00022291,Peach___Bacterial_spot:::287,feature_dirichlet,0.1,0.1,synthetic_domain,42,4
Peach___Bacterial_spot/04158c05-5a58-4b81-97db-578e98cc992c___Rutg._Bact.S 1870.JPG,16,Peach___Bacterial_spot,3,train,partition::00022177,Peach___Bacterial_spot:::273,feature_dirichlet,0.1,0.1,synthetic_domain,42,4
Peach___Bacterial_spot/06b950e1-030a-4cda-b341-e9dbdc6773d7___Rutg._Bact.S 1492.JPG,16,Peach___Bacterial_spot,3,train,partition::00022199,Peach___Bacterial_spot:::228,feature_dirichlet,0.1,0.1,synthetic_domain,42,4
Peach___Bacterial_spot/0bed4870-01d3-42a8-b0bf-817e5eff01f7___Rut._Bact.S 0780.JPG,16,Peach___Bacterial_spot,3,train,partition::00021823,Peach___Bacterial_spot:::8,feature_dirichlet,0.1,0.1,synthetic_domain,42,4
Peach___Bacterial_spot/158aa34f-f25b-4011-974f-434b6b482c92___Rutg._Bact.S 1491.JPG,16,Peach___Bacterial_spot,3,train,partition::00022199,Peach___Bacterial_spot:::228,feature_dirichlet,0.1,0.1,synthetic_domain,42,4
Peach___Bacterial_spot/22e0cb50-fc0d-4b52-9833-0ed25f98c737___Rutg._Bact.S 2244.JPG,16,Peach___Bacterial_spot,3,train,partition::00022246,Peach___Bacterial_spot:::315,feature_dirichlet,0.1,0.1,synthetic_domain,42,4
Peach___Bacterial_spot/24ff85f7-a5d3-4a55-92dd-e852e19fa4ec___Rutg._Bact.S 2241.JPG,16,Peach___Bacterial_spot,3,train,partition::00022246,Peach___Bacterial_spot:::315,feature_dirichlet,0.1,0.1,synthetic_domain,42,4
Peach___Bacterial_spot/2f98ba13-efa6-4ae0-be91-dcfbabac2625___Rutg._Bact.S 2117.JPG,16,Peach___Bacterial_spot,3,train,partition::00021989,Peach___Bacterial_spot:::300,feature_dirichlet,0.1,0.1,synthetic_domain,42,4
Peach___Bacterial_spot/38fa1e81-3369-40e6-83a7-399deb35dee1___Rut._Bact.S 1222.JPG,16,Peach___Bacterial_spot,3,train,partition::00022273,Peach___Bacterial_spot:::81,feature_dirichlet,0.1,0.1,synthetic_domain,42,4
Peach___Bacterial_spot/4fca1600-ca6b-4141-b890-7577b733be62___Rutg._Bact.S 2113.JPG,16,Peach___Bacterial_spot,3,train,partition::00021989,Peach___Bacterial_spot:::300,feature_dirichlet,0.1,0.1,synthetic_domain,42,4
Peach___Bacterial_spot/50abc808-2fe0-4e3d-b67c-e65e06be2c32___Rutg._Bact.S 1873.JPG,16,Peach___Bacterial_spot,3,train,partition::00022177,Peach___Bacterial_spot:::273,feature_dirichlet,0.1,0.1,synthetic_domain,42,4
Peach___Bacterial_spot/5d3b6598-cbde-41dd-9a77-293a80fad200___Rutg._Bact.S 1490.JPG,16,Peach___Bacterial_spot,3,train,partition::00022199,Peach___Bacterial_spot:::228,feature_dirichlet,0.1,0.1,synthetic_domain,42,4
Peach___Bacterial_spot/5f6c255e-b34b-407b-b854-b912cdd9ace1___Rutg._Bact.S 2242.JPG,16,Peach___Bacterial_spot,3,train,partition::00022246,Peach___Bacterial_spot:::315,feature_dirichlet,0.1,0.1,synthetic_domain,42,4
Peach___Bacterial_spot/61c44c64-4b25-4e7c-b6bd-a7ce0a756586___Rutg._Bact.S 1868.JPG,16,Peach___Bacterial_spot,3,train,partition::00022177,Peach___Bacterial_spot:::273,feature_dirichlet,0.1,0.1,synthetic_domain,42,4
Peach___Bacterial_spot/6f35e6d0-d106-4022-a546-dd10e804c3b8___Rutg._Bact.S 1871.JPG,16,Peach___Bacterial_spot,3,train,partition::00022177,Peach___Bacterial_spot:::273,feature_dirichlet,0.1,0.1,synthetic_domain,42,4
Peach___Bacterial_spot/72946abf-536e-4f9d-bc14-15c99053f3a5___Rutg._Bact.S 1874.JPG,16,Peach___Bacterial_spot,3,train,partition::00022177,Peach___Bacterial_spot:::273,feature_dirichlet,0.1,0.1,synthetic_domain,42,4
Peach___Bacterial_spot/7c4e4a7e-0e71-47d0-90b3-1b2f627fa40f___Rutg._Bact.S 1867.JPG,16,Peach___Bacterial_spot,3,train,partition::00022177,Peach___Bacterial_spot:::273,feature_dirichlet,0.1,0.1,synthetic_domain,42,4
Peach___Bacterial_spot/833db742-4def-4a74-bed8-9ff1fbf63157___Rutg._Bact.S 2110.JPG,16,Peach___Bacterial_spot,3,train,partition::00021989,Peach___Bacterial_spot:::300,feature_dirichlet,0.1,0.1,synthetic_domain,42,4
Peach___Bacterial_spot/8a316c5b-c780-4fd4-b0c3-5cc210796cad___Rutg._Bact.S 1487.JPG,16,Peach___Bacterial_spot,3,train,partition::00022199,Peach___Bacterial_spot:::228,feature_dirichlet,0.1,0.1,synthetic_domain,42,4
Peach___Bacterial_spot/8de99878-45e9-4a0d-8fc9-6cc55f821c8c___Rut._Bact.S 0781.JPG,16,Peach___Bacterial_spot,3,train,partition::00021823,Peach___Bacterial_spot:::8,feature_dirichlet,0.1,0.1,synthetic_domain,42,4
Peach___Bacterial_spot/92b07b2f-30b9-4005-b605-4ee7f82e2c9c___Rut._Bact.S 0783.JPG,16,Peach___Bacterial_spot,3,train,partition::00021823,Peach___Bacterial_spot:::8,feature_dirichlet,0.1,0.1,synthetic_domain,42,4
Peach___Bacterial_spot/9b0638f0-0599-497f-9bd0-2364ab5dc082___Rutg._Bact.S 1866.JPG,16,Peach___Bacterial_spot,3,train,partition::00022177,Peach___Bacterial_spot:::273,feature_dirichlet,0.1,0.1,synthetic_domain,42,4
Peach___Bacterial_spot/9bd43ac8-76fe-4c5b-a7eb-10134ebed5c0___Rutg._Bact.S 1488.JPG,16,Peach___Bacterial_spot,3,train,partition::00022199,Peach___Bacterial_spot:::228,feature_dirichlet,0.1,0.1,synthetic_domain,42,4
Peach___Bacterial_spot/a1195e59-9d6b-4d98-a497-9e5e73c58bd4___Rut._Bact.S 1219.JPG,16,Peach___Bacterial_spot,3,train,partition::00022273,Peach___Bacterial_spot:::81,feature_dirichlet,0.1,0.1,synthetic_domain,42,4
Peach___Bacterial_spot/a4719606-d614-4505-8b20-ba1792cb35b2___Rutg._Bact.S 2115.JPG,16,Peach___Bacterial_spot,3,train,partition::00021989,Peach___Bacterial_spot:::300,feature_dirichlet,0.1,0.1,synthetic_domain,42,4
Peach___Bacterial_spot/ac49b494-47ef-4089-90c2-a6f87f4031ae___Rutg._Bact.S 2240.JPG,16,Peach___Bacterial_spot,3,train,partition::00022246,Peach___Bacterial_spot:::315,feature_dirichlet,0.1,0.1,synthetic_domain,42,4
Peach___Bacterial_spot/b10cfc75-cc9b-4692-99b5-be3dd36098d5___Rutg._Bact.S 2116.JPG,16,Peach___Bacterial_spot,3,train,partition::00021989,Peach___Bacterial_spot:::300,feature_dirichlet,0.1,0.1,synthetic_domain,42,4
Peach___Bacterial_spot/b2db309a-d37e-4093-a825-c119d3248c86___Rut._Bact.S 0785.JPG,16,Peach___Bacterial_spot,3,train,partition::00021823,Peach___Bacterial_spot:::8,feature_dirichlet,0.1,0.1,synthetic_domain,42,4
Peach___Bacterial_spot/b4bbae72-5479-44dd-b0a6-c45bdd3e8d55___Rutg._Bact.S 2005.JPG,16,Peach___Bacterial_spot,3,train,partition::00022291,Peach___Bacterial_spot:::287,feature_dirichlet,0.1,0.1,synthetic_domain,42,4
Peach___Bacterial_spot/b5a0a901-c085-4c41-9453-cba05fc7c166___Rutg._Bact.S 1998.JPG,16,Peach___Bacterial_spot,3,train,partition::00022291,Peach___Bacterial_spot:::287,feature_dirichlet,0.1,0.1,synthetic_domain,42,4
Peach___Bacterial_spot/b80f4d3e-e0a5-4e81-b50d-8728c8228b00___Rut._Bact.S 0782.JPG,16,Peach___Bacterial_spot,3,train,partition::00021823,Peach___Bacterial_spot:::8,feature_dirichlet,0.1,0.1,synthetic_domain,42,4
Peach___Bacterial_spot/bcde34a5-b786-418a-a7aa-81d99d959583___Rut._Bact.S 1220.JPG,16,Peach___Bacterial_spot,3,train,partition::00022273,Peach___Bacterial_spot:::81,feature_dirichlet,0.1,0.1,synthetic_domain,42,4
Peach___Bacterial_spot/bd4a3609-3de0-4eed-b63d-fb1d869b8ffa___Rutg._Bact.S 2003.JPG,16,Peach___Bacterial_spot,3,train,partition::00022291,Peach___Bacterial_spot:::287,feature_dirichlet,0.1,0.1,synthetic_domain,42,4
Peach___Bacterial_spot/c285d06e-dd2e-4cb3-85b4-77212c8b1abe___Rutg._Bact.S 2114.JPG,16,Peach___Bacterial_spot,3,train,partition::00021989,Peach___Bacterial_spot:::300,feature_dirichlet,0.1,0.1,synthetic_domain,42,4
Peach___Bacterial_spot/c3a01e69-bd52-4db2-8f1f-513c01933680___Rutg._Bact.S 2112.JPG,16,Peach___Bacterial_spot,3,train,partition::00021989,Peach___Bacterial_spot:::300,feature_dirichlet,0.1,0.1,synthetic_domain,42,4
Peach___Bacterial_spot/c93a6ad1-3d34-4f82-ba3d-79daf4a6fbd4___Rut._Bact.S 0784.JPG,16,Peach___Bacterial_spot,3,train,partition::00021823,Peach___Bacterial_spot:::8,feature_dirichlet,0.1,0.1,synthetic_domain,42,4
Peach___Bacterial_spot/cfead799-04a3-4bb7-917f-7b186c595d68___Rutg._Bact.S 1999.JPG,16,Peach___Bacterial_spot,3,train,partition::00022291,Peach___Bacterial_spot:::287,feature_dirichlet,0.1,0.1,synthetic_domain,42,4
Peach___Bacterial_spot/d29ec535-52ff-4be6-8ec5-833be9bbc22c___Rut._Bact.S 1224.JPG,16,Peach___Bacterial_spot,3,train,partition::00022273,Peach___Bacterial_spot:::81,feature_dirichlet,0.1,0.1,synthetic_domain,42,4
Peach___Bacterial_spot/dd0f6b31-13f3-4516-a91d-8f2d9f8dc563___Rutg._Bact.S 2111.JPG,16,Peach___Bacterial_spot,3,train,partition::00021989,Peach___Bacterial_spot:::300,feature_dirichlet,0.1,0.1,synthetic_domain,42,4
Peach___Bacterial_spot/de6f3367-e6dd-4052-a0b8-76eaf9539bf0___Rutg._Bact.S 2243.JPG,16,Peach___Bacterial_spot,3,train,partition::00022246,Peach___Bacterial_spot:::315,feature_dirichlet,0.1,0.1,synthetic_domain,42,4
Peach___Bacterial_spot/df118178-ccea-4e2d-a6c7-a18e40dc5ab8___Rutg._Bact.S 2238.JPG,16,Peach___Bacterial_spot,3,train,partition::00022246,Peach___Bacterial_spot:::315,feature_dirichlet,0.1,0.1,synthetic_domain,42,4
Peach___Bacterial_spot/e175cb41-e908-4f39-b6ff-afeee0dba12c___Rutg._Bact.S 2004.JPG,16,Peach___Bacterial_spot,3,train,partition::00022291,Peach___Bacterial_spot:::287,feature_dirichlet,0.1,0.1,synthetic_domain,42,4
Peach___Bacterial_spot/e54b8ffe-fa9c-480b-a799-921f4c0d71cb___Rutg._Bact.S 1872.JPG,16,Peach___Bacterial_spot,3,train,partition::00022177,Peach___Bacterial_spot:::273,feature_dirichlet,0.1,0.1,synthetic_domain,42,4
Peach___Bacterial_spot/f1272e13-e76f-4e87-a489-016b8db11837___Rutg._Bact.S 2245.JPG,16,Peach___Bacterial_spot,3,train,partition::00022246,Peach___Bacterial_spot:::315,feature_dirichlet,0.1,0.1,synthetic_domain,42,4
Peach___Bacterial_spot/f17e9159-5942-4b1e-8d3c-e1e0ce949b2d___Rut._Bact.S 1221.JPG,16,Peach___Bacterial_spot,3,train,partition::00022273,Peach___Bacterial_spot:::81,feature_dirichlet,0.1,0.1,synthetic_domain,42,4
Peach___Bacterial_spot/f22779fa-cfdd-47c9-aaa1-085a79bf8ff6___Rutg._Bact.S 1869.JPG,16,Peach___Bacterial_spot,3,train,partition::00022177,Peach___Bacterial_spot:::273,feature_dirichlet,0.1,0.1,synthetic_domain,42,4
Peach___Bacterial_spot/f4628ab2-9f70-4dc3-95d1-b69dc0ef617e___Rutg._Bact.S 1489.JPG,16,Peach___Bacterial_spot,3,train,partition::00022199,Peach___Bacterial_spot:::228,feature_dirichlet,0.1,0.1,synthetic_domain,42,4
Peach___Bacterial_spot/f48b3d8f-9d43-4c8e-938a-34d454dc59b9___Rutg._Bact.S 1486.JPG,16,Peach___Bacterial_spot,3,train,partition::00022199,Peach___Bacterial_spot:::228,feature_dirichlet,0.1,0.1,synthetic_domain,42,4
Peach___Bacterial_spot/f67f4a51-f763-4155-a805-f5f8a8ac0d69___Rutg._Bact.S 1997.JPG,16,Peach___Bacterial_spot,3,train,partition::00022291,Peach___Bacterial_spot:::287,feature_dirichlet,0.1,0.1,synthetic_domain,42,4
Peach___Bacterial_spot/fb7c067b-1a1f-4252-b0a5-682f799cf41c___Rutg._Bact.S 2239.JPG,16,Peach___Bacterial_spot,3,train,partition::00022246,Peach___Bacterial_spot:::315,feature_dirichlet,0.1,0.1,synthetic_domain,42,4
Peach___Bacterial_spot/fe3a0c25-0e0a-41ff-8d9d-7aaacca7dae5___Rut._Bact.S 1223.JPG,16,Peach___Bacterial_spot,3,train,partition::00022273,Peach___Bacterial_spot:::81,feature_dirichlet,0.1,0.1,synthetic_domain,42,4
Peach___Bacterial_spot/ff997ef8-ae82-422b-8745-fa0d45ce9ada___Rutg._Bact.S 2000.JPG,16,Peach___Bacterial_spot,3,train,partition::00022291,Peach___Bacterial_spot:::287,feature_dirichlet,0.1,0.1,synthetic_domain,42,4
"Pepper,_bell___Bacterial_spot/7beb562a-e1b0-40a2-8b44-fd892051da87___JR_B.Spot 8989.JPG",18,"Pepper,_bell___Bacterial_spot",3,train,partition::00023575,"Pepper,_bell___Bacterial_spot:::JR_55",feature_dirichlet,0.1,0.1,synthetic_domain,42,4
"Pepper,_bell___Bacterial_spot/9d26dd65-36c0-4ff0-a1b8-5e6e7ea5e058___JR_B.Spot 8991.JPG",18,"Pepper,_bell___Bacterial_spot",3,train,partition::00023575,"Pepper,_bell___Bacterial_spot:::JR_55",feature_dirichlet,0.1,0.1,synthetic_domain,42,4
"Pepper,_bell___Bacterial_spot/9dbff8df-4ad1-46ec-96d7-4f35a27e2d5d___JR_B.Spot 8987.JPG",18,"Pepper,_bell___Bacterial_spot",3,train,partition::00023575,"Pepper,_bell___Bacterial_spot:::JR_55",feature_dirichlet,0.1,0.1,synthetic_domain,42,4
"Pepper,_bell___Bacterial_spot/baf87bb4-cf33-432d-ae8c-6ee3bd6dacce___JR_B.Spot 8988.JPG",18,"Pepper,_bell___Bacterial_spot",3,train,partition::00023575,"Pepper,_bell___Bacterial_spot:::JR_55",feature_dirichlet,0.1,0.1,synthetic_domain,42,4
"Pepper,_bell___Bacterial_spot/ca536e69-ebc0-4a82-8bca-c074f9399885___JR_B.Spot 8986.JPG",18,"Pepper,_bell___Bacterial_spot",3,train,partition::00023575,"Pepper,_bell___Bacterial_spot:::JR_55",feature_dirichlet,0.1,0.1,synthetic_domain,42,4
"Pepper,_bell___Bacterial_spot/e8fc71b3-6ab8-4ca7-93c8-89fdc03ec004___JR_B.Spot 8990.JPG",18,"Pepper,_bell___Bacterial_spot",3,train,partition::00023575,"Pepper,_bell___Bacterial_spot:::JR_55",feature_dirichlet,0.1,0.1,synthetic_domain,42,4
"Pepper,_bell___healthy/2492565a-7851-43ab-a1c2-41b3e0117b4a___JR_HL 7701.JPG",19,"Pepper,_bell___healthy",3,train,partition::00024713,"Pepper,_bell___healthy:::46",feature_dirichlet,0.1,0.1,synthetic_domain,42,2
"Pepper,_bell___healthy/2a510a2e-0e15-4ee3-9a66-a7bc27710c91___JR_HL 7704.JPG",19,"Pepper,_bell___healthy",3,train,partition::00024713,"Pepper,_bell___healthy:::46",feature_dirichlet,0.1,0.1,synthetic_domain,42,2
"Pepper,_bell___healthy/498c3933-65ca-487e-91d1-35c715d281f2___JR_HL 7706.JPG",19,"Pepper,_bell___healthy",3,train,partition::00024713,"Pepper,_bell___healthy:::46",feature_dirichlet,0.1,0.1,synthetic_domain,42,2
"Pepper,_bell___healthy/4e6e9475-7cdb-443b-aacf-3e10d937e1a3___JR_HL 8290.JPG",19,"Pepper,_bell___healthy",3,train,partition::00024891,"Pepper,_bell___healthy:::101",feature_dirichlet,0.1,0.1,synthetic_domain,42,4
"Pepper,_bell___healthy/4e7f91aa-6db1-4363-afbc-5fcc88b42231___JR_HL 8284.JPG",19,"Pepper,_bell___healthy",3,train,partition::00024891,"Pepper,_bell___healthy:::101",feature_dirichlet,0.1,0.1,synthetic_domain,42,4
"Pepper,_bell___healthy/5dd09f16-7e45-45ed-804f-236f210c3e60___JR_HL 8289.JPG",19,"Pepper,_bell___healthy",3,train,partition::00024891,"Pepper,_bell___healthy:::101",feature_dirichlet,0.1,0.1,synthetic_domain,42,4
"Pepper,_bell___healthy/634425ba-0f38-4bdc-a19e-3710c32072fc___JR_HL 7702.JPG",19,"Pepper,_bell___healthy",3,train,partition::00024713,"Pepper,_bell___healthy:::46",feature_dirichlet,0.1,0.1,synthetic_domain,42,2
"Pepper,_bell___healthy/6a6a7f87-4efb-43c7-ae36-1f9db31246f2___JR_HL 7703.JPG",19,"Pepper,_bell___healthy",3,train,partition::00024713,"Pepper,_bell___healthy:::46",feature_dirichlet,0.1,0.1,synthetic_domain,42,2
"Pepper,_bell___healthy/6f13ae9f-a9e0-46e3-8e5a-445c4f16898a___JR_HL 8283.JPG",19,"Pepper,_bell___healthy",3,train,partition::00024891,"Pepper,_bell___healthy:::101",feature_dirichlet,0.1,0.1,synthetic_domain,42,4
"Pepper,_bell___healthy/7cad85ff-b760-4440-b81e-e25fec79afbd___JR_HL 7709.JPG",19,"Pepper,_bell___healthy",3,train,partition::00024713,"Pepper,_bell___healthy:::46",feature_dirichlet,0.1,0.1,synthetic_domain,42,2
"Pepper,_bell___healthy/83368e06-d46a-4f4b-972a-99b3a8db8963___JR_HL 7705.JPG",19,"Pepper,_bell___healthy",3,train,partition::00024713,"Pepper,_bell___healthy:::46",feature_dirichlet,0.1,0.1,synthetic_domain,42,2
"Pepper,_bell___healthy/8bfac003-63b0-4c5a-a4b6-09ba08e90b6a___JR_HL 8282.JPG",19,"Pepper,_bell___healthy",3,train,partition::00024891,"Pepper,_bell___healthy:::101",feature_dirichlet,0.1,0.1,synthetic_domain,42,4
"Pepper,_bell___healthy/964b9fb3-8919-4a08-967d-ae652d1d4bd7___JR_HL 8285.JPG",19,"Pepper,_bell___healthy",3,train,partition::00024891,"Pepper,_bell___healthy:::101",feature_dirichlet,0.1,0.1,synthetic_domain,42,4
"Pepper,_bell___healthy/a2c7c2b1-bd51-40c7-9a2c-05a91a261191___JR_HL 8287.JPG",19,"Pepper,_bell___healthy",3,train,partition::00024891,"Pepper,_bell___healthy:::101",feature_dirichlet,0.1,0.1,synthetic_domain,42,4
"Pepper,_bell___healthy/ae7d5e8e-5713-4eb8-b1e5-1ff3d2dba0a0___JR_HL 7708.JPG",19,"Pepper,_bell___healthy",3,train,partition::00024713,"Pepper,_bell___healthy:::46",feature_dirichlet,0.1,0.1,synthetic_domain,42,2
"Pepper,_bell___healthy/b9857b11-defc-472d-9775-95be585284f8___JR_HL 7707.JPG",19,"Pepper,_bell___healthy",3,train,partition::00024713,"Pepper,_bell___healthy:::46",feature_dirichlet,0.1,0.1,synthetic_domain,42,2
"Pepper,_bell___healthy/ba3e009a-3eee-4a31-878e-e9a6c61494a9___JR_HL 8288.JPG",19,"Pepper,_bell___healthy",3,train,partition::00024891,"Pepper,_bell___healthy:::101",feature_dirichlet,0.1,0.1,synthetic_domain,42,4
"Pepper,_bell___healthy/d73e8a23-5eac-4278-92f1-275bb49bec57___JR_HL 8286.JPG",19,"Pepper,_bell___healthy",3,train,partition::00024891,"Pepper,_bell___healthy:::101",feature_dirichlet,0.1,0.1,synthetic_domain,42,4
Potato___Early_blight/0f223bbc-d2b4-4d58-8314-359d92d0102b___RS_Early.B 8052.JPG,20,Potato___Early_blight,3,train,partition::00025776,Potato___Early_blight:::166,feature_dirichlet,0.1,0.1,synthetic_domain,42,4
Potato___Early_blight/357426c8-5b7b-4d56-9cb0-13cfaecc219f___RS_Early.B 7326.JPG,20,Potato___Early_blight,3,train,partition::00026016,Potato___Early_blight:::87,feature_dirichlet,0.1,0.1,synthetic_domain,42,4
Potato___Early_blight/51bc94fe-ba23-4776-a9ec-727e55015acb___RS_Early.B 8267.JPG,20,Potato___Early_blight,3,train,partition::00026078,Potato___Early_blight:::185,feature_dirichlet,0.1,0.1,synthetic_domain,42,2
Potato___Early_blight/5c43b799-a722-4209-b571-2a7ca23de273___RS_Early.B 7321.JPG,20,Potato___Early_blight,3,train,partition::00026016,Potato___Early_blight:::87,feature_dirichlet,0.1,0.1,synthetic_domain,42,4
Potato___Early_blight/719dcce1-73f0-42c8-9941-44eb2b237544___RS_Early.B 8059.JPG,20,Potato___Early_blight,3,train,partition::00025776,Potato___Early_blight:::166,feature_dirichlet,0.1,0.1,synthetic_domain,42,4
Potato___Early_blight/7b95c3ad-d550-4cc8-96e0-549ec04c7dea___RS_Early.B 7342.JPG,20,Potato___Early_blight,3,train,partition::00026105,Potato___Early_blight:::90,feature_dirichlet,0.1,0.1,synthetic_domain,42,4
Potato___Early_blight/87c0254c-c987-4c54-adda-45c5e7346170___RS_Early.B 8848.JPG,20,Potato___Early_blight,3,train,partition::00025994,Potato___Early_blight:::227,feature_dirichlet,0.1,0.1,synthetic_domain,42,4
Potato___Early_blight/8d015dcf-e4da-41b7-9d81-8d160000accf___RS_Early.B 7264.JPG,20,Potato___Early_blight,3,train,partition::00025910,Potato___Early_blight:::80,feature_dirichlet,0.1,0.1,synthetic_domain,42,2
Potato___Early_blight/906218cf-65e8-4713-841f-01707a9dd20c___RS_Early.B 7270.JPG,20,Potato___Early_blight,3,train,partition::00025910,Potato___Early_blight:::80,feature_dirichlet,0.1,0.1,synthetic_domain,42,2
Potato___Early_blight/91d11576-f040-43ab-8e08-e7ef4926707a___RS_Early.B 8054.JPG,20,Potato___Early_blight,3,train,partition::00025776,Potato___Early_blight:::166,feature_dirichlet,0.1,0.1,synthetic_domain,42,4
Potato___Early_blight/92a30efc-6b2f-4e17-8688-e477e5d39bd9___RS_Early.B 7343.JPG,20,Potato___Early_blight,3,train,partition::00026105,Potato___Early_blight:::90,feature_dirichlet,0.1,0.1,synthetic_domain,42,4
Potato___Early_blight/9db872fc-f367-4dfa-b1f7-23490bb4552b___RS_Early.B 8842.JPG,20,Potato___Early_blight,3,train,partition::00025994,Potato___Early_blight:::227,feature_dirichlet,0.1,0.1,synthetic_domain,42,4
Potato___Early_blight/a29ed5b2-153c-4f0e-a633-f698c9ff51d2___RS_Early.B 8840.JPG,20,Potato___Early_blight,3,train,partition::00025994,Potato___Early_blight:::227,feature_dirichlet,0.1,0.1,synthetic_domain,42,4
Potato___Early_blight/a4cc86e3-ac4d-4b72-89a2-6cf106831908___RS_Early.B 7346.JPG,20,Potato___Early_blight,3,train,partition::00026105,Potato___Early_blight:::90,feature_dirichlet,0.1,0.1,synthetic_domain,42,4
Potato___Early_blight/a601dd4d-4e81-4327-9e4e-fd19262a1306___RS_Early.B 8265.JPG,20,Potato___Early_blight,3,train,partition::00026078,Potato___Early_blight:::185,feature_dirichlet,0.1,0.1,synthetic_domain,42,2
Potato___Early_blight/aa687aac-2f1a-44d8-89aa-3f7d413b4763___RS_Early.B 8055.JPG,20,Potato___Early_blight,3,train,partition::00025776,Potato___Early_blight:::166,feature_dirichlet,0.1,0.1,synthetic_domain,42,4
Potato___Early_blight/bea108c2-bdf1-484d-807c-fa9431f4dc95___RS_Early.B 7265.JPG,20,Potato___Early_blight,3,train,partition::00025910,Potato___Early_blight:::80,feature_dirichlet,0.1,0.1,synthetic_domain,42,2
Potato___Early_blight/c14e2b11-510b-4967-ac96-ae965972ad50___RS_Early.B 7327.JPG,20,Potato___Early_blight,3,train,partition::00026016,Potato___Early_blight:::87,feature_dirichlet,0.1,0.1,synthetic_domain,42,4
Potato___Early_blight/ca1bc7af-3220-4b45-b76d-8f950128c489___RS_Early.B 7266.JPG,20,Potato___Early_blight,3,train,partition::00025910,Potato___Early_blight:::80,feature_dirichlet,0.1,0.1,synthetic_domain,42,2
Potato___Early_blight/d036af36-99a4-4b25-aa40-2477883e73cf___RS_Early.B 8269.JPG,20,Potato___Early_blight,3,train,partition::00026078,Potato___Early_blight:::185,feature_dirichlet,0.1,0.1,synthetic_domain,42,2
Potato___Early_blight/dc6516c4-a74c-465f-85a1-55608ee518da___RS_Early.B 8843.JPG,20,Potato___Early_blight,3,train,partition::00025994,Potato___Early_blight:::227,feature_dirichlet,0.1,0.1,synthetic_domain,42,4
Potato___Early_blight/e09798e4-23b1-4485-873b-605bc350f327___RS_Early.B 7320.JPG,20,Potato___Early_blight,3,train,partition::00026016,Potato___Early_blight:::87,feature_dirichlet,0.1,0.1,synthetic_domain,42,4
Potato___Early_blight/f20b88af-30e2-4270-a035-2cf217469cf8___RS_Early.B 8266.JPG,20,Potato___Early_blight,3,train,partition::00026078,Potato___Early_blight:::185,feature_dirichlet,0.1,0.1,synthetic_domain,42,2
Potato___Early_blight/f8de1c8d-67a0-4825-9ad6-e15809ff909c___RS_Early.B 7348.JPG,20,Potato___Early_blight,3,train,partition::00026105,Potato___Early_blight:::90,feature_dirichlet,0.1,0.1,synthetic_domain,42,4
Potato___Late_blight/073a7489-b8dd-4efc-8393-7f024fe8542a___RS_LB 2617.JPG,21,Potato___Late_blight,3,train,partition::00026616,Potato___Late_blight:::15,feature_dirichlet,0.1,0.1,synthetic_domain,42,4
Potato___Late_blight/1a6fc494-81dd-4649-ad8d-a5a6e58a2aa7___RS_LB 2618.JPG,21,Potato___Late_blight,3,train,partition::00026616,Potato___Late_blight:::15,feature_dirichlet,0.1,0.1,synthetic_domain,42,4
Potato___Late_blight/2a52ba17-febc-49b9-b5ab-52a500d387de___RS_LB 2621.JPG,21,Potato___Late_blight,3,train,partition::00026616,Potato___Late_blight:::15,feature_dirichlet,0.1,0.1,synthetic_domain,42,4
Potato___Late_blight/3888aab7-b07f-439b-80cc-c7f49004a67c___RS_LB 4156.JPG,21,Potato___Late_blight,3,train,partition::00026964,Potato___Late_blight:::142,feature_dirichlet,0.1,0.1,synthetic_domain,42,4
Potato___Late_blight/43dde1e0-8c73-45af-8fbf-d500e450a154___RS_LB 3270.JPG,21,Potato___Late_blight,3,train,partition::00027115,Potato___Late_blight:::89,feature_dirichlet,0.1,0.1,synthetic_domain,42,4
Potato___Late_blight/77164347-18bd-4466-aca9-0f61e6a36468___RS_LB 4155.JPG,21,Potato___Late_blight,3,train,partition::00026964,Potato___Late_blight:::142,feature_dirichlet,0.1,0.1,synthetic_domain,42,4
Potato___Late_blight/7ec28081-7b26-4519-a406-48ff4edb69ea___RS_LB 2622.JPG,21,Potato___Late_blight,3,train,partition::00026616,Potato___Late_blight:::15,feature_dirichlet,0.1,0.1,synthetic_domain,42,4
Potato___Late_blight/8eb5691c-0098-45f6-a782-e297ed340bc0___RS_LB 4153.JPG,21,Potato___Late_blight,3,train,partition::00026964,Potato___Late_blight:::142,feature_dirichlet,0.1,0.1,synthetic_domain,42,4
Potato___Late_blight/9c6155e6-eb4b-4ef9-bcd5-812803cb16d9___RS_LB 3268.JPG,21,Potato___Late_blight,3,train,partition::00027115,Potato___Late_blight:::89,feature_dirichlet,0.1,0.1,synthetic_domain,42,4
Potato___Late_blight/d8580222-d6c2-4519-94f2-f59c2d613d8b___RS_LB 4158.JPG,21,Potato___Late_blight,3,train,partition::00026964,Potato___Late_blight:::142,feature_dirichlet,0.1,0.1,synthetic_domain,42,4
Potato___Late_blight/fabf3179-8fba-4551-93fe-28e7f6c0efc3___RS_LB 3269.JPG,21,Potato___Late_blight,3,train,partition::00027115,Potato___Late_blight:::89,feature_dirichlet,0.1,0.1,synthetic_domain,42,4
Potato___Late_blight/fc9b06c8-7c63-445d-9858-a5a0c7be719b___RS_LB 3273.JPG,21,Potato___Late_blight,3,train,partition::00027115,Potato___Late_blight:::89,feature_dirichlet,0.1,0.1,synthetic_domain,42,4
Soybean___healthy/185caaf1-5b55-4253-8013-61b878d2b3db___RS_HL 5255.JPG,24,Soybean___healthy,3,train,partition::00030164,Soybean___healthy:::284,feature_dirichlet,0.1,0.1,synthetic_domain,42,4
Soybean___healthy/3bf32201-a268-4b1e-964c-c058deba79e9___RS_HL 5250.JPG,24,Soybean___healthy,3,train,partition::00030164,Soybean___healthy:::284,feature_dirichlet,0.1,0.1,synthetic_domain,42,4
Soybean___healthy/449f6c5b-3286-4201-905f-004f01dfc0e3___RS_HL 4871.JPG,24,Soybean___healthy,3,train,partition::00032487,Soybean___healthy:::241,feature_dirichlet,0.1,0.1,synthetic_domain,42,4
Soybean___healthy/47c5bfac-7191-40b5-9c87-394f2cd25a6e___RS_HL 5253.JPG,24,Soybean___healthy,3,train,partition::00030164,Soybean___healthy:::284,feature_dirichlet,0.1,0.1,synthetic_domain,42,4
Soybean___healthy/4f1784b8-b5a2-437a-8fbf-1591971726d9___RS_HL 5254.JPG,24,Soybean___healthy,3,train,partition::00030164,Soybean___healthy:::284,feature_dirichlet,0.1,0.1,synthetic_domain,42,4
Soybean___healthy/583f7f15-f9a5-480f-9f89-bb61647a7542___RS_HL 4867.JPG,24,Soybean___healthy,3,train,partition::00032487,Soybean___healthy:::241,feature_dirichlet,0.1,0.1,synthetic_domain,42,4
Soybean___healthy/6e3e0c9d-304f-4976-b1d7-374fb4b4c13f___RS_HL 5249.JPG,24,Soybean___healthy,3,train,partition::00030164,Soybean___healthy:::284,feature_dirichlet,0.1,0.1,synthetic_domain,42,4
Soybean___healthy/6e57f7cf-4049-45db-a7e0-83020373a865___RS_HL 5251.JPG,24,Soybean___healthy,3,train,partition::00030164,Soybean___healthy:::284,feature_dirichlet,0.1,0.1,synthetic_domain,42,4
Soybean___healthy/7cc18a29-4a33-434c-80d1-109e3c9265a5___RS_HL 5256.JPG,24,Soybean___healthy,3,train,partition::00030164,Soybean___healthy:::284,feature_dirichlet,0.1,0.1,synthetic_domain,42,4
Soybean___healthy/7e3e4b51-92fc-49fe-98ae-b869e67269f9___RS_HL 5252.JPG,24,Soybean___healthy,3,train,partition::00030164,Soybean___healthy:::284,feature_dirichlet,0.1,0.1,synthetic_domain,42,4
Soybean___healthy/99975426-dafd-434e-b93b-1ffe9dde3c14___RS_HL 4866.JPG,24,Soybean___healthy,3,train,partition::00032487,Soybean___healthy:::241,feature_dirichlet,0.1,0.1,synthetic_domain,42,4
Soybean___healthy/b9a475ce-1d7e-45a8-8f73-2cf2c6b2e020___RS_HL 4868.JPG,24,Soybean___healthy,3,train,partition::00032487,Soybean___healthy:::241,feature_dirichlet,0.1,0.1,synthetic_domain,42,4
Soybean___healthy/c38fecd5-0110-4508-a597-28ee4cc79abb___RS_HL 4869.JPG,24,Soybean___healthy,3,train,partition::00032487,Soybean___healthy:::241,feature_dirichlet,0.1,0.1,synthetic_domain,42,4
Soybean___healthy/c4ce7d69-f40f-482c-ab2c-b256a3cddd8f___RS_HL 4870.JPG,24,Soybean___healthy,3,train,partition::00032487,Soybean___healthy:::241,feature_dirichlet,0.1,0.1,synthetic_domain,42,4
Soybean___healthy/efa6e0cc-1e23-40e3-b232-81939d022c96___RS_HL 4864.JPG,24,Soybean___healthy,3,train,partition::00032487,Soybean___healthy:::241,feature_dirichlet,0.1,0.1,synthetic_domain,42,4
Soybean___healthy/f4031ca8-3dd6-41b7-8aac-c329fa2dd0da___RS_HL 4865.JPG,24,Soybean___healthy,3,train,partition::00032487,Soybean___healthy:::241,feature_dirichlet,0.1,0.1,synthetic_domain,42,4
Squash___Powdery_mildew/1a161841-9997-4751-a9bb-57fa7fe01489___UMD_Powd.M 0679.JPG,25,Squash___Powdery_mildew,3,train,partition::00032905,img::D:/university/do-an-tot-nghiep/train-gd-2/PlantVillage-Dataset/raw/color/Squash___Powdery_mildew/1a161841-9997-4751-a9bb-57fa7fe01489___UMD_Powd.M 0679.JPG,feature_dirichlet,0.1,0.1,synthetic_domain,42,4
Squash___Powdery_mildew/1b489257-54ea-4dbc-8d06-b08157c40b9e___UMD_Powd.M 0608.JPG,25,Squash___Powdery_mildew,3,train,partition::00032914,img::D:/university/do-an-tot-nghiep/train-gd-2/PlantVillage-Dataset/raw/color/Squash___Powdery_mildew/1b489257-54ea-4dbc-8d06-b08157c40b9e___UMD_Powd.M 0608.JPG,feature_dirichlet,0.1,0.1,synthetic_domain,42,4
Squash___Powdery_mildew/2a6d3bdb-b8de-454f-ad74-49861f6f8499___UMD_Powd.M 9773.JPG,25,Squash___Powdery_mildew,3,train,partition::00033023,img::D:/university/do-an-tot-nghiep/train-gd-2/PlantVillage-Dataset/raw/color/Squash___Powdery_mildew/2a6d3bdb-b8de-454f-ad74-49861f6f8499___UMD_Powd.M 9773.JPG,feature_dirichlet,0.1,0.1,synthetic_domain,42,4
Squash___Powdery_mildew/339fd903-600b-4ba9-814c-591a2005ef1e___UMD_Powd.M 0270.JPG,25,Squash___Powdery_mildew,3,train,partition::00033083,img::D:/university/do-an-tot-nghiep/train-gd-2/PlantVillage-Dataset/raw/color/Squash___Powdery_mildew/339fd903-600b-4ba9-814c-591a2005ef1e___UMD_Powd.M 0270.JPG,feature_dirichlet,0.1,0.1,synthetic_domain,42,2
Squash___Powdery_mildew/497264b3-da8e-465a-b704-b44d4042163f___UMD_Powd.M 0308.JPG,25,Squash___Powdery_mildew,3,train,partition::00033241,img::D:/university/do-an-tot-nghiep/train-gd-2/PlantVillage-Dataset/raw/color/Squash___Powdery_mildew/497264b3-da8e-465a-b704-b44d4042163f___UMD_Powd.M 0308.JPG,feature_dirichlet,0.1,0.1,synthetic_domain,42,2
Squash___Powdery_mildew/760c7baf-6bd6-4425-a4b2-e80398fddec1___MD_Powd.M 1052.JPG,25,Squash___Powdery_mildew,3,train,partition::00033555,img::D:/university/do-an-tot-nghiep/train-gd-2/PlantVillage-Dataset/raw/color/Squash___Powdery_mildew/760c7baf-6bd6-4425-a4b2-e80398fddec1___MD_Powd.M 1052.JPG,feature_dirichlet,0.1,0.1,synthetic_domain,42,4
Squash___Powdery_mildew/79c84475-66cf-4c58-a2e4-5b45c20b51f5___MD_Powd.M 0677.JPG,25,Squash___Powdery_mildew,3,train,partition::00033574,img::D:/university/do-an-tot-nghiep/train-gd-2/PlantVillage-Dataset/raw/color/Squash___Powdery_mildew/79c84475-66cf-4c58-a2e4-5b45c20b51f5___MD_Powd.M 0677.JPG,feature_dirichlet,0.1,0.1,synthetic_domain,42,4
Squash___Powdery_mildew/79da2c25-b7f9-4ea4-85c4-2945575e4c20___MD_Powd.M 0841.JPG,25,Squash___Powdery_mildew,3,train,partition::00033576,img::D:/university/do-an-tot-nghiep/train-gd-2/PlantVillage-Dataset/raw/color/Squash___Powdery_mildew/79da2c25-b7f9-4ea4-85c4-2945575e4c20___MD_Powd.M 0841.JPG,feature_dirichlet,0.1,0.1,synthetic_domain,42,4
Squash___Powdery_mildew/81bda923-247b-412c-a7c3-dc6199c48ea2___UMD_Powd.M 9983.JPG,25,Squash___Powdery_mildew,3,train,partition::00033641,img::D:/university/do-an-tot-nghiep/train-gd-2/PlantVillage-Dataset/raw/color/Squash___Powdery_mildew/81bda923-247b-412c-a7c3-dc6199c48ea2___UMD_Powd.M 9983.JPG,feature_dirichlet,0.1,0.1,synthetic_domain,42,4
Squash___Powdery_mildew/c2ffdce6-80ff-4b87-a38b-4df122bed793___MD_Powd.M 0182.JPG,25,Squash___Powdery_mildew,3,train,partition::00034113,img::D:/university/do-an-tot-nghiep/train-gd-2/PlantVillage-Dataset/raw/color/Squash___Powdery_mildew/c2ffdce6-80ff-4b87-a38b-4df122bed793___MD_Powd.M 0182.JPG,feature_dirichlet,0.1,0.1,synthetic_domain,42,4
Squash___Powdery_mildew/c8292561-493b-47ba-bc59-d4ccc0193ae0___UMD_Powd.M 0471.JPG,25,Squash___Powdery_mildew,3,train,partition::00034144,img::D:/university/do-an-tot-nghiep/train-gd-2/PlantVillage-Dataset/raw/color/Squash___Powdery_mildew/c8292561-493b-47ba-bc59-d4ccc0193ae0___UMD_Powd.M 0471.JPG,feature_dirichlet,0.1,0.1,synthetic_domain,42,4
Squash___Powdery_mildew/c9e9d2ea-8c4d-47f8-a65c-036534a7c64b___MD_Powd.M 0512.JPG,25,Squash___Powdery_mildew,3,train,partition::00034162,img::D:/university/do-an-tot-nghiep/train-gd-2/PlantVillage-Dataset/raw/color/Squash___Powdery_mildew/c9e9d2ea-8c4d-47f8-a65c-036534a7c64b___MD_Powd.M 0512.JPG,feature_dirichlet,0.1,0.1,synthetic_domain,42,4
Squash___Powdery_mildew/d18e959e-8cbe-4813-a4c4-1a13f49fdd41___MD_Powd.M 0662.JPG,25,Squash___Powdery_mildew,3,train,partition::00034226,img::D:/university/do-an-tot-nghiep/train-gd-2/PlantVillage-Dataset/raw/color/Squash___Powdery_mildew/d18e959e-8cbe-4813-a4c4-1a13f49fdd41___MD_Powd.M 0662.JPG,feature_dirichlet,0.1,0.1,synthetic_domain,42,4
Squash___Powdery_mildew/dcce33e4-5e78-4b54-9dd6-459b67c38002___MD_Powd.M 9959.JPG,25,Squash___Powdery_mildew,3,train,partition::00034316,img::D:/university/do-an-tot-nghiep/train-gd-2/PlantVillage-Dataset/raw/color/Squash___Powdery_mildew/dcce33e4-5e78-4b54-9dd6-459b67c38002___MD_Powd.M 9959.JPG,feature_dirichlet,0.1,0.1,synthetic_domain,42,2
Squash___Powdery_mildew/dfe23030-072f-475f-9fb1-3cc82e92a14c___MD_Powd.M 0171.JPG,25,Squash___Powdery_mildew,3,train,partition::00034337,img::D:/university/do-an-tot-nghiep/train-gd-2/PlantVillage-Dataset/raw/color/Squash___Powdery_mildew/dfe23030-072f-475f-9fb1-3cc82e92a14c___MD_Powd.M 0171.JPG,feature_dirichlet,0.1,0.1,synthetic_domain,42,4
Squash___Powdery_mildew/e83e9b9b-8049-4c29-af04-8102dee01be9___UMD_Powd.M 9959.JPG,25,Squash___Powdery_mildew,3,train,partition::00034402,img::D:/university/do-an-tot-nghiep/train-gd-2/PlantVillage-Dataset/raw/color/Squash___Powdery_mildew/e83e9b9b-8049-4c29-af04-8102dee01be9___UMD_Powd.M 9959.JPG,feature_dirichlet,0.1,0.1,synthetic_domain,42,4
Squash___Powdery_mildew/efcbe3b9-651d-44bc-8527-ddfe61543ccb___UMD_Powd.M 0014.JPG,25,Squash___Powdery_mildew,3,train,partition::00034459,img::D:/university/do-an-tot-nghiep/train-gd-2/PlantVillage-Dataset/raw/color/Squash___Powdery_mildew/efcbe3b9-651d-44bc-8527-ddfe61543ccb___UMD_Powd.M 0014.JPG,feature_dirichlet,0.1,0.1,synthetic_domain,42,4
Strawberry___Leaf_scorch/62c2385e-8679-418e-8907-d0db613787db___RS_L.Scorch 0081.JPG,26,Strawberry___Leaf_scorch,3,train,partition::00035000,img::D:/university/do-an-tot-nghiep/train-gd-2/PlantVillage-Dataset/raw/color/Strawberry___Leaf_scorch/62c2385e-8679-418e-8907-d0db613787db___RS_L.Scorch 0081.JPG,feature_dirichlet,0.1,0.1,synthetic_domain,42,4
Strawberry___Leaf_scorch/9fc99016-5e73-451b-b4c8-2aaea4e49e9a___RS_L.Scorch 0829.JPG,26,Strawberry___Leaf_scorch,3,train,partition::00035282,img::D:/university/do-an-tot-nghiep/train-gd-2/PlantVillage-Dataset/raw/color/Strawberry___Leaf_scorch/9fc99016-5e73-451b-b4c8-2aaea4e49e9a___RS_L.Scorch 0829.JPG,feature_dirichlet,0.1,0.1,synthetic_domain,42,4
Strawberry___Leaf_scorch/ca0ba54f-4cb3-4565-bc9b-70e5ef4eda37___RS_L.Scorch 9943.JPG,26,Strawberry___Leaf_scorch,3,train,partition::00035467,img::D:/university/do-an-tot-nghiep/train-gd-2/PlantVillage-Dataset/raw/color/Strawberry___Leaf_scorch/ca0ba54f-4cb3-4565-bc9b-70e5ef4eda37___RS_L.Scorch 9943.JPG,feature_dirichlet,0.1,0.1,synthetic_domain,42,4
Strawberry___Leaf_scorch/ffbb7db7-6b1c-40a1-8d7b-2c5b05ac0963___RS_L.Scorch 0106.JPG,26,Strawberry___Leaf_scorch,3,train,partition::00035687,img::D:/university/do-an-tot-nghiep/train-gd-2/PlantVillage-Dataset/raw/color/Strawberry___Leaf_scorch/ffbb7db7-6b1c-40a1-8d7b-2c5b05ac0963___RS_L.Scorch 0106.JPG,feature_dirichlet,0.1,0.1,synthetic_domain,42,4
Tomato___Bacterial_spot/11fedfbc-52be-4032-b884-3b2071db6590___GCREC_Bact.Sp 3060.JPG,28,Tomato___Bacterial_spot,3,train,partition::00037757,Tomato___Bacterial_spot:::29,feature_dirichlet,0.1,0.1,synthetic_domain,42,4
Tomato___Bacterial_spot/2b2d8d17-9ce4-467b-986d-adab29aab3e2___GCREC_Bact.Sp 5908.JPG,28,Tomato___Bacterial_spot,3,train,partition::00038244,Tomato___Bacterial_spot:::320,feature_dirichlet,0.1,0.1,synthetic_domain,42,4
Tomato___Bacterial_spot/2effb567-7a19-49c6-b819-e79c9f3a03ab___GCREC_Bact.Sp 3582.JPG,28,Tomato___Bacterial_spot,3,train,partition::00037827,Tomato___Bacterial_spot:::159,feature_dirichlet,0.1,0.1,synthetic_domain,42,4
Tomato___Bacterial_spot/4adf8989-4cc7-4145-a1be-834e2e3ca9a8___GCREC_Bact.Sp 5671.JPG,28,Tomato___Bacterial_spot,3,train,partition::00038190,Tomato___Bacterial_spot:::261,feature_dirichlet,0.1,0.1,synthetic_domain,42,4
Tomato___Bacterial_spot/6ce28ed1-b504-427c-97fe-1ca22d7dd20a___GCREC_Bact.Sp 3061.JPG,28,Tomato___Bacterial_spot,3,train,partition::00037757,Tomato___Bacterial_spot:::29,feature_dirichlet,0.1,0.1,synthetic_domain,42,4
Tomato___Bacterial_spot/a1d8e2a7-c4c9-42d2-8a0d-bcf04053412f___GCREC_Bact.Sp 5672.JPG,28,Tomato___Bacterial_spot,3,train,partition::00038190,Tomato___Bacterial_spot:::261,feature_dirichlet,0.1,0.1,synthetic_domain,42,4
Tomato___Bacterial_spot/a3666572-94a1-4cc7-8caa-f7e43a1d64a4___GCREC_Bact.Sp 5909.JPG,28,Tomato___Bacterial_spot,3,train,partition::00038244,Tomato___Bacterial_spot:::320,feature_dirichlet,0.1,0.1,synthetic_domain,42,4
Tomato___Bacterial_spot/a54fa73d-5d09-4cfd-a796-75112b088611___GCREC_Bact.Sp 3581.JPG,28,Tomato___Bacterial_spot,3,train,partition::00037827,Tomato___Bacterial_spot:::159,feature_dirichlet,0.1,0.1,synthetic_domain,42,4
Tomato___Bacterial_spot/b64c7a63-777f-4f39-bdb8-92fbdbefbdbd___GCREC_Bact.Sp 3580.JPG,28,Tomato___Bacterial_spot,3,train,partition::00037827,Tomato___Bacterial_spot:::159,feature_dirichlet,0.1,0.1,synthetic_domain,42,4
Tomato___Bacterial_spot/b9d33a88-ed9a-4e64-a83e-b3deff976155___GCREC_Bact.Sp 3059.JPG,28,Tomato___Bacterial_spot,3,train,partition::00037757,Tomato___Bacterial_spot:::29,feature_dirichlet,0.1,0.1,synthetic_domain,42,4
Tomato___Bacterial_spot/c515ab18-07a3-4bdd-a5b6-140d65a185c4___GCREC_Bact.Sp 5674.JPG,28,Tomato___Bacterial_spot,3,train,partition::00038190,Tomato___Bacterial_spot:::261,feature_dirichlet,0.1,0.1,synthetic_domain,42,4
Tomato___Bacterial_spot/c6802f8a-d9c0-47ea-bd12-cd51b3bd9ef2___GCREC_Bact.Sp 3058.JPG,28,Tomato___Bacterial_spot,3,train,partition::00037757,Tomato___Bacterial_spot:::29,feature_dirichlet,0.1,0.1,synthetic_domain,42,4
Tomato___Bacterial_spot/cefc70ed-e035-44fb-afaf-32401833a800___GCREC_Bact.Sp 3583.JPG,28,Tomato___Bacterial_spot,3,train,partition::00037827,Tomato___Bacterial_spot:::159,feature_dirichlet,0.1,0.1,synthetic_domain,42,4
Tomato___Bacterial_spot/f2f180d1-45fb-46b6-b528-63a7f87dd78a___GCREC_Bact.Sp 5911.JPG,28,Tomato___Bacterial_spot,3,train,partition::00038244,Tomato___Bacterial_spot:::320,feature_dirichlet,0.1,0.1,synthetic_domain,42,4
Tomato___Bacterial_spot/f666c0a8-9564-43af-aa93-14192a43816c___GCREC_Bact.Sp 5673.JPG,28,Tomato___Bacterial_spot,3,train,partition::00038190,Tomato___Bacterial_spot:::261,feature_dirichlet,0.1,0.1,synthetic_domain,42,4
Tomato___Bacterial_spot/fc594562-7b84-4049-8095-7e23b7ecba2f___GCREC_Bact.Sp 5910.JPG,28,Tomato___Bacterial_spot,3,train,partition::00038244,Tomato___Bacterial_spot:::320,feature_dirichlet,0.1,0.1,synthetic_domain,42,4
Tomato___Late_blight/09cdb8a4-0c20-4acd-b4c8-709fad7010fd___GHLB_PS Leaf 37 Day 16.jpg,30,Tomato___Late_blight,3,train,partition::00039366,img::D:/university/do-an-tot-nghiep/train-gd-2/PlantVillage-Dataset/raw/color/Tomato___Late_blight/09cdb8a4-0c20-4acd-b4c8-709fad7010fd___GHLB_PS Leaf 37 Day 16.jpg,feature_dirichlet,0.1,0.1,synthetic_domain,42,4
Tomato___Late_blight/0fca6d09-1931-4767-a195-1dd2b7cd10b7___GHLB Leaf 8 Day 12.JPG,30,Tomato___Late_blight,3,train,partition::00039411,img::D:/university/do-an-tot-nghiep/train-gd-2/PlantVillage-Dataset/raw/color/Tomato___Late_blight/0fca6d09-1931-4767-a195-1dd2b7cd10b7___GHLB Leaf 8 Day 12.JPG,feature_dirichlet,0.1,0.1,synthetic_domain,42,4
Tomato___Late_blight/10acd4c3-b1b8-4fc7-848a-c9af30086e78___GHLB_PS Leaf 28.2 Day 13.jpg,30,Tomato___Late_blight,3,train,partition::00039417,img::D:/university/do-an-tot-nghiep/train-gd-2/PlantVillage-Dataset/raw/color/Tomato___Late_blight/10acd4c3-b1b8-4fc7-848a-c9af30086e78___GHLB_PS Leaf 28.2 Day 13.jpg,feature_dirichlet,0.1,0.1,synthetic_domain,42,4
Tomato___Late_blight/11b2caf9-a56c-4d3e-bea4-a5d00affd161___RS_Late.B 6140.JPG,30,Tomato___Late_blight,3,train,partition::00040739,Tomato___Late_blight:::137,feature_dirichlet,0.1,0.1,synthetic_domain,42,4
Tomato___Late_blight/20fe383e-d172-4aee-b76c-d82420e93b0c___RS_Late.B 5519.JPG,30,Tomato___Late_blight,3,train,partition::00041099,Tomato___Late_blight:::104,feature_dirichlet,0.1,0.1,synthetic_domain,42,4
Tomato___Late_blight/3521d97f-cc36-4581-a2fa-f999f34a6558___GHLB2 Leaf 152.1.JPG,30,Tomato___Late_blight,3,train,partition::00039677,img::D:/university/do-an-tot-nghiep/train-gd-2/PlantVillage-Dataset/raw/color/Tomato___Late_blight/3521d97f-cc36-4581-a2fa-f999f34a6558___GHLB2 Leaf 152.1.JPG,feature_dirichlet,0.1,0.1,synthetic_domain,42,4
Tomato___Late_blight/3fae9c64-18f0-4a67-9f97-554248bb1bed___GHLB_PS Leaf 24 Day 16.jpg,30,Tomato___Late_blight,3,train,partition::00039974,img::D:/university/do-an-tot-nghiep/train-gd-2/PlantVillage-Dataset/raw/color/Tomato___Late_blight/3fae9c64-18f0-4a67-9f97-554248bb1bed___GHLB_PS Leaf 24 Day 16.jpg,feature_dirichlet,0.1,0.1,synthetic_domain,42,4
Tomato___Late_blight/41c1d7a7-5d90-4b0a-bd41-565393d422c5___GHLB2 Leaf 108.1.JPG,30,Tomato___Late_blight,3,train,partition::00039766,img::D:/university/do-an-tot-nghiep/train-gd-2/PlantVillage-Dataset/raw/color/Tomato___Late_blight/41c1d7a7-5d90-4b0a-bd41-565393d422c5___GHLB2 Leaf 108.1.JPG,feature_dirichlet,0.1,0.1,synthetic_domain,42,4
Tomato___Late_blight/50dd04a3-18a8-4a34-bbba-5e6f851742f5___RS_Late.B 6141.JPG,30,Tomato___Late_blight,3,train,partition::00040739,Tomato___Late_blight:::137,feature_dirichlet,0.1,0.1,synthetic_domain,42,4
Tomato___Late_blight/5de6da85-f8c4-48c4-b463-3e6bd78884cc___GHLB_PS Leaf 24 Day 16.jpg,30,Tomato___Late_blight,3,train,partition::00039974,img::D:/university/do-an-tot-nghiep/train-gd-2/PlantVillage-Dataset/raw/color/Tomato___Late_blight/5de6da85-f8c4-48c4-b463-3e6bd78884cc___GHLB_PS Leaf 24 Day 16.jpg,feature_dirichlet,0.1,0.1,synthetic_domain,42,4
Tomato___Late_blight/77cd23c3-22fe-4d04-babe-89db464dbddd___GHLB Leaf 6 Day 6.JPG,30,Tomato___Late_blight,3,train,partition::00040141,img::D:/university/do-an-tot-nghiep/train-gd-2/PlantVillage-Dataset/raw/color/Tomato___Late_blight/77cd23c3-22fe-4d04-babe-89db464dbddd___GHLB Leaf 6 Day 6.JPG,feature_dirichlet,0.1,0.1,synthetic_domain,42,4
Tomato___Late_blight/81dc45ec-9ce3-4887-90b5-b091276a9245___RS_Late.B 4957.JPG,30,Tomato___Late_blight,3,train,partition::00041144,Tomato___Late_blight:::24,feature_dirichlet,0.1,0.1,synthetic_domain,42,4
Tomato___Late_blight/82e462d5-14fb-4530-a8b8-c844d1cc5f43___GHLB2 Leaf 8701.JPG,30,Tomato___Late_blight,3,train,partition::00040239,img::D:/university/do-an-tot-nghiep/train-gd-2/PlantVillage-Dataset/raw/color/Tomato___Late_blight/82e462d5-14fb-4530-a8b8-c844d1cc5f43___GHLB2 Leaf 8701.JPG,feature_dirichlet,0.1,0.1,synthetic_domain,42,4
Tomato___Late_blight/8dbcc7c8-5845-43e4-867f-b9f7da8a53c3___GHLB2 Leaf 8786.JPG,30,Tomato___Late_blight,3,train,partition::00040310,img::D:/university/do-an-tot-nghiep/train-gd-2/PlantVillage-Dataset/raw/color/Tomato___Late_blight/8dbcc7c8-5845-43e4-867f-b9f7da8a53c3___GHLB2 Leaf 8786.JPG,feature_dirichlet,0.1,0.1,synthetic_domain,42,4
Tomato___Late_blight/9f79bf03-7797-491c-98c8-e7fd2c49f435___RS_Late.B 5520.JPG,30,Tomato___Late_blight,3,train,partition::00041099,Tomato___Late_blight:::104,feature_dirichlet,0.1,0.1,synthetic_domain,42,4
Tomato___Late_blight/a41982b4-98ca-40de-a386-96e865a3dd21___RS_Late.B 6138.JPG,30,Tomato___Late_blight,3,train,partition::00040739,Tomato___Late_blight:::137,feature_dirichlet,0.1,0.1,synthetic_domain,42,4
Tomato___Late_blight/a6a07e9c-1300-48df-bd43-6c0631bb3ced___RS_Late.B 4958.JPG,30,Tomato___Late_blight,3,train,partition::00041144,Tomato___Late_blight:::24,feature_dirichlet,0.1,0.1,synthetic_domain,42,4
Tomato___Late_blight/c5a7ebaa-df40-4cea-87d0-1f87ad7f58c0___RS_Late.B 6143.JPG,30,Tomato___Late_blight,3,train,partition::00040739,Tomato___Late_blight:::137,feature_dirichlet,0.1,0.1,synthetic_domain,42,4
Tomato___Late_blight/c9e551e1-6732-49e5-898e-a8dfbcc7b0c3___RS_Late.B 4959.JPG,30,Tomato___Late_blight,3,train,partition::00041144,Tomato___Late_blight:::24,feature_dirichlet,0.1,0.1,synthetic_domain,42,4
Tomato___Late_blight/dee4e35c-5c87-4922-9a1f-b97dcc40e7f1___GHLB2 Leaf 8690.JPG,30,Tomato___Late_blight,3,train,partition::00040937,img::D:/university/do-an-tot-nghiep/train-gd-2/PlantVillage-Dataset/raw/color/Tomato___Late_blight/dee4e35c-5c87-4922-9a1f-b97dcc40e7f1___GHLB2 Leaf 8690.JPG,feature_dirichlet,0.1,0.1,synthetic_domain,42,4
Tomato___Late_blight/e28f932e-5ee0-4306-ac45-514c9c3c9476___GHLB2 Leaf 60.1.JPG,30,Tomato___Late_blight,3,train,partition::00040973,img::D:/university/do-an-tot-nghiep/train-gd-2/PlantVillage-Dataset/raw/color/Tomato___Late_blight/e28f932e-5ee0-4306-ac45-514c9c3c9476___GHLB2 Leaf 60.1.JPG,feature_dirichlet,0.1,0.1,synthetic_domain,42,4
Tomato___Late_blight/e6703c22-86f7-4bdf-9733-072180761976___RS_Late.B 5522.JPG,30,Tomato___Late_blight,3,train,partition::00041099,Tomato___Late_blight:::104,feature_dirichlet,0.1,0.1,synthetic_domain,42,4
Tomato___Late_blight/f336431f-8e79-4ff6-9afd-03bacf1bfaf2___RS_Late.B 5521.JPG,30,Tomato___Late_blight,3,train,partition::00041099,Tomato___Late_blight:::104,feature_dirichlet,0.1,0.1,synthetic_domain,42,4
Tomato___Late_blight/f972ee8f-5f07-49a0-974c-b919b0ad5b0b___RS_Late.B 4961.JPG,30,Tomato___Late_blight,3,train,partition::00041144,Tomato___Late_blight:::24,feature_dirichlet,0.1,0.1,synthetic_domain,42,4
Tomato___Leaf_Mold/19a5dad8-125e-4765-98d9-0164586fa807___Crnl_L.Mold 6590.JPG,31,Tomato___Leaf_Mold,3,train,partition::00041981,Tomato___Leaf_Mold:::19,feature_dirichlet,0.1,0.1,synthetic_domain,42,4
Tomato___Leaf_Mold/29e4f2d6-7cbe-4f7e-84cd-a1f57957a35e___Crnl_L.Mold 6569.JPG,31,Tomato___Leaf_Mold,3,train,partition::00041661,Tomato___Leaf_Mold:::15,feature_dirichlet,0.1,0.1,synthetic_domain,42,4
Tomato___Leaf_Mold/36bed8e9-0b39-48f9-a8f7-d776469ce245___Crnl_L.Mold 8912.JPG,31,Tomato___Leaf_Mold,3,train,partition::00042069,Tomato___Leaf_Mold:::186,feature_dirichlet,0.1,0.1,synthetic_domain,42,4
Tomato___Leaf_Mold/5784abe2-e3ea-44e8-aa2b-f5d316c851e5___Crnl_L.Mold 8813.JPG,31,Tomato___Leaf_Mold,3,train,partition::00042073,Tomato___Leaf_Mold:::169,feature_dirichlet,0.1,0.1,synthetic_domain,42,2
Tomato___Leaf_Mold/58fb4710-c0a7-4a76-8667-07fbe66bfac9___Crnl_L.Mold 6568.JPG,31,Tomato___Leaf_Mold,3,train,partition::00041661,Tomato___Leaf_Mold:::15,feature_dirichlet,0.1,0.1,synthetic_domain,42,4
Tomato___Leaf_Mold/59ad7ddc-9db9-4a9f-b067-e190e0a494e7___Crnl_L.Mold 6566.JPG,31,Tomato___Leaf_Mold,3,train,partition::00041661,Tomato___Leaf_Mold:::15,feature_dirichlet,0.1,0.1,synthetic_domain,42,4
Tomato___Leaf_Mold/629b73e7-834a-4b53-a164-bdc3a2030417___Crnl_L.Mold 8816.JPG,31,Tomato___Leaf_Mold,3,train,partition::00042073,Tomato___Leaf_Mold:::169,feature_dirichlet,0.1,0.1,synthetic_domain,42,2
Tomato___Leaf_Mold/7011fa6f-fba9-466e-a6d1-439370a4a37b___Crnl_L.Mold 6588.JPG,31,Tomato___Leaf_Mold,3,train,partition::00041981,Tomato___Leaf_Mold:::19,feature_dirichlet,0.1,0.1,synthetic_domain,42,4
Tomato___Leaf_Mold/774d3b86-63a3-46a7-9355-9aa512d70e19___Crnl_L.Mold 8914.JPG,31,Tomato___Leaf_Mold,3,train,partition::00042069,Tomato___Leaf_Mold:::186,feature_dirichlet,0.1,0.1,synthetic_domain,42,4
Tomato___Leaf_Mold/790cfb1d-4926-46bb-bd50-b750e823c72a___Crnl_L.Mold 7130.JPG,31,Tomato___Leaf_Mold,3,train,partition::00042118,Tomato___Leaf_Mold:::121,feature_dirichlet,0.1,0.1,synthetic_domain,42,4
Tomato___Leaf_Mold/82567342-f689-4e61-ac38-b25db55bb684___Crnl_L.Mold 7128.JPG,31,Tomato___Leaf_Mold,3,train,partition::00042118,Tomato___Leaf_Mold:::121,feature_dirichlet,0.1,0.1,synthetic_domain,42,4
Tomato___Leaf_Mold/89df26fb-3707-4503-814c-b712cc06f713___Crnl_L.Mold 6570.JPG,31,Tomato___Leaf_Mold,3,train,partition::00041661,Tomato___Leaf_Mold:::15,feature_dirichlet,0.1,0.1,synthetic_domain,42,4
Tomato___Leaf_Mold/8c12b984-d1be-4c9c-9fd8-cd032434f543___Crnl_L.Mold 8911.JPG,31,Tomato___Leaf_Mold,3,train,partition::00042069,Tomato___Leaf_Mold:::186,feature_dirichlet,0.1,0.1,synthetic_domain,42,4
Tomato___Leaf_Mold/a20c374f-18a9-40ba-b531-516967f848c6___Crnl_L.Mold 8862.JPG,31,Tomato___Leaf_Mold,3,train,partition::00042092,Tomato___Leaf_Mold:::178,feature_dirichlet,0.1,0.1,synthetic_domain,42,4
Tomato___Leaf_Mold/c247f911-53bf-4b36-ade1-a3f2ddc34f53___Crnl_L.Mold 6589.JPG,31,Tomato___Leaf_Mold,3,train,partition::00041981,Tomato___Leaf_Mold:::19,feature_dirichlet,0.1,0.1,synthetic_domain,42,4
Tomato___Leaf_Mold/c9bdd302-7a60-43a7-9850-b48861d021b4___Crnl_L.Mold 7129.JPG,31,Tomato___Leaf_Mold,3,train,partition::00042118,Tomato___Leaf_Mold:::121,feature_dirichlet,0.1,0.1,synthetic_domain,42,4
Tomato___Leaf_Mold/d10c19de-1b3f-42fb-822f-6a2927d17c14___Crnl_L.Mold 8812.JPG,31,Tomato___Leaf_Mold,3,train,partition::00042073,Tomato___Leaf_Mold:::169,feature_dirichlet,0.1,0.1,synthetic_domain,42,2
Tomato___Leaf_Mold/d662ce55-855f-4af0-84ef-6e0d9e5e468a___Crnl_L.Mold 6586.JPG,31,Tomato___Leaf_Mold,3,train,partition::00041981,Tomato___Leaf_Mold:::19,feature_dirichlet,0.1,0.1,synthetic_domain,42,4
Tomato___Leaf_Mold/db0e6ad7-58db-478e-9b17-37bb603363d1___Crnl_L.Mold 8863.JPG,31,Tomato___Leaf_Mold,3,train,partition::00042092,Tomato___Leaf_Mold:::178,feature_dirichlet,0.1,0.1,synthetic_domain,42,4
Tomato___Leaf_Mold/f12a4cdc-3c47-4f22-9f03-188015dedb07___Crnl_L.Mold 8913.JPG,31,Tomato___Leaf_Mold,3,train,partition::00042069,Tomato___Leaf_Mold:::186,feature_dirichlet,0.1,0.1,synthetic_domain,42,4
Tomato___Leaf_Mold/f28805ce-de82-49bf-be6c-aa8c9c71a595___Crnl_L.Mold 8815.JPG,31,Tomato___Leaf_Mold,3,train,partition::00042073,Tomato___Leaf_Mold:::169,feature_dirichlet,0.1,0.1,synthetic_domain,42,2
Tomato___Leaf_Mold/f2a712d0-5d8c-4676-a0c3-732ef8ebc8f0___Crnl_L.Mold 8861.JPG,31,Tomato___Leaf_Mold,3,train,partition::00042092,Tomato___Leaf_Mold:::178,feature_dirichlet,0.1,0.1,synthetic_domain,42,4
Tomato___Leaf_Mold/f61fcad0-2f24-461e-9dc7-4908d950f397___Crnl_L.Mold 8860.JPG,31,Tomato___Leaf_Mold,3,train,partition::00042092,Tomato___Leaf_Mold:::178,feature_dirichlet,0.1,0.1,synthetic_domain,42,4
Tomato___Leaf_Mold/fbd446f3-6104-4ab8-8d3f-d4f69befecef___Crnl_L.Mold 7131.JPG,31,Tomato___Leaf_Mold,3,train,partition::00042118,Tomato___Leaf_Mold:::121,feature_dirichlet,0.1,0.1,synthetic_domain,42,4
Tomato___Septoria_leaf_spot/06778fed-2b98-49b1-a9d3-d57765586a3f___Matt.S_CG 2795.JPG,32,Tomato___Septoria_leaf_spot,3,train,partition::00043239,Tomato___Septoria_leaf_spot:::101,feature_dirichlet,0.1,0.1,synthetic_domain,42,2
Tomato___Septoria_leaf_spot/14d466da-8b4b-42e1-89b1-cf5f461bd64a___Matt.S_CG 6538.JPG,32,Tomato___Septoria_leaf_spot,3,train,partition::00043245,Tomato___Septoria_leaf_spot:::141,feature_dirichlet,0.1,0.1,synthetic_domain,42,4
Tomato___Septoria_leaf_spot/1dba882a-8d8b-4f5e-a6d4-18f6c58534b3___Matt.S_CG 6782.JPG,32,Tomato___Septoria_leaf_spot,3,train,partition::00043062,Tomato___Septoria_leaf_spot:::162,feature_dirichlet,0.1,0.1,synthetic_domain,42,4
Tomato___Septoria_leaf_spot/2aeb1e96-7755-4378-b423-2f2116e56db6___JR_Sept.L.S 2570.JPG,32,Tomato___Septoria_leaf_spot,3,train,partition::00042400,img::D:/university/do-an-tot-nghiep/train-gd-2/PlantVillage-Dataset/raw/color/Tomato___Septoria_leaf_spot/2aeb1e96-7755-4378-b423-2f2116e56db6___JR_Sept.L.S 2570.JPG,feature_dirichlet,0.1,0.1,synthetic_domain,42,4
Tomato___Septoria_leaf_spot/408d4867-5fd8-4f1e-8c93-a711a438ef6e___Matt.S_CG 6780.JPG,32,Tomato___Septoria_leaf_spot,3,train,partition::00043062,Tomato___Septoria_leaf_spot:::162,feature_dirichlet,0.1,0.1,synthetic_domain,42,4
Tomato___Septoria_leaf_spot/443ae8f5-c06b-4ed2-af1d-1fd6feddea32___JR_Sept.L.S 2476.JPG,32,Tomato___Septoria_leaf_spot,3,train,partition::00042571,img::D:/university/do-an-tot-nghiep/train-gd-2/PlantVillage-Dataset/raw/color/Tomato___Septoria_leaf_spot/443ae8f5-c06b-4ed2-af1d-1fd6feddea32___JR_Sept.L.S 2476.JPG,feature_dirichlet,0.1,0.1,synthetic_domain,42,4
Tomato___Septoria_leaf_spot/5357b085-dcfe-4a9f-8e69-98b2481c8f7e___JR_Sept.L.S 8471.JPG,32,Tomato___Septoria_leaf_spot,3,train,partition::00042659,img::D:/university/do-an-tot-nghiep/train-gd-2/PlantVillage-Dataset/raw/color/Tomato___Septoria_leaf_spot/5357b085-dcfe-4a9f-8e69-98b2481c8f7e___JR_Sept.L.S 8471.JPG,feature_dirichlet,0.1,0.1,synthetic_domain,42,4
Tomato___Septoria_leaf_spot/563ce6e0-3d79-428c-b30f-3f3dd1e9b4e4___Matt.S_CG 6536.JPG,32,Tomato___Septoria_leaf_spot,3,train,partition::00043245,Tomato___Septoria_leaf_spot:::141,feature_dirichlet,0.1,0.1,synthetic_domain,42,4
Tomato___Septoria_leaf_spot/599a27e9-9552-4bad-b478-010bdb56172f___Matt.S_CG 2800.JPG,32,Tomato___Septoria_leaf_spot,3,train,partition::00043239,Tomato___Septoria_leaf_spot:::101,feature_dirichlet,0.1,0.1,synthetic_domain,42,2
Tomato___Septoria_leaf_spot/5cf704c0-88d3-46fd-9cab-196a86adbcfd___JR_Sept.L.S 2558.JPG,32,Tomato___Septoria_leaf_spot,3,train,partition::00042733,img::D:/university/do-an-tot-nghiep/train-gd-2/PlantVillage-Dataset/raw/color/Tomato___Septoria_leaf_spot/5cf704c0-88d3-46fd-9cab-196a86adbcfd___JR_Sept.L.S 2558.JPG,feature_dirichlet,0.1,0.1,synthetic_domain,42,4
Tomato___Septoria_leaf_spot/6cebad3a-afa4-4c38-9bcc-3977af4434d1___Matt.S_CG 2793.JPG,32,Tomato___Septoria_leaf_spot,3,train,partition::00043239,Tomato___Septoria_leaf_spot:::101,feature_dirichlet,0.1,0.1,synthetic_domain,42,2
Tomato___Septoria_leaf_spot/77beaab6-09bf-4ea4-9107-4109d06b5412___Keller.St_CG 1829.JPG,32,Tomato___Septoria_leaf_spot,3,train,partition::00042908,img::D:/university/do-an-tot-nghiep/train-gd-2/PlantVillage-Dataset/raw/color/Tomato___Septoria_leaf_spot/77beaab6-09bf-4ea4-9107-4109d06b5412___Keller.St_CG 1829.JPG,feature_dirichlet,0.1,0.1,synthetic_domain,42,4
Tomato___Septoria_leaf_spot/836825c5-3bc5-492f-9287-e086a02af35c___JR_Sept.L.S 2492.JPG,32,Tomato___Septoria_leaf_spot,3,train,partition::00042995,img::D:/university/do-an-tot-nghiep/train-gd-2/PlantVillage-Dataset/raw/color/Tomato___Septoria_leaf_spot/836825c5-3bc5-492f-9287-e086a02af35c___JR_Sept.L.S 2492.JPG,feature_dirichlet,0.1,0.1,synthetic_domain,42,4
Tomato___Septoria_leaf_spot/85a77345-3aad-4129-991c-b15e555b34a0___Matt.S_CG 6530.JPG,32,Tomato___Septoria_leaf_spot,3,train,partition::00043245,Tomato___Septoria_leaf_spot:::141,feature_dirichlet,0.1,0.1,synthetic_domain,42,4
Tomato___Septoria_leaf_spot/87ba14ab-3b74-407b-977e-237258eb6947___Matt.S_CG 6787.JPG,32,Tomato___Septoria_leaf_spot,3,train,partition::00043062,Tomato___Septoria_leaf_spot:::162,feature_dirichlet,0.1,0.1,synthetic_domain,42,4
Tomato___Septoria_leaf_spot/8d5130bd-a47d-449e-a18a-6074d768011a___Matt.S_CG 6785.JPG,32,Tomato___Septoria_leaf_spot,3,train,partition::00043062,Tomato___Septoria_leaf_spot:::162,feature_dirichlet,0.1,0.1,synthetic_domain,42,4
Tomato___Septoria_leaf_spot/947633cb-9ba7-4703-9afa-9fde8ad25888___JR_Sept.L.S 2539.JPG,32,Tomato___Septoria_leaf_spot,3,train,partition::00043116,img::D:/university/do-an-tot-nghiep/train-gd-2/PlantVillage-Dataset/raw/color/Tomato___Septoria_leaf_spot/947633cb-9ba7-4703-9afa-9fde8ad25888___JR_Sept.L.S 2539.JPG,feature_dirichlet,0.1,0.1,synthetic_domain,42,4
Tomato___Septoria_leaf_spot/9fdb4b69-dea8-4eec-b958-ff33569e5801___JR_Sept.L.S 2592.JPG,32,Tomato___Septoria_leaf_spot,3,train,partition::00043197,img::D:/university/do-an-tot-nghiep/train-gd-2/PlantVillage-Dataset/raw/color/Tomato___Septoria_leaf_spot/9fdb4b69-dea8-4eec-b958-ff33569e5801___JR_Sept.L.S 2592.JPG,feature_dirichlet,0.1,0.1,synthetic_domain,42,4
Tomato___Septoria_leaf_spot/a011fd44-5a93-4058-b283-b3cd786b3f3c___Keller.St_CG 1777.JPG,32,Tomato___Septoria_leaf_spot,3,train,partition::00043200,img::D:/university/do-an-tot-nghiep/train-gd-2/PlantVillage-Dataset/raw/color/Tomato___Septoria_leaf_spot/a011fd44-5a93-4058-b283-b3cd786b3f3c___Keller.St_CG 1777.JPG,feature_dirichlet,0.1,0.1,synthetic_domain,42,4
Tomato___Septoria_leaf_spot/a6885d8d-5ea3-4b8b-aa1a-5bbfff6ca8c6___Matt.S_CG 2799.JPG,32,Tomato___Septoria_leaf_spot,3,train,partition::00043239,Tomato___Septoria_leaf_spot:::101,feature_dirichlet,0.1,0.1,synthetic_domain,42,2
Tomato___Septoria_leaf_spot/a7a86478-da84-4f33-9f55-b28631095ab2___Matt.S_CG 6531.JPG,32,Tomato___Septoria_leaf_spot,3,train,partition::00043245,Tomato___Septoria_leaf_spot:::141,feature_dirichlet,0.1,0.1,synthetic_domain,42,4
Tomato___Septoria_leaf_spot/b459b9c8-30e2-4a65-be28-53d80243cac2___Keller.St_CG 1797.JPG,32,Tomato___Septoria_leaf_spot,3,train,partition::00043337,img::D:/university/do-an-tot-nghiep/train-gd-2/PlantVillage-Dataset/raw/color/Tomato___Septoria_leaf_spot/b459b9c8-30e2-4a65-be28-53d80243cac2___Keller.St_CG 1797.JPG,feature_dirichlet,0.1,0.1,synthetic_domain,42,4
Tomato___Septoria_leaf_spot/be419ce9-4bc5-42fb-87c3-ebabb27321af___JR_Sept.L.S 2638.JPG,32,Tomato___Septoria_leaf_spot,3,train,partition::00043414,img::D:/university/do-an-tot-nghiep/train-gd-2/PlantVillage-Dataset/raw/color/Tomato___Septoria_leaf_spot/be419ce9-4bc5-42fb-87c3-ebabb27321af___JR_Sept.L.S 2638.JPG,feature_dirichlet,0.1,0.1,synthetic_domain,42,4
Tomato___Septoria_leaf_spot/f93d5fb9-3505-456e-a494-531738e66e6d___JR_Sept.L.S 8473.JPG,32,Tomato___Septoria_leaf_spot,3,train,partition::00043844,img::D:/university/do-an-tot-nghiep/train-gd-2/PlantVillage-Dataset/raw/color/Tomato___Septoria_leaf_spot/f93d5fb9-3505-456e-a494-531738e66e6d___JR_Sept.L.S 8473.JPG,feature_dirichlet,0.1,0.1,synthetic_domain,42,4
Tomato___Septoria_leaf_spot/f9b31399-e5b4-4573-9fd3-9bf2079478c5___JR_Sept.L.S 2723.JPG,32,Tomato___Septoria_leaf_spot,3,train,partition::00043848,img::D:/university/do-an-tot-nghiep/train-gd-2/PlantVillage-Dataset/raw/color/Tomato___Septoria_leaf_spot/f9b31399-e5b4-4573-9fd3-9bf2079478c5___JR_Sept.L.S 2723.JPG,feature_dirichlet,0.1,0.1,synthetic_domain,42,4
Tomato___Spider_mites Two-spotted_spider_mite/079c26a2-0862-4062-aa4b-53a5af52350f___Com.G_SpM_FL 1497.JPG,33,Tomato___Spider_mites Two-spotted_spider_mite,3,train,partition::00045243,Tomato___Spider_mites Two-spotted_spider_mite:::91,feature_dirichlet,0.1,0.1,synthetic_domain,42,4
Tomato___Spider_mites Two-spotted_spider_mite/0a714292-45d6-483a-bbd0-2eab8fe72888___Com.G_SpM_FL 1496.JPG,33,Tomato___Spider_mites Two-spotted_spider_mite,3,train,partition::00045243,Tomato___Spider_mites Two-spotted_spider_mite:::91,feature_dirichlet,0.1,0.1,synthetic_domain,42,4
Tomato___Spider_mites Two-spotted_spider_mite/1384ca63-9181-4245-b7ab-7a1f0fec34a8___Com.G_SpM_FL 9269.JPG,33,Tomato___Spider_mites Two-spotted_spider_mite,3,train,partition::00044583,Tomato___Spider_mites Two-spotted_spider_mite:::324,feature_dirichlet,0.1,0.1,synthetic_domain,42,4
Tomato___Spider_mites Two-spotted_spider_mite/28dbca1c-1fc6-4d8f-a1b9-c81314280954___Com.G_SpM_FL 1249.JPG,33,Tomato___Spider_mites Two-spotted_spider_mite,3,train,partition::00045498,Tomato___Spider_mites Two-spotted_spider_mite:::30,feature_dirichlet,0.1,0.1,synthetic_domain,42,4
Tomato___Spider_mites Two-spotted_spider_mite/2f286777-f4b0-4b89-9d29-8942267199dd___Com.G_SpM_FL 1515.JPG,33,Tomato___Spider_mites Two-spotted_spider_mite,3,train,partition::00045349,Tomato___Spider_mites Two-spotted_spider_mite:::96,feature_dirichlet,0.1,0.1,synthetic_domain,42,2
Tomato___Spider_mites Two-spotted_spider_mite/3f3b3e8c-9b45-4f68-ae3c-a3b3a12f69a1___Com.G_SpM_FL 1679.JPG,33,Tomato___Spider_mites Two-spotted_spider_mite,3,train,partition::00045447,Tomato___Spider_mites Two-spotted_spider_mite:::136,feature_dirichlet,0.1,0.1,synthetic_domain,42,4
Tomato___Spider_mites Two-spotted_spider_mite/44755960-f542-4f8e-a1a0-94cf3cad8c21___Com.G_SpM_FL 1498.JPG,33,Tomato___Spider_mites Two-spotted_spider_mite,3,train,partition::00045243,Tomato___Spider_mites Two-spotted_spider_mite:::91,feature_dirichlet,0.1,0.1,synthetic_domain,42,4
Tomato___Spider_mites Two-spotted_spider_mite/53465364-cf45-422d-89f7-fa8fb1ce2bfe___Com.G_SpM_FL 9270.JPG,33,Tomato___Spider_mites Two-spotted_spider_mite,3,train,partition::00044583,Tomato___Spider_mites Two-spotted_spider_mite:::324,feature_dirichlet,0.1,0.1,synthetic_domain,42,4
Tomato___Spider_mites Two-spotted_spider_mite/5d218af0-e5cf-43b7-acce-de9f86baa690___Com.G_SpM_FL 9272.JPG,33,Tomato___Spider_mites Two-spotted_spider_mite,3,train,partition::00044583,Tomato___Spider_mites Two-spotted_spider_mite:::324,feature_dirichlet,0.1,0.1,synthetic_domain,42,4
Tomato___Spider_mites Two-spotted_spider_mite/5f5d8312-b182-42a6-bba5-391335641e02___Com.G_SpM_FL 1479.JPG,33,Tomato___Spider_mites Two-spotted_spider_mite,3,train,partition::00045177,Tomato___Spider_mites Two-spotted_spider_mite:::87,feature_dirichlet,0.1,0.1,synthetic_domain,42,4
Tomato___Spider_mites Two-spotted_spider_mite/67a8503d-b717-4285-9dd5-f62381491526___Com.G_SpM_FL 1516.JPG,33,Tomato___Spider_mites Two-spotted_spider_mite,3,train,partition::00045349,Tomato___Spider_mites Two-spotted_spider_mite:::96,feature_dirichlet,0.1,0.1,synthetic_domain,42,2
Tomato___Spider_mites Two-spotted_spider_mite/68c2d48b-f91e-42a4-afeb-9061cb4c6c74___Com.G_SpM_FL 9271.JPG,33,Tomato___Spider_mites Two-spotted_spider_mite,3,train,partition::00044583,Tomato___Spider_mites Two-spotted_spider_mite:::324,feature_dirichlet,0.1,0.1,synthetic_domain,42,4
Tomato___Spider_mites Two-spotted_spider_mite/6dff3d85-99fb-4c45-b046-ed003a68b35a___Com.G_SpM_FL 8689.JPG,33,Tomato___Spider_mites Two-spotted_spider_mite,3,train,partition::00045512,Tomato___Spider_mites Two-spotted_spider_mite:::231,feature_dirichlet,0.1,0.1,synthetic_domain,42,4
Tomato___Spider_mites Two-spotted_spider_mite/76704cf7-f216-49f4-83d6-7a2c7bc5beba___Com.G_SpM_FL 1251.JPG,33,Tomato___Spider_mites Two-spotted_spider_mite,3,train,partition::00045498,Tomato___Spider_mites Two-spotted_spider_mite:::30,feature_dirichlet,0.1,0.1,synthetic_domain,42,4
Tomato___Spider_mites Two-spotted_spider_mite/9a435257-cda9-4204-9f67-cbebf7e4f0f4___Com.G_SpM_FL 1677.JPG,33,Tomato___Spider_mites Two-spotted_spider_mite,3,train,partition::00045447,Tomato___Spider_mites Two-spotted_spider_mite:::136,feature_dirichlet,0.1,0.1,synthetic_domain,42,4
Tomato___Spider_mites Two-spotted_spider_mite/9bba8874-aadd-4b80-8e5c-dea2e4b6457d___Com.G_SpM_FL 1517.JPG,33,Tomato___Spider_mites Two-spotted_spider_mite,3,train,partition::00045349,Tomato___Spider_mites Two-spotted_spider_mite:::96,feature_dirichlet,0.1,0.1,synthetic_domain,42,2
Tomato___Spider_mites Two-spotted_spider_mite/9bedf503-beca-40b4-b1d1-6c12e96343f3___Com.G_SpM_FL 1481.JPG,33,Tomato___Spider_mites Two-spotted_spider_mite,3,train,partition::00045177,Tomato___Spider_mites Two-spotted_spider_mite:::87,feature_dirichlet,0.1,0.1,synthetic_domain,42,4
Tomato___Spider_mites Two-spotted_spider_mite/acd53505-84a0-48da-924a-5ea032f52388___Com.G_SpM_FL 1252.JPG,33,Tomato___Spider_mites Two-spotted_spider_mite,3,train,partition::00045498,Tomato___Spider_mites Two-spotted_spider_mite:::30,feature_dirichlet,0.1,0.1,synthetic_domain,42,4
Tomato___Spider_mites Two-spotted_spider_mite/baee605d-65b3-4001-9bb5-05cd17855c78___Com.G_SpM_FL 8691.JPG,33,Tomato___Spider_mites Two-spotted_spider_mite,3,train,partition::00045512,Tomato___Spider_mites Two-spotted_spider_mite:::231,feature_dirichlet,0.1,0.1,synthetic_domain,42,4
Tomato___Spider_mites Two-spotted_spider_mite/c3586675-5908-4830-b952-0418aabc79e5___Com.G_SpM_FL 1480.JPG,33,Tomato___Spider_mites Two-spotted_spider_mite,3,train,partition::00045177,Tomato___Spider_mites Two-spotted_spider_mite:::87,feature_dirichlet,0.1,0.1,synthetic_domain,42,4
Tomato___Spider_mites Two-spotted_spider_mite/c5fde521-4d6d-4efe-8157-2d0a306f51e4___Com.G_SpM_FL 1482.JPG,33,Tomato___Spider_mites Two-spotted_spider_mite,3,train,partition::00045177,Tomato___Spider_mites Two-spotted_spider_mite:::87,feature_dirichlet,0.1,0.1,synthetic_domain,42,4
Tomato___Spider_mites Two-spotted_spider_mite/d0624e94-e751-4c6c-867c-a0d3c7787876___Com.G_SpM_FL 1495.JPG,33,Tomato___Spider_mites Two-spotted_spider_mite,3,train,partition::00045243,Tomato___Spider_mites Two-spotted_spider_mite:::91,feature_dirichlet,0.1,0.1,synthetic_domain,42,4
Tomato___Spider_mites Two-spotted_spider_mite/df8b8483-a90f-4287-8d4f-251359950ced___Com.G_SpM_FL 1518.JPG,33,Tomato___Spider_mites Two-spotted_spider_mite,3,train,partition::00045349,Tomato___Spider_mites Two-spotted_spider_mite:::96,feature_dirichlet,0.1,0.1,synthetic_domain,42,2
Tomato___Spider_mites Two-spotted_spider_mite/e421fcb0-be23-4ff8-a5f0-0ee7110160e5___Com.G_SpM_FL 1680.JPG,33,Tomato___Spider_mites Two-spotted_spider_mite,3,train,partition::00045447,Tomato___Spider_mites Two-spotted_spider_mite:::136,feature_dirichlet,0.1,0.1,synthetic_domain,42,4
Tomato___Spider_mites Two-spotted_spider_mite/e7b889f3-d580-426e-83fb-6519f43935ef___Com.G_SpM_FL 8690.JPG,33,Tomato___Spider_mites Two-spotted_spider_mite,3,train,partition::00045512,Tomato___Spider_mites Two-spotted_spider_mite:::231,feature_dirichlet,0.1,0.1,synthetic_domain,42,4
Tomato___Spider_mites Two-spotted_spider_mite/ecf28797-b8ea-4ea9-a665-72db94f13ba8___Com.G_SpM_FL 1678.JPG,33,Tomato___Spider_mites Two-spotted_spider_mite,3,train,partition::00045447,Tomato___Spider_mites Two-spotted_spider_mite:::136,feature_dirichlet,0.1,0.1,synthetic_domain,42,4
Tomato___Spider_mites Two-spotted_spider_mite/f5dcd9bb-8a3a-4236-985d-3fde8ea04d6f___Com.G_SpM_FL 1250.JPG,33,Tomato___Spider_mites Two-spotted_spider_mite,3,train,partition::00045498,Tomato___Spider_mites Two-spotted_spider_mite:::30,feature_dirichlet,0.1,0.1,synthetic_domain,42,4
Tomato___Spider_mites Two-spotted_spider_mite/f7494345-4bb3-42b8-8043-689059c28424___Com.G_SpM_FL 8688.JPG,33,Tomato___Spider_mites Two-spotted_spider_mite,3,train,partition::00045512,Tomato___Spider_mites Two-spotted_spider_mite:::231,feature_dirichlet,0.1,0.1,synthetic_domain,42,4
Tomato___Target_Spot/0df45326-8aa9-49bf-a2fd-e7f454c2dfbf___Com.G_TgS_FL 9718.JPG,34,Tomato___Target_Spot,3,train,partition::00045646,img::D:/university/do-an-tot-nghiep/train-gd-2/PlantVillage-Dataset/raw/color/Tomato___Target_Spot/0df45326-8aa9-49bf-a2fd-e7f454c2dfbf___Com.G_TgS_FL 9718.JPG,feature_dirichlet,0.1,0.1,synthetic_domain,42,4
Tomato___Target_Spot/17975abb-ad00-4e50-bf84-7e5d5dd07880___Com.G_TgS_FL 0769.JPG,34,Tomato___Target_Spot,3,train,partition::00045707,img::D:/university/do-an-tot-nghiep/train-gd-2/PlantVillage-Dataset/raw/color/Tomato___Target_Spot/17975abb-ad00-4e50-bf84-7e5d5dd07880___Com.G_TgS_FL 0769.JPG,feature_dirichlet,0.1,0.1,synthetic_domain,42,4
Tomato___Target_Spot/3015f64d-6fe8-4673-948a-9bdb854ce207___Com.G_TgS_FL 9972.JPG,34,Tomato___Target_Spot,3,train,partition::00045821,img::D:/university/do-an-tot-nghiep/train-gd-2/PlantVillage-Dataset/raw/color/Tomato___Target_Spot/3015f64d-6fe8-4673-948a-9bdb854ce207___Com.G_TgS_FL 9972.JPG,feature_dirichlet,0.1,0.1,synthetic_domain,42,4
Tomato___Target_Spot/3a8d5e93-55c3-44ca-9c5a-2803cac23804___Com.G_TgS_FL 8046.JPG,34,Tomato___Target_Spot,3,train,partition::00045883,img::D:/university/do-an-tot-nghiep/train-gd-2/PlantVillage-Dataset/raw/color/Tomato___Target_Spot/3a8d5e93-55c3-44ca-9c5a-2803cac23804___Com.G_TgS_FL 8046.JPG,feature_dirichlet,0.1,0.1,synthetic_domain,42,4
Tomato___Target_Spot/53a1a1ee-09cc-4393-b255-6f808e2a4802___Com.G_TgS_FL 9850.JPG,34,Tomato___Target_Spot,3,train,partition::00045991,img::D:/university/do-an-tot-nghiep/train-gd-2/PlantVillage-Dataset/raw/color/Tomato___Target_Spot/53a1a1ee-09cc-4393-b255-6f808e2a4802___Com.G_TgS_FL 9850.JPG,feature_dirichlet,0.1,0.1,synthetic_domain,42,4
Tomato___Target_Spot/673e781f-05e7-4ad4-bd44-ec339161868e___Com.G_TgS_FL 9755.JPG,34,Tomato___Target_Spot,3,train,partition::00046102,img::D:/university/do-an-tot-nghiep/train-gd-2/PlantVillage-Dataset/raw/color/Tomato___Target_Spot/673e781f-05e7-4ad4-bd44-ec339161868e___Com.G_TgS_FL 9755.JPG,feature_dirichlet,0.1,0.1,synthetic_domain,42,4
Tomato___Target_Spot/678eafc4-f85e-4956-8153-1f66e00454bd___Com.G_TgS_FL 8097.JPG,34,Tomato___Target_Spot,3,train,partition::00046105,img::D:/university/do-an-tot-nghiep/train-gd-2/PlantVillage-Dataset/raw/color/Tomato___Target_Spot/678eafc4-f85e-4956-8153-1f66e00454bd___Com.G_TgS_FL 8097.JPG,feature_dirichlet,0.1,0.1,synthetic_domain,42,4
Tomato___Target_Spot/689e6cdd-f966-49eb-a3d1-2f9ce922bdbe___Com.G_TgS_FL 7935.JPG,34,Tomato___Target_Spot,3,train,partition::00046112,img::D:/university/do-an-tot-nghiep/train-gd-2/PlantVillage-Dataset/raw/color/Tomato___Target_Spot/689e6cdd-f966-49eb-a3d1-2f9ce922bdbe___Com.G_TgS_FL 7935.JPG,feature_dirichlet,0.1,0.1,synthetic_domain,42,4
Tomato___Target_Spot/68cb6347-4fb9-42e8-8620-837a3c9d44b3___Com.G_TgS_FL 0751.JPG,34,Tomato___Target_Spot,3,train,partition::00046114,img::D:/university/do-an-tot-nghiep/train-gd-2/PlantVillage-Dataset/raw/color/Tomato___Target_Spot/68cb6347-4fb9-42e8-8620-837a3c9d44b3___Com.G_TgS_FL 0751.JPG,feature_dirichlet,0.1,0.1,synthetic_domain,42,4
Tomato___Target_Spot/6f6d42be-c248-474a-a5c8-e13c6a24ab91___Com.G_TgS_FL 7996.JPG,34,Tomato___Target_Spot,3,train,partition::00046147,img::D:/university/do-an-tot-nghiep/train-gd-2/PlantVillage-Dataset/raw/color/Tomato___Target_Spot/6f6d42be-c248-474a-a5c8-e13c6a24ab91___Com.G_TgS_FL 7996.JPG,feature_dirichlet,0.1,0.1,synthetic_domain,42,4
Tomato___Target_Spot/7b55987c-1cc1-416a-b065-d865f56ede52___Com.G_TgS_FL 0913.JPG,34,Tomato___Target_Spot,3,train,partition::00046222,img::D:/university/do-an-tot-nghiep/train-gd-2/PlantVillage-Dataset/raw/color/Tomato___Target_Spot/7b55987c-1cc1-416a-b065-d865f56ede52___Com.G_TgS_FL 0913.JPG,feature_dirichlet,0.1,0.1,synthetic_domain,42,4
Tomato___Target_Spot/9246e5ab-5329-4b96-8718-0909998f4531___Com.G_TgS_FL 7975.JPG,34,Tomato___Target_Spot,3,train,partition::00046361,img::D:/university/do-an-tot-nghiep/train-gd-2/PlantVillage-Dataset/raw/color/Tomato___Target_Spot/9246e5ab-5329-4b96-8718-0909998f4531___Com.G_TgS_FL 7975.JPG,feature_dirichlet,0.1,0.1,synthetic_domain,42,4
Tomato___Target_Spot/a9513759-256d-427e-824f-de6585f9c7fb___Com.G_TgS_FL 8252.JPG,34,Tomato___Target_Spot,3,train,partition::00046480,img::D:/university/do-an-tot-nghiep/train-gd-2/PlantVillage-Dataset/raw/color/Tomato___Target_Spot/a9513759-256d-427e-824f-de6585f9c7fb___Com.G_TgS_FL 8252.JPG,feature_dirichlet,0.1,0.1,synthetic_domain,42,4
Tomato___Target_Spot/aed4284a-98bb-4fab-a2de-764f5a3fda68___Com.G_TgS_FL 0927.JPG,34,Tomato___Target_Spot,3,train,partition::00046513,img::D:/university/do-an-tot-nghiep/train-gd-2/PlantVillage-Dataset/raw/color/Tomato___Target_Spot/aed4284a-98bb-4fab-a2de-764f5a3fda68___Com.G_TgS_FL 0927.JPG,feature_dirichlet,0.1,0.1,synthetic_domain,42,4
Tomato___Target_Spot/b00715fd-9df1-4775-80c0-9412a6649720___Com.G_TgS_FL 8090.JPG,34,Tomato___Target_Spot,3,train,partition::00046517,img::D:/university/do-an-tot-nghiep/train-gd-2/PlantVillage-Dataset/raw/color/Tomato___Target_Spot/b00715fd-9df1-4775-80c0-9412a6649720___Com.G_TgS_FL 8090.JPG,feature_dirichlet,0.1,0.1,synthetic_domain,42,2
Tomato___Target_Spot/b535d475-5112-432a-9309-57e97813b6ae___Com.G_TgS_FL 1028.JPG,34,Tomato___Target_Spot,3,train,partition::00046545,img::D:/university/do-an-tot-nghiep/train-gd-2/PlantVillage-Dataset/raw/color/Tomato___Target_Spot/b535d475-5112-432a-9309-57e97813b6ae___Com.G_TgS_FL 1028.JPG,feature_dirichlet,0.1,0.1,synthetic_domain,42,4
Tomato___Target_Spot/b8514357-a1cf-454c-b6c3-9873b8a1bab9___Com.G_TgS_FL 9903.JPG,34,Tomato___Target_Spot,3,train,partition::00046557,img::D:/university/do-an-tot-nghiep/train-gd-2/PlantVillage-Dataset/raw/color/Tomato___Target_Spot/b8514357-a1cf-454c-b6c3-9873b8a1bab9___Com.G_TgS_FL 9903.JPG,feature_dirichlet,0.1,0.1,synthetic_domain,42,4
Tomato___Target_Spot/c1ba6ffc-85be-4774-80cf-ff0cd7d53d5e___Com.G_TgS_FL 0018.JPG,34,Tomato___Target_Spot,3,train,partition::00046607,img::D:/university/do-an-tot-nghiep/train-gd-2/PlantVillage-Dataset/raw/color/Tomato___Target_Spot/c1ba6ffc-85be-4774-80cf-ff0cd7d53d5e___Com.G_TgS_FL 0018.JPG,feature_dirichlet,0.1,0.1,synthetic_domain,42,2
Tomato___Target_Spot/f1124062-9fa1-4f3d-80b4-8f79c92414ba___Com.G_TgS_FL 0865.JPG,34,Tomato___Target_Spot,3,train,partition::00046897,img::D:/university/do-an-tot-nghiep/train-gd-2/PlantVillage-Dataset/raw/color/Tomato___Target_Spot/f1124062-9fa1-4f3d-80b4-8f79c92414ba___Com.G_TgS_FL 0865.JPG,feature_dirichlet,0.1,0.1,synthetic_domain,42,4
Tomato___Target_Spot/f38d76b6-d04d-4af8-8550-314f5640c734___Com.G_TgS_FL 9765.JPG,34,Tomato___Target_Spot,3,train,partition::00046912,img::D:/university/do-an-tot-nghiep/train-gd-2/PlantVillage-Dataset/raw/color/Tomato___Target_Spot/f38d76b6-d04d-4af8-8550-314f5640c734___Com.G_TgS_FL 9765.JPG,feature_dirichlet,0.1,0.1,synthetic_domain,42,4
Tomato___Target_Spot/fd0c3abc-58f6-4aea-8d0e-7bcb52f996fa___Com.G_TgS_FL 8068.JPG,34,Tomato___Target_Spot,3,train,partition::00046971,img::D:/university/do-an-tot-nghiep/train-gd-2/PlantVillage-Dataset/raw/color/Tomato___Target_Spot/fd0c3abc-58f6-4aea-8d0e-7bcb52f996fa___Com.G_TgS_FL 8068.JPG,feature_dirichlet,0.1,0.1,synthetic_domain,42,4
Tomato___Tomato_Yellow_Leaf_Curl_Virus/004273e3-e283-4ec6-b597-d0de1bfbc590___YLCV_GCREC 2434.JPG,35,Tomato___Tomato_Yellow_Leaf_Curl_Virus,3,train,partition::00052339,Tomato___Tomato_Yellow_Leaf_Curl_Virus:::135,feature_dirichlet,0.1,0.1,synthetic_domain,42,4
Tomato___Tomato_Yellow_Leaf_Curl_Virus/04c4e77c-7346-4f27-ac7b-48273cbfb965___UF.GRC_YLCV_Lab 03292.JPG,35,Tomato___Tomato_Yellow_Leaf_Curl_Virus,3,train,partition::00047067,img::D:/university/do-an-tot-nghiep/train-gd-2/PlantVillage-Dataset/raw/color/Tomato___Tomato_Yellow_Leaf_Curl_Virus/04c4e77c-7346-4f27-ac7b-48273cbfb965___UF.GRC_YLCV_Lab 03292.JPG,feature_dirichlet,0.1,0.1,synthetic_domain,42,4
Tomato___Tomato_Yellow_Leaf_Curl_Virus/06a74cfa-c8c8-4944-ac54-37cef1b97e17___YLCV_GCREC 1996.JPG,35,Tomato___Tomato_Yellow_Leaf_Curl_Virus,3,train,partition::00051020,Tomato___Tomato_Yellow_Leaf_Curl_Virus:::26,feature_dirichlet,0.1,0.1,synthetic_domain,42,4
Tomato___Tomato_Yellow_Leaf_Curl_Virus/0823b64f-0025-4995-a7ae-a15297c221bd___UF.GRC_YLCV_Lab 03332.JPG,35,Tomato___Tomato_Yellow_Leaf_Curl_Virus,3,train,partition::00047142,img::D:/university/do-an-tot-nghiep/train-gd-2/PlantVillage-Dataset/raw/color/Tomato___Tomato_Yellow_Leaf_Curl_Virus/0823b64f-0025-4995-a7ae-a15297c221bd___UF.GRC_YLCV_Lab 03332.JPG,feature_dirichlet,0.1,0.1,synthetic_domain,42,4
Tomato___Tomato_Yellow_Leaf_Curl_Virus/09b3387c-2054-4155-813a-ce66c3116286___YLCV_NREC 2916.JPG,35,Tomato___Tomato_Yellow_Leaf_Curl_Virus,3,train,partition::00051810,Tomato___Tomato_Yellow_Leaf_Curl_Virus:::666,feature_dirichlet,0.1,0.1,synthetic_domain,42,4
Tomato___Tomato_Yellow_Leaf_Curl_Virus/0b117366-e274-4379-a660-d0affe75c975___UF.GRC_YLCV_Lab 02904.JPG,35,Tomato___Tomato_Yellow_Leaf_Curl_Virus,3,train,partition::00047218,img::D:/university/do-an-tot-nghiep/train-gd-2/PlantVillage-Dataset/raw/color/Tomato___Tomato_Yellow_Leaf_Curl_Virus/0b117366-e274-4379-a660-d0affe75c975___UF.GRC_YLCV_Lab 02904.JPG,feature_dirichlet,0.1,0.1,synthetic_domain,42,4
Tomato___Tomato_Yellow_Leaf_Curl_Virus/0b1dcb63-9519-4b34-af8f-cd2292c86df5___YLCV_GCREC 5294.JPG,35,Tomato___Tomato_Yellow_Leaf_Curl_Virus,3,train,partition::00050824,Tomato___Tomato_Yellow_Leaf_Curl_Virus:::308,feature_dirichlet,0.1,0.1,synthetic_domain,42,2
Tomato___Tomato_Yellow_Leaf_Curl_Virus/0b4f1295-fb19-4541-afa5-271800914460___UF.GRC_YLCV_Lab 03030.JPG,35,Tomato___Tomato_Yellow_Leaf_Curl_Virus,3,train,partition::00047226,img::D:/university/do-an-tot-nghiep/train-gd-2/PlantVillage-Dataset/raw/color/Tomato___Tomato_Yellow_Leaf_Curl_Virus/0b4f1295-fb19-4541-afa5-271800914460___UF.GRC_YLCV_Lab 03030.JPG,feature_dirichlet,0.1,0.1,synthetic_domain,42,4
Tomato___Tomato_Yellow_Leaf_Curl_Virus/0eafc3f5-7c78-4408-b129-69cf1dee659f___YLCV_NREC 2502.JPG,35,Tomato___Tomato_Yellow_Leaf_Curl_Virus,3,train,partition::00051788,Tomato___Tomato_Yellow_Leaf_Curl_Virus:::563,feature_dirichlet,0.1,0.1,synthetic_domain,42,4
Tomato___Tomato_Yellow_Leaf_Curl_Virus/0ec33982-87fc-49c4-a61e-5459a2497045___UF.GRC_YLCV_Lab 01749.JPG,35,Tomato___Tomato_Yellow_Leaf_Curl_Virus,3,train,partition::00047289,img::D:/university/do-an-tot-nghiep/train-gd-2/PlantVillage-Dataset/raw/color/Tomato___Tomato_Yellow_Leaf_Curl_Virus/0ec33982-87fc-49c4-a61e-5459a2497045___UF.GRC_YLCV_Lab 01749.JPG,feature_dirichlet,0.1,0.1,synthetic_domain,42,4
Tomato___Tomato_Yellow_Leaf_Curl_Virus/0f0da02f-84af-4fba-a236-ee4be8a35884___UF.GRC_YLCV_Lab 03086.JPG,35,Tomato___Tomato_Yellow_Leaf_Curl_Virus,3,train,partition::00047298,img::D:/university/do-an-tot-nghiep/train-gd-2/PlantVillage-Dataset/raw/color/Tomato___Tomato_Yellow_Leaf_Curl_Virus/0f0da02f-84af-4fba-a236-ee4be8a35884___UF.GRC_YLCV_Lab 03086.JPG,feature_dirichlet,0.1,0.1,synthetic_domain,42,4
Tomato___Tomato_Yellow_Leaf_Curl_Virus/1df30f7b-fece-4855-b82d-4abe8351a4ef___YLCV_NREC 2591.JPG,35,Tomato___Tomato_Yellow_Leaf_Curl_Virus,3,train,partition::00049553,Tomato___Tomato_Yellow_Leaf_Curl_Virus:::585,feature_dirichlet,0.1,0.1,synthetic_domain,42,4
Tomato___Tomato_Yellow_Leaf_Curl_Virus/1e02db5d-5674-4bfe-ac90-64fb69abfad1___UF.GRC_YLCV_Lab 02989.JPG,35,Tomato___Tomato_Yellow_Leaf_Curl_Virus,3,train,partition::00047636,img::D:/university/do-an-tot-nghiep/train-gd-2/PlantVillage-Dataset/raw/color/Tomato___Tomato_Yellow_Leaf_Curl_Virus/1e02db5d-5674-4bfe-ac90-64fb69abfad1___UF.GRC_YLCV_Lab 02989.JPG,feature_dirichlet,0.1,0.1,synthetic_domain,42,4
Tomato___Tomato_Yellow_Leaf_Curl_Virus/1e832665-08e7-4d77-9ab0-39a5fe3c919a___UF.GRC_YLCV_Lab 02473.JPG,35,Tomato___Tomato_Yellow_Leaf_Curl_Virus,3,train,partition::00047642,img::D:/university/do-an-tot-nghiep/train-gd-2/PlantVillage-Dataset/raw/color/Tomato___Tomato_Yellow_Leaf_Curl_Virus/1e832665-08e7-4d77-9ab0-39a5fe3c919a___UF.GRC_YLCV_Lab 02473.JPG,feature_dirichlet,0.1,0.1,synthetic_domain,42,4
Tomato___Tomato_Yellow_Leaf_Curl_Virus/21ce68f7-9035-4d91-8e9d-0e2b47840239___YLCV_GCREC 5293.JPG,35,Tomato___Tomato_Yellow_Leaf_Curl_Virus,3,train,partition::00050824,Tomato___Tomato_Yellow_Leaf_Curl_Virus:::308,feature_dirichlet,0.1,0.1,synthetic_domain,42,2
Tomato___Tomato_Yellow_Leaf_Curl_Virus/26308383-47d1-4bff-b79a-adebe7aeddc3___UF.GRC_YLCV_Lab 08535.JPG,35,Tomato___Tomato_Yellow_Leaf_Curl_Virus,3,train,partition::00047802,img::D:/university/do-an-tot-nghiep/train-gd-2/PlantVillage-Dataset/raw/color/Tomato___Tomato_Yellow_Leaf_Curl_Virus/26308383-47d1-4bff-b79a-adebe7aeddc3___UF.GRC_YLCV_Lab 08535.JPG,feature_dirichlet,0.1,0.1,synthetic_domain,42,4
Tomato___Tomato_Yellow_Leaf_Curl_Virus/292880f6-581b-43c3-9093-da727e219c1a___UF.GRC_YLCV_Lab 02129.JPG,35,Tomato___Tomato_Yellow_Leaf_Curl_Virus,3,train,partition::00047854,img::D:/university/do-an-tot-nghiep/train-gd-2/PlantVillage-Dataset/raw/color/Tomato___Tomato_Yellow_Leaf_Curl_Virus/292880f6-581b-43c3-9093-da727e219c1a___UF.GRC_YLCV_Lab 02129.JPG,feature_dirichlet,0.1,0.1,synthetic_domain,42,4
Tomato___Tomato_Yellow_Leaf_Curl_Virus/369091e5-7d21-4922-81c4-f26df636a401___YLCV_NREC 2503.JPG,35,Tomato___Tomato_Yellow_Leaf_Curl_Virus,3,train,partition::00051788,Tomato___Tomato_Yellow_Leaf_Curl_Virus:::563,feature_dirichlet,0.1,0.1,synthetic_domain,42,4
Tomato___Tomato_Yellow_Leaf_Curl_Virus/41a298af-bb2d-4870-8a7e-a02f26d46187___UF.GRC_YLCV_Lab 08454.JPG,35,Tomato___Tomato_Yellow_Leaf_Curl_Virus,3,train,partition::00048374,img::D:/university/do-an-tot-nghiep/train-gd-2/PlantVillage-Dataset/raw/color/Tomato___Tomato_Yellow_Leaf_Curl_Virus/41a298af-bb2d-4870-8a7e-a02f26d46187___UF.GRC_YLCV_Lab 08454.JPG,feature_dirichlet,0.1,0.1,synthetic_domain,42,4
Tomato___Tomato_Yellow_Leaf_Curl_Virus/480c3a46-0aa6-4259-8679-d8661457d4c6___UF.GRC_YLCV_Lab 02579.JPG,35,Tomato___Tomato_Yellow_Leaf_Curl_Virus,3,train,partition::00048514,img::D:/university/do-an-tot-nghiep/train-gd-2/PlantVillage-Dataset/raw/color/Tomato___Tomato_Yellow_Leaf_Curl_Virus/480c3a46-0aa6-4259-8679-d8661457d4c6___UF.GRC_YLCV_Lab 02579.JPG,feature_dirichlet,0.1,0.1,synthetic_domain,42,2
Tomato___Tomato_Yellow_Leaf_Curl_Virus/4f33b7d2-4a76-4d3c-9a7f-5753e080582c___YLCV_GCREC 2014.JPG,35,Tomato___Tomato_Yellow_Leaf_Curl_Virus,3,train,partition::00050789,Tomato___Tomato_Yellow_Leaf_Curl_Virus:::30,feature_dirichlet,0.1,0.1,synthetic_domain,42,4
Tomato___Tomato_Yellow_Leaf_Curl_Virus/4f956c92-9e74-476c-97a7-b66aa0d58b45___UF.GRC_YLCV_Lab 08510.JPG,35,Tomato___Tomato_Yellow_Leaf_Curl_Virus,3,train,partition::00048673,img::D:/university/do-an-tot-nghiep/train-gd-2/PlantVillage-Dataset/raw/color/Tomato___Tomato_Yellow_Leaf_Curl_Virus/4f956c92-9e74-476c-97a7-b66aa0d58b45___UF.GRC_YLCV_Lab 08510.JPG,feature_dirichlet,0.1,0.1,synthetic_domain,42,4
Tomato___Tomato_Yellow_Leaf_Curl_Virus/53b914ea-4c7e-4e35-944c-2aac000557db___YLCV_GCREC 2147.JPG,35,Tomato___Tomato_Yellow_Leaf_Curl_Virus,3,train,partition::00051552,Tomato___Tomato_Yellow_Leaf_Curl_Virus:::63,feature_dirichlet,0.1,0.1,synthetic_domain,42,4
Tomato___Tomato_Yellow_Leaf_Curl_Virus/56a539d0-1a90-499c-9864-6c06ba9983a2___UF.GRC_YLCV_Lab 01484.JPG,35,Tomato___Tomato_Yellow_Leaf_Curl_Virus,3,train,partition::00048824,img::D:/university/do-an-tot-nghiep/train-gd-2/PlantVillage-Dataset/raw/color/Tomato___Tomato_Yellow_Leaf_Curl_Virus/56a539d0-1a90-499c-9864-6c06ba9983a2___UF.GRC_YLCV_Lab 01484.JPG,feature_dirichlet,0.1,0.1,synthetic_domain,42,4
Tomato___Tomato_Yellow_Leaf_Curl_Virus/5813e21e-042f-4579-ad6d-7fe37f30db98___YLCV_NREC 0247.JPG,35,Tomato___Tomato_Yellow_Leaf_Curl_Virus,3,train,partition::00051681,Tomato___Tomato_Yellow_Leaf_Curl_Virus:::417,feature_dirichlet,0.1,0.1,synthetic_domain,42,4
Tomato___Tomato_Yellow_Leaf_Curl_Virus/5d40d3db-1277-4136-9276-229450f81b5b___YLCV_NREC 2588.JPG,35,Tomato___Tomato_Yellow_Leaf_Curl_Virus,3,train,partition::00049553,Tomato___Tomato_Yellow_Leaf_Curl_Virus:::585,feature_dirichlet,0.1,0.1,synthetic_domain,42,4
Tomato___Tomato_Yellow_Leaf_Curl_Virus/62eb4afa-df30-48f1-a779-38b6f3a3c315___YLCV_GCREC 2013.JPG,35,Tomato___Tomato_Yellow_Leaf_Curl_Virus,3,train,partition::00050789,Tomato___Tomato_Yellow_Leaf_Curl_Virus:::30,feature_dirichlet,0.1,0.1,synthetic_domain,42,4
Tomato___Tomato_Yellow_Leaf_Curl_Virus/62fea374-0816-437f-bda3-92ce04bb6859___YLCV_NREC 0248.JPG,35,Tomato___Tomato_Yellow_Leaf_Curl_Virus,3,train,partition::00051681,Tomato___Tomato_Yellow_Leaf_Curl_Virus:::417,feature_dirichlet,0.1,0.1,synthetic_domain,42,4
Tomato___Tomato_Yellow_Leaf_Curl_Virus/65cfef61-0347-46d8-99e8-49643a60c649___YLCV_GCREC 1995.JPG,35,Tomato___Tomato_Yellow_Leaf_Curl_Virus,3,train,partition::00051020,Tomato___Tomato_Yellow_Leaf_Curl_Virus:::26,feature_dirichlet,0.1,0.1,synthetic_domain,42,4
Tomato___Tomato_Yellow_Leaf_Curl_Virus/66049e2e-1815-49c7-912a-f51a48a6054b___YLCV_NREC 2854.JPG,35,Tomato___Tomato_Yellow_Leaf_Curl_Virus,3,train,partition::00051949,Tomato___Tomato_Yellow_Leaf_Curl_Virus:::651,feature_dirichlet,0.1,0.1,synthetic_domain,42,4
Tomato___Tomato_Yellow_Leaf_Curl_Virus/6936ec65-bb87-4e0c-aec1-f446297cc41f___YLCV_NREC 2856.JPG,35,Tomato___Tomato_Yellow_Leaf_Curl_Virus,3,train,partition::00051949,Tomato___Tomato_Yellow_Leaf_Curl_Virus:::651,feature_dirichlet,0.1,0.1,synthetic_domain,42,4
Tomato___Tomato_Yellow_Leaf_Curl_Virus/6a549642-be42-43e7-920d-138d2f6d61b8___UF.GRC_YLCV_Lab 01325.JPG,35,Tomato___Tomato_Yellow_Leaf_Curl_Virus,3,train,partition::00049219,img::D:/university/do-an-tot-nghiep/train-gd-2/PlantVillage-Dataset/raw/color/Tomato___Tomato_Yellow_Leaf_Curl_Virus/6a549642-be42-43e7-920d-138d2f6d61b8___UF.GRC_YLCV_Lab 01325.JPG,feature_dirichlet,0.1,0.1,synthetic_domain,42,4
Tomato___Tomato_Yellow_Leaf_Curl_Virus/6b945fcf-c644-4917-91ad-30b91be73029___YLCV_NREC 2590.JPG,35,Tomato___Tomato_Yellow_Leaf_Curl_Virus,3,train,partition::00049553,Tomato___Tomato_Yellow_Leaf_Curl_Virus:::585,feature_dirichlet,0.1,0.1,synthetic_domain,42,4
Tomato___Tomato_Yellow_Leaf_Curl_Virus/6bc302cd-5b45-44db-955a-0ba355de3753___YLCV_GCREC 2435.JPG,35,Tomato___Tomato_Yellow_Leaf_Curl_Virus,3,train,partition::00052339,Tomato___Tomato_Yellow_Leaf_Curl_Virus:::135,feature_dirichlet,0.1,0.1,synthetic_domain,42,4
Tomato___Tomato_Yellow_Leaf_Curl_Virus/6cb06d49-6091-4757-a314-abd1db0c6dbd___YLCV_NREC 0249.JPG,35,Tomato___Tomato_Yellow_Leaf_Curl_Virus,3,train,partition::00051681,Tomato___Tomato_Yellow_Leaf_Curl_Virus:::417,feature_dirichlet,0.1,0.1,synthetic_domain,42,4
Tomato___Tomato_Yellow_Leaf_Curl_Virus/6df245b9-e960-45b5-8dac-109f77896990___YLCV_GCREC 2012.JPG,35,Tomato___Tomato_Yellow_Leaf_Curl_Virus,3,train,partition::00050789,Tomato___Tomato_Yellow_Leaf_Curl_Virus:::30,feature_dirichlet,0.1,0.1,synthetic_domain,42,4
Tomato___Tomato_Yellow_Leaf_Curl_Virus/6e37e8ad-3944-4e11-bc10-dd82616274d7___YLCV_NREC 2915.JPG,35,Tomato___Tomato_Yellow_Leaf_Curl_Virus,3,train,partition::00051810,Tomato___Tomato_Yellow_Leaf_Curl_Virus:::666,feature_dirichlet,0.1,0.1,synthetic_domain,42,4
Tomato___Tomato_Yellow_Leaf_Curl_Virus/7109ec68-ac15-4b70-a4af-8d314c7c41e7___UF.GRC_YLCV_Lab 09551.JPG,35,Tomato___Tomato_Yellow_Leaf_Curl_Virus,3,train,partition::00049363,img::D:/university/do-an-tot-nghiep/train-gd-2/PlantVillage-Dataset/raw/color/Tomato___Tomato_Yellow_Leaf_Curl_Virus/7109ec68-ac15-4b70-a4af-8d314c7c41e7___UF.GRC_YLCV_Lab 09551.JPG,feature_dirichlet,0.1,0.1,synthetic_domain,42,4
Tomato___Tomato_Yellow_Leaf_Curl_Virus/715c0428-2bd8-4c35-b39d-f90e1358544b___YLCV_GCREC 2437.JPG,35,Tomato___Tomato_Yellow_Leaf_Curl_Virus,3,train,partition::00052339,Tomato___Tomato_Yellow_Leaf_Curl_Virus:::135,feature_dirichlet,0.1,0.1,synthetic_domain,42,4
Tomato___Tomato_Yellow_Leaf_Curl_Virus/79467ea0-5c59-4094-bddd-02074075b621___YLCV_NREC 2589.JPG,35,Tomato___Tomato_Yellow_Leaf_Curl_Virus,3,train,partition::00049553,Tomato___Tomato_Yellow_Leaf_Curl_Virus:::585,feature_dirichlet,0.1,0.1,synthetic_domain,42,4
Tomato___Tomato_Yellow_Leaf_Curl_Virus/7c252c1c-dce9-4f73-8ba8-6b8efd6fa631___YLCV_GCREC 2148.JPG,35,Tomato___Tomato_Yellow_Leaf_Curl_Virus,3,train,partition::00051552,Tomato___Tomato_Yellow_Leaf_Curl_Virus:::63,feature_dirichlet,0.1,0.1,synthetic_domain,42,4
Tomato___Tomato_Yellow_Leaf_Curl_Virus/81b714f0-ca7e-433d-98ba-28cd37b4b1be___UF.GRC_YLCV_Lab 02779.JPG,35,Tomato___Tomato_Yellow_Leaf_Curl_Virus,3,train,partition::00049753,img::D:/university/do-an-tot-nghiep/train-gd-2/PlantVillage-Dataset/raw/color/Tomato___Tomato_Yellow_Leaf_Curl_Virus/81b714f0-ca7e-433d-98ba-28cd37b4b1be___UF.GRC_YLCV_Lab 02779.JPG,feature_dirichlet,0.1,0.1,synthetic_domain,42,2
Tomato___Tomato_Yellow_Leaf_Curl_Virus/821ab91a-6de6-45c7-85f1-0d1fe243e37c___YLCV_NREC 2153.JPG,35,Tomato___Tomato_Yellow_Leaf_Curl_Virus,3,train,partition::00052027,Tomato___Tomato_Yellow_Leaf_Curl_Virus:::476,feature_dirichlet,0.1,0.1,synthetic_domain,42,4
Tomato___Tomato_Yellow_Leaf_Curl_Virus/8f2d1ca5-aaa7-4aeb-a59a-4c4624da3113___UF.GRC_YLCV_Lab 01256.JPG,35,Tomato___Tomato_Yellow_Leaf_Curl_Virus,3,train,partition::00050052,img::D:/university/do-an-tot-nghiep/train-gd-2/PlantVillage-Dataset/raw/color/Tomato___Tomato_Yellow_Leaf_Curl_Virus/8f2d1ca5-aaa7-4aeb-a59a-4c4624da3113___UF.GRC_YLCV_Lab 01256.JPG,feature_dirichlet,0.1,0.1,synthetic_domain,42,4
Tomato___Tomato_Yellow_Leaf_Curl_Virus/8f35a104-edeb-474c-9902-b6734df6273b___YLCV_NREC 2500.JPG,35,Tomato___Tomato_Yellow_Leaf_Curl_Virus,3,train,partition::00051788,Tomato___Tomato_Yellow_Leaf_Curl_Virus:::563,feature_dirichlet,0.1,0.1,synthetic_domain,42,4
Tomato___Tomato_Yellow_Leaf_Curl_Virus/94630bcb-aa75-4621-b203-a8519b86b134___YLCV_NREC 2154.JPG,35,Tomato___Tomato_Yellow_Leaf_Curl_Virus,3,train,partition::00052027,Tomato___Tomato_Yellow_Leaf_Curl_Virus:::476,feature_dirichlet,0.1,0.1,synthetic_domain,42,4
Tomato___Tomato_Yellow_Leaf_Curl_Virus/9b1edb7f-cb28-400e-82bb-3a4bbaa6b582___UF.GRC_YLCV_Lab 01806.JPG,35,Tomato___Tomato_Yellow_Leaf_Curl_Virus,3,train,partition::00050278,img::D:/university/do-an-tot-nghiep/train-gd-2/PlantVillage-Dataset/raw/color/Tomato___Tomato_Yellow_Leaf_Curl_Virus/9b1edb7f-cb28-400e-82bb-3a4bbaa6b582___UF.GRC_YLCV_Lab 01806.JPG,feature_dirichlet,0.1,0.1,synthetic_domain,42,4
Tomato___Tomato_Yellow_Leaf_Curl_Virus/9e09f7f7-a62d-4c5a-9adb-62b1811ca244___UF.GRC_YLCV_Lab 03053.JPG,35,Tomato___Tomato_Yellow_Leaf_Curl_Virus,3,train,partition::00050334,img::D:/university/do-an-tot-nghiep/train-gd-2/PlantVillage-Dataset/raw/color/Tomato___Tomato_Yellow_Leaf_Curl_Virus/9e09f7f7-a62d-4c5a-9adb-62b1811ca244___UF.GRC_YLCV_Lab 03053.JPG,feature_dirichlet,0.1,0.1,synthetic_domain,42,4
Tomato___Tomato_Yellow_Leaf_Curl_Virus/9f6ec9ff-a4c4-425f-92ad-485b2cdc9a23___YLCV_GCREC 1997.JPG,35,Tomato___Tomato_Yellow_Leaf_Curl_Virus,3,train,partition::00051020,Tomato___Tomato_Yellow_Leaf_Curl_Virus:::26,feature_dirichlet,0.1,0.1,synthetic_domain,42,4
Tomato___Tomato_Yellow_Leaf_Curl_Virus/9fbc796c-a39c-433f-9173-ff72cd4bf98a___UF.GRC_YLCV_Lab 08515.JPG,35,Tomato___Tomato_Yellow_Leaf_Curl_Virus,3,train,partition::00050375,img::D:/university/do-an-tot-nghiep/train-gd-2/PlantVillage-Dataset/raw/color/Tomato___Tomato_Yellow_Leaf_Curl_Virus/9fbc796c-a39c-433f-9173-ff72cd4bf98a___UF.GRC_YLCV_Lab 08515.JPG,feature_dirichlet,0.1,0.1,synthetic_domain,42,4
Tomato___Tomato_Yellow_Leaf_Curl_Virus/a5048329-d815-47ea-a7cc-cae2424e3834___UF.GRC_YLCV_Lab 01328.JPG,35,Tomato___Tomato_Yellow_Leaf_Curl_Virus,3,train,partition::00050469,img::D:/university/do-an-tot-nghiep/train-gd-2/PlantVillage-Dataset/raw/color/Tomato___Tomato_Yellow_Leaf_Curl_Virus/a5048329-d815-47ea-a7cc-cae2424e3834___UF.GRC_YLCV_Lab 01328.JPG,feature_dirichlet,0.1,0.1,synthetic_domain,42,4
Tomato___Tomato_Yellow_Leaf_Curl_Virus/ae49cf4b-a715-4644-bbef-8515ed445e26___YLCV_GCREC 2146.JPG,35,Tomato___Tomato_Yellow_Leaf_Curl_Virus,3,train,partition::00051552,Tomato___Tomato_Yellow_Leaf_Curl_Virus:::63,feature_dirichlet,0.1,0.1,synthetic_domain,42,4
Tomato___Tomato_Yellow_Leaf_Curl_Virus/b499bd1e-7fc6-43cb-a0f3-141b22b1b946___YLCV_GCREC 5292.JPG,35,Tomato___Tomato_Yellow_Leaf_Curl_Virus,3,train,partition::00050824,Tomato___Tomato_Yellow_Leaf_Curl_Virus:::308,feature_dirichlet,0.1,0.1,synthetic_domain,42,2
Tomato___Tomato_Yellow_Leaf_Curl_Virus/b4e8c99e-5cc6-4d94-9ac6-0671c8fe030f___YLCV_GCREC 2011.JPG,35,Tomato___Tomato_Yellow_Leaf_Curl_Virus,3,train,partition::00050789,Tomato___Tomato_Yellow_Leaf_Curl_Virus:::30,feature_dirichlet,0.1,0.1,synthetic_domain,42,4
Tomato___Tomato_Yellow_Leaf_Curl_Virus/b57bfdc6-1769-4976-8d28-14e1c7915b36___YLCV_NREC 2855.JPG,35,Tomato___Tomato_Yellow_Leaf_Curl_Virus,3,train,partition::00051949,Tomato___Tomato_Yellow_Leaf_Curl_Virus:::651,feature_dirichlet,0.1,0.1,synthetic_domain,42,4
Tomato___Tomato_Yellow_Leaf_Curl_Virus/b6d776d1-2edf-4ff2-85fc-30a12a4b01bb___YLCV_GCREC 5295.JPG,35,Tomato___Tomato_Yellow_Leaf_Curl_Virus,3,train,partition::00050824,Tomato___Tomato_Yellow_Leaf_Curl_Virus:::308,feature_dirichlet,0.1,0.1,synthetic_domain,42,2
Tomato___Tomato_Yellow_Leaf_Curl_Virus/c02418ec-6c94-488c-8975-a55990d02124___YLCV_GCREC 1998.JPG,35,Tomato___Tomato_Yellow_Leaf_Curl_Virus,3,train,partition::00051020,Tomato___Tomato_Yellow_Leaf_Curl_Virus:::26,feature_dirichlet,0.1,0.1,synthetic_domain,42,4
Tomato___Tomato_Yellow_Leaf_Curl_Virus/c0c98adc-7585-4d80-a885-5d07b1a554dd___UF.GRC_YLCV_Lab 01445.JPG,35,Tomato___Tomato_Yellow_Leaf_Curl_Virus,3,train,partition::00051039,img::D:/university/do-an-tot-nghiep/train-gd-2/PlantVillage-Dataset/raw/color/Tomato___Tomato_Yellow_Leaf_Curl_Virus/c0c98adc-7585-4d80-a885-5d07b1a554dd___UF.GRC_YLCV_Lab 01445.JPG,feature_dirichlet,0.1,0.1,synthetic_domain,42,4
Tomato___Tomato_Yellow_Leaf_Curl_Virus/c2dccdaf-9ab9-4489-9b06-22d49ed1e2fa___UF.GRC_YLCV_Lab 09354.JPG,35,Tomato___Tomato_Yellow_Leaf_Curl_Virus,3,train,partition::00051070,img::D:/university/do-an-tot-nghiep/train-gd-2/PlantVillage-Dataset/raw/color/Tomato___Tomato_Yellow_Leaf_Curl_Virus/c2dccdaf-9ab9-4489-9b06-22d49ed1e2fa___UF.GRC_YLCV_Lab 09354.JPG,feature_dirichlet,0.1,0.1,synthetic_domain,42,4
Tomato___Tomato_Yellow_Leaf_Curl_Virus/c93faa39-15d1-4a73-98d5-40b0a897a893___YLCV_NREC 2913.JPG,35,Tomato___Tomato_Yellow_Leaf_Curl_Virus,3,train,partition::00051810,Tomato___Tomato_Yellow_Leaf_Curl_Virus:::666,feature_dirichlet,0.1,0.1,synthetic_domain,42,4
Tomato___Tomato_Yellow_Leaf_Curl_Virus/cd80eef1-7643-4b8c-9fc7-ab72d42288e8___UF.GRC_YLCV_Lab 02657.JPG,35,Tomato___Tomato_Yellow_Leaf_Curl_Virus,3,train,partition::00051294,img::D:/university/do-an-tot-nghiep/train-gd-2/PlantVillage-Dataset/raw/color/Tomato___Tomato_Yellow_Leaf_Curl_Virus/cd80eef1-7643-4b8c-9fc7-ab72d42288e8___UF.GRC_YLCV_Lab 02657.JPG,feature_dirichlet,0.1,0.1,synthetic_domain,42,4
Tomato___Tomato_Yellow_Leaf_Curl_Virus/d0fe625a-79fc-4ff1-9303-f1bb3a843a13___UF.GRC_YLCV_Lab 01454.JPG,35,Tomato___Tomato_Yellow_Leaf_Curl_Virus,3,train,partition::00051369,img::D:/university/do-an-tot-nghiep/train-gd-2/PlantVillage-Dataset/raw/color/Tomato___Tomato_Yellow_Leaf_Curl_Virus/d0fe625a-79fc-4ff1-9303-f1bb3a843a13___UF.GRC_YLCV_Lab 01454.JPG,feature_dirichlet,0.1,0.1,synthetic_domain,42,4
Tomato___Tomato_Yellow_Leaf_Curl_Virus/d6eabf40-9977-454d-9165-ef18001c18bb___YLCV_NREC 2151.JPG,35,Tomato___Tomato_Yellow_Leaf_Curl_Virus,3,train,partition::00052027,Tomato___Tomato_Yellow_Leaf_Curl_Virus:::476,feature_dirichlet,0.1,0.1,synthetic_domain,42,4
Tomato___Tomato_Yellow_Leaf_Curl_Virus/d7e92f44-d414-4201-83f7-40663d5e57c2___UF.GRC_YLCV_Lab 03295.JPG,35,Tomato___Tomato_Yellow_Leaf_Curl_Virus,3,train,partition::00051521,img::D:/university/do-an-tot-nghiep/train-gd-2/PlantVillage-Dataset/raw/color/Tomato___Tomato_Yellow_Leaf_Curl_Virus/d7e92f44-d414-4201-83f7-40663d5e57c2___UF.GRC_YLCV_Lab 03295.JPG,feature_dirichlet,0.1,0.1,synthetic_domain,42,2
Tomato___Tomato_Yellow_Leaf_Curl_Virus/d9a67b32-d238-4277-a1d9-b32fef751762___YLCV_GCREC 2145.JPG,35,Tomato___Tomato_Yellow_Leaf_Curl_Virus,3,train,partition::00051552,Tomato___Tomato_Yellow_Leaf_Curl_Virus:::63,feature_dirichlet,0.1,0.1,synthetic_domain,42,4
Tomato___Tomato_Yellow_Leaf_Curl_Virus/dff1fb33-642b-40de-aee4-e34a8ba80aa6___YLCV_NREC 0246.JPG,35,Tomato___Tomato_Yellow_Leaf_Curl_Virus,3,train,partition::00051681,Tomato___Tomato_Yellow_Leaf_Curl_Virus:::417,feature_dirichlet,0.1,0.1,synthetic_domain,42,4
Tomato___Tomato_Yellow_Leaf_Curl_Virus/e5b5d434-c09c-4839-828f-ed6c402b8b0d___YLCV_NREC 2501.JPG,35,Tomato___Tomato_Yellow_Leaf_Curl_Virus,3,train,partition::00051788,Tomato___Tomato_Yellow_Leaf_Curl_Virus:::563,feature_dirichlet,0.1,0.1,synthetic_domain,42,4
Tomato___Tomato_Yellow_Leaf_Curl_Virus/e6be8040-6122-4d04-a9ad-786059a76191___YLCV_NREC 2914.JPG,35,Tomato___Tomato_Yellow_Leaf_Curl_Virus,3,train,partition::00051810,Tomato___Tomato_Yellow_Leaf_Curl_Virus:::666,feature_dirichlet,0.1,0.1,synthetic_domain,42,4
Tomato___Tomato_Yellow_Leaf_Curl_Virus/ee229d8e-8c1e-47a0-8e99-3f2bedf06da3___YLCV_NREC 2853.JPG,35,Tomato___Tomato_Yellow_Leaf_Curl_Virus,3,train,partition::00051949,Tomato___Tomato_Yellow_Leaf_Curl_Virus:::651,feature_dirichlet,0.1,0.1,synthetic_domain,42,4
Tomato___Tomato_Yellow_Leaf_Curl_Virus/f19a2b6c-fbfa-4970-90fd-c3c173a62174___YLCV_NREC 2152.JPG,35,Tomato___Tomato_Yellow_Leaf_Curl_Virus,3,train,partition::00052027,Tomato___Tomato_Yellow_Leaf_Curl_Virus:::476,feature_dirichlet,0.1,0.1,synthetic_domain,42,4
Tomato___Tomato_Yellow_Leaf_Curl_Virus/f2ddfdc3-b25d-4b65-8ff4-d1cc23111899___UF.GRC_YLCV_Lab 03011.JPG,35,Tomato___Tomato_Yellow_Leaf_Curl_Virus,3,train,partition::00052050,img::D:/university/do-an-tot-nghiep/train-gd-2/PlantVillage-Dataset/raw/color/Tomato___Tomato_Yellow_Leaf_Curl_Virus/f2ddfdc3-b25d-4b65-8ff4-d1cc23111899___UF.GRC_YLCV_Lab 03011.JPG,feature_dirichlet,0.1,0.1,synthetic_domain,42,4
Tomato___Tomato_Yellow_Leaf_Curl_Virus/fcdfc17c-1a1b-48df-8612-740f3a50fcbd___UF.GRC_YLCV_Lab 01892.JPG,35,Tomato___Tomato_Yellow_Leaf_Curl_Virus,3,train,partition::00052271,img::D:/university/do-an-tot-nghiep/train-gd-2/PlantVillage-Dataset/raw/color/Tomato___Tomato_Yellow_Leaf_Curl_Virus/fcdfc17c-1a1b-48df-8612-740f3a50fcbd___UF.GRC_YLCV_Lab 01892.JPG,feature_dirichlet,0.1,0.1,synthetic_domain,42,2
Tomato___Tomato_Yellow_Leaf_Curl_Virus/fe2acc0b-2dab-4528-8238-5e81d1999fba___UF.GRC_YLCV_Lab 01553.JPG,35,Tomato___Tomato_Yellow_Leaf_Curl_Virus,3,train,partition::00052299,img::D:/university/do-an-tot-nghiep/train-gd-2/PlantVillage-Dataset/raw/color/Tomato___Tomato_Yellow_Leaf_Curl_Virus/fe2acc0b-2dab-4528-8238-5e81d1999fba___UF.GRC_YLCV_Lab 01553.JPG,feature_dirichlet,0.1,0.1,synthetic_domain,42,4
Tomato___Tomato_Yellow_Leaf_Curl_Virus/fe596e11-7c68-4862-9710-d2ac3e3d2a5e___UF.GRC_YLCV_Lab 09397.JPG,35,Tomato___Tomato_Yellow_Leaf_Curl_Virus,3,train,partition::00052305,img::D:/university/do-an-tot-nghiep/train-gd-2/PlantVillage-Dataset/raw/color/Tomato___Tomato_Yellow_Leaf_Curl_Virus/fe596e11-7c68-4862-9710-d2ac3e3d2a5e___UF.GRC_YLCV_Lab 09397.JPG,feature_dirichlet,0.1,0.1,synthetic_domain,42,4
Tomato___Tomato_Yellow_Leaf_Curl_Virus/fff42f1b-7ec4-46e3-9269-45932e63635e___YLCV_GCREC 2436.JPG,35,Tomato___Tomato_Yellow_Leaf_Curl_Virus,3,train,partition::00052339,Tomato___Tomato_Yellow_Leaf_Curl_Virus:::135,feature_dirichlet,0.1,0.1,synthetic_domain,42,4
Tomato___Tomato_mosaic_virus/0b5e2269-7b37-43ac-9a96-c62b9bba2383___PSU_CG 2243.JPG,36,Tomato___Tomato_mosaic_virus,3,train,partition::00052355,img::D:/university/do-an-tot-nghiep/train-gd-2/PlantVillage-Dataset/raw/color/Tomato___Tomato_mosaic_virus/0b5e2269-7b37-43ac-9a96-c62b9bba2383___PSU_CG 2243.JPG,feature_dirichlet,0.1,0.1,synthetic_domain,42,2
Tomato___Tomato_mosaic_virus/26ea2737-6f69-441b-a5da-7f68ed4e8f5e___PSU_CG 2141.JPG,36,Tomato___Tomato_mosaic_virus,3,train,partition::00052403,img::D:/university/do-an-tot-nghiep/train-gd-2/PlantVillage-Dataset/raw/color/Tomato___Tomato_mosaic_virus/26ea2737-6f69-441b-a5da-7f68ed4e8f5e___PSU_CG 2141.JPG,feature_dirichlet,0.1,0.1,synthetic_domain,42,4
Tomato___Tomato_mosaic_virus/3b0a3f5d-ff2c-4c7b-a8b9-71d8daa6dd4f___PSU_CG 2097.JPG,36,Tomato___Tomato_mosaic_virus,3,train,partition::00052431,img::D:/university/do-an-tot-nghiep/train-gd-2/PlantVillage-Dataset/raw/color/Tomato___Tomato_mosaic_virus/3b0a3f5d-ff2c-4c7b-a8b9-71d8daa6dd4f___PSU_CG 2097.JPG,feature_dirichlet,0.1,0.1,synthetic_domain,42,2
Tomato___Tomato_mosaic_virus/67ccd0d2-9b55-48a7-b093-a616d9c57845___PSU_CG 2307.JPG,36,Tomato___Tomato_mosaic_virus,3,train,partition::00052493,img::D:/university/do-an-tot-nghiep/train-gd-2/PlantVillage-Dataset/raw/color/Tomato___Tomato_mosaic_virus/67ccd0d2-9b55-48a7-b093-a616d9c57845___PSU_CG 2307.JPG,feature_dirichlet,0.1,0.1,synthetic_domain,42,4
Tomato___Tomato_mosaic_virus/6b5eed43-832e-4cca-97eb-534b65635d14___PSU_CG 2050.JPG,36,Tomato___Tomato_mosaic_virus,3,train,partition::00052503,img::D:/university/do-an-tot-nghiep/train-gd-2/PlantVillage-Dataset/raw/color/Tomato___Tomato_mosaic_virus/6b5eed43-832e-4cca-97eb-534b65635d14___PSU_CG 2050.JPG,feature_dirichlet,0.1,0.1,synthetic_domain,42,2
Tomato___Tomato_mosaic_virus/847307bc-58ab-45fc-8001-f1e07a38bc82___PSU_CG 2065.JPG,36,Tomato___Tomato_mosaic_virus,3,train,partition::00052543,img::D:/university/do-an-tot-nghiep/train-gd-2/PlantVillage-Dataset/raw/color/Tomato___Tomato_mosaic_virus/847307bc-58ab-45fc-8001-f1e07a38bc82___PSU_CG 2065.JPG,feature_dirichlet,0.1,0.1,synthetic_domain,42,4
Tomato___Tomato_mosaic_virus/b529189c-a83d-429e-ae68-5281906cd3a7___PSU_CG 2080.JPG,36,Tomato___Tomato_mosaic_virus,3,train,partition::00052609,img::D:/university/do-an-tot-nghiep/train-gd-2/PlantVillage-Dataset/raw/color/Tomato___Tomato_mosaic_virus/b529189c-a83d-429e-ae68-5281906cd3a7___PSU_CG 2080.JPG,feature_dirichlet,0.1,0.1,synthetic_domain,42,2
Tomato___healthy/0172e56c-8bb8-4e75-8ac7-509df81393e8___RS_HL 0580.JPG,37,Tomato___healthy,3,train,partition::00054226,Tomato___healthy:::144,feature_dirichlet,0.1,0.1,synthetic_domain,42,2
Tomato___healthy/06ee1c8d-fbe4-48e9-a1b2-fed7ed5539f7___GH_HL Leaf 293.JPG,37,Tomato___healthy,3,train,partition::00052751,img::D:/university/do-an-tot-nghiep/train-gd-2/PlantVillage-Dataset/raw/color/Tomato___healthy/06ee1c8d-fbe4-48e9-a1b2-fed7ed5539f7___GH_HL Leaf 293.JPG,feature_dirichlet,0.1,0.1,synthetic_domain,42,4
Tomato___healthy/13688c77-f2ad-4f7c-972c-99d70652fac6___RS_HL 0458.JPG,37,Tomato___healthy,3,train,partition::00053986,Tomato___healthy:::114,feature_dirichlet,0.1,0.1,synthetic_domain,42,4
Tomato___healthy/19787f8b-a78e-4cf2-8fb2-3aae59b20c47___RS_HL 0456.JPG,37,Tomato___healthy,3,train,partition::00053986,Tomato___healthy:::114,feature_dirichlet,0.1,0.1,synthetic_domain,42,4
Tomato___healthy/237ec7d7-d96f-434d-8a94-250ec92c8e86___RS_HL 0457.JPG,37,Tomato___healthy,3,train,partition::00053986,Tomato___healthy:::114,feature_dirichlet,0.1,0.1,synthetic_domain,42,4
Tomato___healthy/2ea87b73-a52b-4a4c-938f-4ce06335d171___GH_HL Leaf 177.1.JPG,37,Tomato___healthy,3,train,partition::00053014,img::D:/university/do-an-tot-nghiep/train-gd-2/PlantVillage-Dataset/raw/color/Tomato___healthy/2ea87b73-a52b-4a4c-938f-4ce06335d171___GH_HL Leaf 177.1.JPG,feature_dirichlet,0.1,0.1,synthetic_domain,42,4
Tomato___healthy/6c125a79-9b14-4a91-8f03-342910c7fe57___GH_HL Leaf 433.JPG,37,Tomato___healthy,3,train,partition::00053404,img::D:/university/do-an-tot-nghiep/train-gd-2/PlantVillage-Dataset/raw/color/Tomato___healthy/6c125a79-9b14-4a91-8f03-342910c7fe57___GH_HL Leaf 433.JPG,feature_dirichlet,0.1,0.1,synthetic_domain,42,4
Tomato___healthy/824d057f-080b-4b9e-ae96-e91d5bdf3b98___RS_HL 0380.JPG,37,Tomato___healthy,3,train,partition::00054143,Tomato___healthy:::95,feature_dirichlet,0.1,0.1,synthetic_domain,42,4
Tomato___healthy/8ccf22b2-53fe-4886-b88d-d65aa0cf7252___GH_HL Leaf 196.1.JPG,37,Tomato___healthy,3,train,partition::00053613,img::D:/university/do-an-tot-nghiep/train-gd-2/PlantVillage-Dataset/raw/color/Tomato___healthy/8ccf22b2-53fe-4886-b88d-d65aa0cf7252___GH_HL Leaf 196.1.JPG,feature_dirichlet,0.1,0.1,synthetic_domain,42,4
Tomato___healthy/8f009cfa-d6f0-4e8b-8950-71638f04d2c1___RS_HL 0582.JPG,37,Tomato___healthy,3,train,partition::00054226,Tomato___healthy:::144,feature_dirichlet,0.1,0.1,synthetic_domain,42,2
Tomato___healthy/9e0cd9db-f893-4426-b195-5643b55e0a8d___RS_HL 0379.JPG,37,Tomato___healthy,3,train,partition::00054143,Tomato___healthy:::95,feature_dirichlet,0.1,0.1,synthetic_domain,42,4
Tomato___healthy/aeff16e4-99f8-4111-ac3b-b69dcc4c7b2c___RS_HL 0581.JPG,37,Tomato___healthy,3,train,partition::00054226,Tomato___healthy:::144,feature_dirichlet,0.1,0.1,synthetic_domain,42,2
Tomato___healthy/c2c1758f-3576-4e8a-9853-5f11ac4d20d6___GH_HL Leaf 316.1.JPG,37,Tomato___healthy,3,train,partition::00053933,img::D:/university/do-an-tot-nghiep/train-gd-2/PlantVillage-Dataset/raw/color/Tomato___healthy/c2c1758f-3576-4e8a-9853-5f11ac4d20d6___GH_HL Leaf 316.1.JPG,feature_dirichlet,0.1,0.1,synthetic_domain,42,4
Tomato___healthy/c6acee22-6c56-41a8-ae90-26c6064e0261___GH_HL Leaf 468.JPG,37,Tomato___healthy,3,train,partition::00053960,img::D:/university/do-an-tot-nghiep/train-gd-2/PlantVillage-Dataset/raw/color/Tomato___healthy/c6acee22-6c56-41a8-ae90-26c6064e0261___GH_HL Leaf 468.JPG,feature_dirichlet,0.1,0.1,synthetic_domain,42,4
Tomato___healthy/caab6cf8-07a8-422a-84e9-3311f85d2427___RS_HL 0455.JPG,37,Tomato___healthy,3,train,partition::00053986,Tomato___healthy:::114,feature_dirichlet,0.1,0.1,synthetic_domain,42,4
Tomato___healthy/d5633146-eac5-49e6-a6b4-8562aa7d1a1f___GH_HL Leaf 283.1.JPG,37,Tomato___healthy,3,train,partition::00054053,img::D:/university/do-an-tot-nghiep/train-gd-2/PlantVillage-Dataset/raw/color/Tomato___healthy/d5633146-eac5-49e6-a6b4-8562aa7d1a1f___GH_HL Leaf 283.1.JPG,feature_dirichlet,0.1,0.1,synthetic_domain,42,4
Tomato___healthy/da1015eb-5c8e-436d-b367-d1f98a034e44___RS_HL 0382.JPG,37,Tomato___healthy,3,train,partition::00054143,Tomato___healthy:::95,feature_dirichlet,0.1,0.1,synthetic_domain,42,4
Tomato___healthy/e2f520b1-ac21-445b-9a3f-cb6e506e3044___RS_HL 0381.JPG,37,Tomato___healthy,3,train,partition::00054143,Tomato___healthy:::95,feature_dirichlet,0.1,0.1,synthetic_domain,42,4
Tomato___healthy/efe6c986-b85c-40f1-8cb5-345acbb36b71___RS_HL 0579.JPG,37,Tomato___healthy,3,train,partition::00054226,Tomato___healthy:::144,feature_dirichlet,0.1,0.1,synthetic_domain,42,2
